Query_ID,System,Query,Intent,Gold_Relevant_IDs,Retrieved_Top_5,First_Hit_Rank,Hit@1,Hit@3,Hit@5,Hit@10,Recall@5,Recall@10,MRR,NDCG@5,NDCG@10
RET_001,Exp 1: BM25 Only,What constitutional remedies are available under Article 32 for fundamental rights violations?,RIGHTS_QUERY,parent_const_art_32; parent_const_art_032,parent_const_art_032; parent_case_sc_bandhua_mukti_1984; parent_case_sc_golak_nath_1967; parent_case_sc_shirur_mutt_1954; parent_const_art_012,1,1.0,1.0,1.0,1.0,0.5,0.5,1.0,0.2754,0.2754
RET_002,Exp 1: BM25 Only,What does Article 21 guarantee regarding protection of life and personal liberty?,ARTICLE_LOOKUP,parent_const_art_21; parent_const_art_021,parent_const_art_021; parent_case_sc_francis_coralie_1981; parent_case_sc_maneka_gandhi_1978; parent_const_art_020; parent_const_art_359,1,1.0,1.0,1.0,1.0,0.5,0.5,1.0,0.2754,0.2754
RET_003,Exp 1: BM25 Only,Explain equality before law and equal protection of the laws under Article 14,ARTICLE_LOOKUP,parent_const_art_014; parent_const_art_14,parent_const_art_014; parent_case_sc_royappa_1974; parent_const_art_004; parent_const_art_022; parent_case_sc_supriyo_2023,1,1.0,1.0,1.0,1.0,0.5,0.5,1.0,0.2754,0.2754
RET_004,Exp 1: BM25 Only,What six fundamental freedoms are guaranteed to citizens under Article 19?,RIGHTS_QUERY,parent_const_art_019; parent_const_art_19,parent_const_art_358; parent_case_sc_shirur_mutt_1954; parent_const_art_051a; parent_case_sc_chintaman_rao_1951; parent_case_sc_puttaswamy_privacy_2017,Not Found (>10),0.0,0.0,0.0,0.0,0.0,0.0,0.0,0.0,0.0
RET_005,Exp 1: BM25 Only,What are the core ideals and objectives set out in the Preamble of the Constitution?,ARTICLE_LOOKUP,parent_const_preamble,parent_const_preamble; parent_const_art_051a; parent_const_art_047; parent_case_sc_shirur_mutt_1954; parent_const_art_012,1,1.0,1.0,1.0,1.0,1.0,1.0,1.0,1.0,1.0
RET_006,Exp 1: BM25 Only,How is the term State defined under Article 12 for the purpose of Part III?,ARTICLE_LOOKUP,parent_const_art_012; parent_const_art_12,parent_const_art_056; parent_const_art_036; parent_const_art_359; parent_const_art_012; parent_const_art_226,4,0.0,0.0,1.0,1.0,0.5,0.5,0.25,0.1186,0.1186
RET_007,Exp 1: BM25 Only,What does Article 21A provide regarding the fundamental right to free and compulsory education?,RIGHTS_QUERY,parent_const_art_21A; parent_const_art_021a,parent_const_art_021a; parent_amend_086; parent_const_art_051a; parent_case_sc_subhash_kumar_1991; parent_const_art_045,1,1.0,1.0,1.0,1.0,0.5,0.5,1.0,0.2754,0.2754
RET_008,Exp 1: BM25 Only,Explain the power of Parliament to amend the Constitution and procedure under Article 368,AMENDMENT_QUERY,parent_const_art_368,parent_const_art_368; parent_amend_024; parent_const_art_105; parent_case_sc_kesavananda_1973; parent_const_art_035,1,1.0,1.0,1.0,1.0,1.0,1.0,1.0,1.0,1.0
RET_009,Exp 1: BM25 Only,What was the historical scope and special status granted under Article 370?,ARTICLE_LOOKUP,parent_const_art_370,parent_case_sc_article_370_2023; parent_const_art_370; parent_const_art_074; parent_const_art_371; parent_const_art_371a,2,0.0,1.0,1.0,1.0,1.0,1.0,0.5,0.6309,0.6309
RET_010,Exp 1: BM25 Only,Explain the landmark ruling in Kesavananda Bharati regarding the basic structure doctrine,CASE_LAW_QUERY,parent_case_kesavananda; parent_const_art_368; parent_case_sc_kesavananda_1973,parent_case_sc_kesavananda_1973; parent_const_art_013; parent_case_sc_waman_rao_1981; parent_const_art_368; parent_const_preamble,1,1.0,1.0,1.0,1.0,0.6667,0.6667,1.0,0.3463,0.3463
RET_011,Exp 1: BM25 Only,What did the Supreme Court hold in Justice KS Puttaswamy regarding right to privacy under Article 21?,CASE_LAW_QUERY,parent_const_art_21; parent_case_puttaswamy; parent_case_sc_puttaswamy_privacy_2017; parent_const_art_021,parent_case_sc_puttaswamy_privacy_2017; parent_const_art_021; parent_case_sc_francis_coralie_1981; parent_case_sc_puttaswamy_aadhaar_2018; parent_case_sc_mp_sharma_1954,1,1.0,1.0,1.0,1.0,0.5,0.5,1.0,0.3575,0.3575
RET_012,Exp 1: BM25 Only,What were the facts and ratio decidendi of Maneka Gandhi v Union of India on personal liberty?,CASE_LAW_QUERY,parent_const_art_019; parent_case_sc_maneka_gandhi_1978; parent_const_art_021; parent_const_art_19; parent_case_maneka; parent_const_art_014; parent_const_art_21; parent_const_art_14,parent_case_sc_maneka_gandhi_1978; parent_const_art_021; parent_case_sc_rameshwar_prasad_2006; parent_case_sc_puttaswamy_privacy_2017; parent_case_sc_selvi_2010,1,1.0,1.0,1.0,1.0,0.25,0.25,1.0,0.3296,0.2739
RET_013,Exp 1: BM25 Only,How did Minerva Mills v Union of India reinforce Kesavananda Bharati and strike down unamendable clauses?,CASE_LAW_QUERY,parent_case_minerva; parent_const_art_368; parent_case_sc_kesavananda_1973; parent_case_kesavananda; parent_case_sc_minerva_mills_1980,parent_const_art_031c; parent_case_sc_minerva_mills_1980; parent_case_sc_kesavananda_1973; parent_const_art_368,2,0.0,1.0,1.0,1.0,0.6,0.6,0.5,0.3156,0.3156
RET_014,Exp 1: BM25 Only,What guidelines were established in SR Bommai regarding President Rule and secularism?,CASE_LAW_QUERY,parent_case_bommai; parent_case_sc_sr_bommai_1994,parent_const_art_356; parent_case_sc_sr_bommai_1994; parent_case_sc_dk_basu_1997; parent_const_art_074; parent_case_sc_pucl_phone_tapping_1997,2,0.0,1.0,1.0,1.0,0.5,0.5,0.5,0.1738,0.1738
RET_015,Exp 1: BM25 Only,Can Parliament amend fundamental rights to destroy the basic structure of the Constitution?,AMENDMENT_QUERY,parent_case_kesavananda; parent_const_art_368; parent_case_sc_kesavananda_1973,parent_const_art_368; parent_case_sc_kesavananda_1973; parent_const_preamble; parent_case_sc_chandra_kumar_1997; parent_const_art_013,1,1.0,1.0,1.0,1.0,0.6667,0.6667,1.0,0.3948,0.3948
RET_016,Exp 1: BM25 Only,Is privacy recognized as an intrinsic part of the right to life and liberty in India?,RIGHTS_QUERY,parent_case_puttaswamy; parent_const_art_21; parent_case_sc_puttaswamy_privacy_2017; parent_const_art_021,parent_case_sc_puttaswamy_privacy_2017; parent_const_art_021; parent_case_sc_olga_tellis_1985; parent_case_sc_maneka_gandhi_1978; parent_case_sc_nalsa_2014,1,1.0,1.0,1.0,1.0,0.5,0.5,1.0,0.3575,0.3575
RET_017,Exp 1: BM25 Only,"Explain the interconnected golden triangle of fundamental rights under Articles 14, 19 and 21",LEGAL_EXPLANATION,parent_const_art_019; parent_case_sc_maneka_gandhi_1978; parent_const_art_021; parent_const_art_19; parent_case_maneka; parent_const_art_014; parent_const_art_21; parent_const_art_14,parent_case_sc_maneka_gandhi_1978; parent_case_sc_kharak_singh_1963; parent_case_sc_nalsa_2014; parent_const_art_359; parent_case_sc_ir_coelho_2007,1,1.0,1.0,1.0,1.0,0.125,0.125,1.0,0.2021,0.168
RET_018,Exp 1: BM25 Only,How is secularism protected under the Constitution as affirmed in SR Bommai and Preamble?,LEGAL_EXPLANATION,parent_const_preamble; parent_case_bommai; parent_case_sc_sr_bommai_1994,parent_const_preamble; parent_case_sc_sr_bommai_1994; parent_const_art_356; parent_case_sc_berubari_1960; parent_case_sc_kesavananda_1973,1,1.0,1.0,1.0,1.0,0.6667,0.6667,1.0,0.879,0.879
RET_019,Exp 1: BM25 Only,"Writ jurisdiction of the Supreme Court to issue directions, orders or writs under Article 32",RIGHTS_QUERY,parent_const_art_32; parent_const_art_032,parent_const_art_032; parent_const_art_226; parent_const_art_137; parent_const_art_142; parent_case_sc_chandra_kumar_1997,1,1.0,1.0,1.0,1.0,0.5,0.5,1.0,0.2754,0.2754
RET_020,Exp 1: BM25 Only,What is the procedure established by law versus substantive due process post Maneka Gandhi?,CASE_COMPARISON,parent_const_art_21; parent_case_sc_maneka_gandhi_1978; parent_const_art_021; parent_case_maneka,parent_case_sc_maneka_gandhi_1978; parent_const_art_021; parent_case_sc_ak_gopalan_1950; parent_const_art_014,1,1.0,1.0,1.0,1.0,0.5,0.5,1.0,0.3575,0.3575
RET_021,Exp 1: BM25 Only,What does Article 13 provide regarding laws inconsistent with or in derogation of fundamental rights?,RIGHTS_QUERY,parent_const_art_013; parent_const_art_13,parent_const_art_013; parent_const_art_031c; parent_case_sc_francis_coralie_1981; parent_const_art_031b; parent_case_sc_shankari_prasad_1951,1,1.0,1.0,1.0,1.0,0.5,0.5,1.0,0.8262,0.8262
RET_022,Exp 1: BM25 Only,"What protections against discrimination on grounds of religion, race, caste, sex or place of birth are provided in Article 15?",RIGHTS_QUERY,parent_const_art_15; parent_const_art_015,parent_const_art_015; parent_const_art_016; parent_const_art_023,1,1.0,1.0,1.0,1.0,0.5,0.5,1.0,0.8262,0.8262
RET_023,Exp 1: BM25 Only,Explain equality of opportunity in matters of public employment and reservation under Article 16,RIGHTS_QUERY,parent_const_art_16; parent_const_art_016,parent_const_art_016; parent_amend_103; parent_case_sc_nagaraj_2006,1,1.0,1.0,1.0,1.0,0.5,0.5,1.0,0.8262,0.8262
RET_024,Exp 1: BM25 Only,What does Article 17 state regarding the abolition of untouchability and its enforcement?,RIGHTS_QUERY,parent_const_art_17; parent_const_art_017,parent_const_art_017; parent_amend_001; parent_case_sc_royappa_1974; parent_case_sc_francis_coralie_1981; parent_const_art_047,1,1.0,1.0,1.0,1.0,0.5,0.5,1.0,0.8262,0.8262
RET_025,Exp 1: BM25 Only,Explain the abolition of titles and prohibitions on accepting foreign titles under Article 18,ARTICLE_LOOKUP,parent_const_art_018; parent_const_art_18,parent_const_art_018; parent_const_art_326; parent_const_art_001; parent_amend_001; parent_const_art_017,1,1.0,1.0,1.0,1.0,0.5,0.5,1.0,0.8262,0.8262
RET_026,Exp 1: BM25 Only,What protections in respect of conviction for offences including ex-post facto laws and double jeopardy are in Article 20?,RIGHTS_QUERY,parent_const_art_20; parent_const_art_020,parent_const_art_020; parent_const_art_035; parent_const_art_245; parent_const_art_246,1,1.0,1.0,1.0,1.0,0.5,0.5,1.0,0.8262,0.8262
RET_027,Exp 1: BM25 Only,What safeguards against arrest and preventive detention are guaranteed under Article 22?,RIGHTS_QUERY,parent_const_art_022; parent_const_art_22,parent_const_art_022; parent_case_sc_ak_gopalan_1950; parent_case_sc_dk_basu_1997; parent_case_sc_shirur_mutt_1954,1,1.0,1.0,1.0,1.0,0.5,0.5,1.0,0.8262,0.8262
RET_028,Exp 1: BM25 Only,Explain the prohibition of traffic in human beings and forced labour under Article 23,RIGHTS_QUERY,parent_const_art_23; parent_const_art_023,parent_const_art_023; parent_const_art_024; parent_const_art_035; parent_case_sc_bandhua_mukti_1984; parent_const_art_047,1,1.0,1.0,1.0,1.0,0.5,0.5,1.0,0.8262,0.8262
RET_029,Exp 1: BM25 Only,What does Article 24 prescribe regarding prohibition of employment of children in factories and hazardous work?,RIGHTS_QUERY,parent_const_art_024; parent_const_art_24,parent_const_art_024; parent_const_art_042; parent_const_art_015; parent_case_sc_mc_mehta_oleum_1987; parent_const_art_039,1,1.0,1.0,1.0,1.0,0.5,0.5,1.0,0.8262,0.8262
RET_030,Exp 1: BM25 Only,"Explain freedom of conscience and free profession, practice and propagation of religion under Article 25",RIGHTS_QUERY,parent_const_art_025; parent_const_art_25,parent_const_art_025; parent_case_sc_romesh_thappar_1950; parent_const_art_301; parent_case_sc_sabarimala_2018; parent_const_art_019,1,1.0,1.0,1.0,1.0,0.5,0.5,1.0,0.8262,0.8262
RET_031,Exp 1: BM25 Only,What rights are guaranteed to religious denominations to manage religious affairs under Article 26?,RIGHTS_QUERY,parent_const_art_026; parent_const_art_26,parent_const_art_026; parent_case_sc_shirur_mutt_1954; parent_case_sc_syedna_taher_1962; parent_const_art_025; parent_const_art_028,1,1.0,1.0,1.0,1.0,0.5,0.5,1.0,0.8262,0.8262
RET_032,Exp 1: BM25 Only,Explain freedom as to payment of taxes for promotion of any particular religion under Article 27,RIGHTS_QUERY,parent_const_art_27; parent_const_art_027,parent_const_art_027; parent_const_art_025; parent_const_art_038; parent_const_art_015; parent_const_art_016,1,1.0,1.0,1.0,1.0,0.5,0.5,1.0,0.8262,0.8262
RET_033,Exp 1: BM25 Only,What provisions govern attendance at religious instruction or religious worship in educational institutions under Article 28?,ARTICLE_LOOKUP,parent_const_art_28; parent_const_art_028,parent_const_art_028; parent_case_sc_shirur_mutt_1954; parent_const_art_026; parent_const_art_015; parent_const_art_030,1,1.0,1.0,1.0,1.0,0.5,0.5,1.0,0.8262,0.8262
RET_034,Exp 1: BM25 Only,"How does Article 29 protect the interests of minorities having distinct language, script or culture?",RIGHTS_QUERY,parent_const_art_29; parent_const_art_029,parent_const_art_029; parent_const_art_030; parent_const_art_046; parent_const_art_019; parent_case_sc_champakam_1951,1,1.0,1.0,1.0,1.0,0.5,0.5,1.0,0.8262,0.8262
RET_035,Exp 1: BM25 Only,What rights are conferred on religious and linguistic minorities to establish and administer educational institutions under Article 30?,RIGHTS_QUERY,parent_const_art_30; parent_const_art_030,parent_const_art_030; parent_const_art_029; parent_const_art_026; parent_case_sc_tma_pai_2002; parent_const_art_028,1,1.0,1.0,1.0,1.0,0.5,0.5,1.0,0.8262,0.8262
RET_036,Exp 1: BM25 Only,What power does Parliament have to modify fundamental rights in their application to armed forces under Article 33?,CONSTITUTIONAL_PROCEDURE,parent_const_art_33; parent_const_art_033,parent_const_art_033; parent_const_art_035; parent_const_art_053; parent_const_art_136; parent_case_sc_golak_nath_1967,1,1.0,1.0,1.0,1.0,0.5,0.5,1.0,0.8262,0.8262
RET_037,Exp 1: BM25 Only,Explain restrictions on fundamental rights while martial law is in force in any area under Article 34,CONSTITUTIONAL_PROCEDURE,parent_const_art_34; parent_const_art_034,parent_const_art_034; parent_const_art_013; parent_const_art_019; parent_const_art_026; parent_const_art_020,1,1.0,1.0,1.0,1.0,0.5,0.5,1.0,0.8262,0.8262
RET_038,Exp 1: BM25 Only,What legislation is required to give effect to the provisions of Part III under Article 35?,CONSTITUTIONAL_PROCEDURE,parent_const_art_035; parent_const_art_35,parent_const_art_035; parent_const_art_004; parent_const_art_360; parent_const_art_031c; parent_const_art_359,1,1.0,1.0,1.0,1.0,0.5,0.5,1.0,0.8262,0.8262
RET_039,Exp 1: BM25 Only,How is the definition of State applied to Part IV Directive Principles under Article 36?,DEFINITION_QUERY,parent_const_art_36; parent_const_art_036,parent_const_art_036; parent_const_art_031c; parent_const_art_037; parent_case_sc_minerva_mills_1980; parent_case_sc_champakam_1951,1,1.0,1.0,1.0,1.0,0.5,0.5,1.0,0.8262,0.8262
RET_040,Exp 1: BM25 Only,Explain the application and non-justiciability of the principles contained in Part IV under Article 37,LEGAL_EXPLANATION,parent_const_art_037; parent_const_art_37,parent_const_art_037; parent_const_art_031c; parent_const_art_036; parent_case_sc_maneka_gandhi_1978; parent_const_art_005,1,1.0,1.0,1.0,1.0,0.5,0.5,1.0,0.8262,0.8262
RET_041,Exp 1: BM25 Only,What does Article 38 mandate regarding the State securing a social order for the promotion of welfare of the people?,LEGAL_EXPLANATION,parent_const_art_38; parent_const_art_038,parent_const_art_038; parent_const_art_046; parent_const_art_019; parent_case_sc_francis_coralie_1981; parent_case_sc_royappa_1974,1,1.0,1.0,1.0,1.0,0.5,0.5,1.0,0.8262,0.8262
RET_042,Exp 1: BM25 Only,What specific principles of policy such as distribution of material resources and equal pay are laid down in Article 39?,LEGAL_EXPLANATION,parent_const_art_039; parent_const_art_39,parent_const_art_039; parent_const_art_037; parent_const_art_031c; parent_const_art_027; parent_case_sc_romesh_thappar_1950,1,1.0,1.0,1.0,1.0,0.5,0.5,1.0,0.8262,0.8262
RET_043,Exp 1: BM25 Only,Explain the mandate for equal justice and free legal aid under Article 39A,RIGHTS_QUERY,parent_const_art_39a; parent_const_art_039a,parent_const_art_039a; parent_case_sc_hussainara_khatoon_1979; parent_amend_042; parent_const_art_014; parent_const_art_039,1,1.0,1.0,1.0,1.0,0.5,0.5,1.0,0.8262,0.8262
RET_044,Exp 1: BM25 Only,What does Article 40 direct the State to do regarding the organisation of village panchayats?,CONSTITUTIONAL_PROCEDURE,parent_const_art_040; parent_const_art_40,parent_const_art_040; parent_case_sc_francis_coralie_1981; parent_case_sc_royappa_1974; parent_case_sc_waman_rao_1981; parent_case_sc_r_rajagopal_1994,1,1.0,1.0,1.0,1.0,0.5,0.5,1.0,0.8262,0.8262
RET_045,Exp 1: BM25 Only,"Explain the right to work, to education and to public assistance in cases of unemployment or old age under Article 41",LEGAL_EXPLANATION,parent_const_art_41; parent_const_art_041,parent_const_art_041; parent_const_art_021a; parent_const_art_045; parent_const_art_051a; parent_amend_086,1,1.0,1.0,1.0,1.0,0.5,0.5,1.0,0.8262,0.8262
RET_046,Exp 1: BM25 Only,What provision does Article 42 make for just and humane conditions of work and maternity relief?,LEGAL_EXPLANATION,parent_const_art_042; parent_const_art_42,parent_const_art_042; parent_const_art_041; parent_const_art_043; parent_const_art_217; parent_const_art_039,1,1.0,1.0,1.0,1.0,0.5,0.5,1.0,0.8262,0.8262
RET_047,Exp 1: BM25 Only,Explain the concept of living wage and decent standard of life for workers under Article 43,LEGAL_EXPLANATION,parent_const_art_43; parent_const_art_043,parent_const_art_043; parent_const_art_047; parent_const_art_023; parent_const_art_048a; parent_case_sc_subhash_kumar_1991,1,1.0,1.0,1.0,1.0,0.5,0.5,1.0,0.8262,0.8262
RET_048,Exp 1: BM25 Only,What does Article 43A provide regarding participation of workers in management of industries?,LEGAL_EXPLANATION,parent_const_art_43a; parent_const_art_043a,parent_const_art_043a; parent_amend_042; parent_case_sc_royappa_1974; parent_case_sc_francis_coralie_1981; parent_const_art_043,1,1.0,1.0,1.0,1.0,0.5,0.5,1.0,0.8262,0.8262
RET_049,Exp 1: BM25 Only,Explain the promotion of cooperative societies under Article 43B,LEGAL_EXPLANATION,parent_const_art_43b; parent_const_art_043b,parent_case_sc_pradeep_biswas_2002; parent_const_art_027; parent_const_art_038; parent_const_art_016; parent_const_art_051,Not Found (>10),0.0,0.0,0.0,0.0,0.0,0.0,0.0,0.0,0.0
RET_050,Exp 1: BM25 Only,What directive does Article 44 provide regarding securing a Uniform Civil Code for citizens?,LEGAL_EXPLANATION,parent_const_art_044; parent_const_art_44,parent_const_art_044; parent_case_sc_shah_bano_1985; parent_case_sc_pucl_phone_tapping_1997; parent_case_sc_pucl_nota_2013; parent_case_sc_royappa_1974,1,1.0,1.0,1.0,1.0,0.5,0.5,1.0,0.8262,0.8262
RET_051,Exp 1: BM25 Only,What does Article 45 direct regarding early childhood care and education to children below age six?,LEGAL_EXPLANATION,parent_const_art_45; parent_const_art_045,parent_const_art_045; parent_amend_086; parent_const_art_021a; parent_const_art_051a; parent_const_art_024,1,1.0,1.0,1.0,1.0,0.5,0.5,1.0,0.8262,0.8262
RET_052,Exp 1: BM25 Only,How does Article 46 mandate promotion of educational and economic interests of Scheduled Castes and Scheduled Tribes?,LEGAL_EXPLANATION,parent_const_art_046; parent_const_art_46,parent_const_art_046; parent_amend_104; parent_const_art_015; parent_const_art_016; parent_const_art_019,1,1.0,1.0,1.0,1.0,0.5,0.5,1.0,0.8262,0.8262
RET_053,Exp 1: BM25 Only,"Explain the duty of the State to raise the level of nutrition, standard of living and improve public health under Article 47",LEGAL_EXPLANATION,parent_const_art_47; parent_const_art_047,parent_const_art_047; parent_const_art_048a; parent_const_art_025; parent_const_art_355; parent_const_art_043,1,1.0,1.0,1.0,1.0,0.5,0.5,1.0,0.8262,0.8262
RET_054,Exp 1: BM25 Only,What does Article 48 direct regarding organisation of agriculture and animal husbandry and slaughter prohibition?,LEGAL_EXPLANATION,parent_const_art_048; parent_const_art_48,parent_const_art_048; parent_case_sc_jallikattu_2014; parent_const_art_040; parent_const_art_301; parent_const_art_023,1,1.0,1.0,1.0,1.0,0.5,0.5,1.0,0.8262,0.8262
RET_055,Exp 1: BM25 Only,Explain the mandate under Article 48A for protection and improvement of environment and safeguarding of forests and wildlife,LEGAL_EXPLANATION,parent_const_art_48a; parent_const_art_048a,parent_const_art_048a; parent_const_art_049; parent_const_art_051a; parent_const_art_047; parent_const_art_021,1,1.0,1.0,1.0,1.0,0.5,0.5,1.0,0.8262,0.8262
RET_056,Exp 1: BM25 Only,What obligation does Article 49 place on the State to protect monuments and places of national importance?,ARTICLE_LOOKUP,parent_const_art_049; parent_const_art_49,parent_const_art_049; parent_const_art_015; parent_const_art_355; parent_const_art_048a; parent_const_art_051a,1,1.0,1.0,1.0,1.0,0.5,0.5,1.0,0.8262,0.8262
RET_057,Exp 1: BM25 Only,Explain the constitutional principle of separation of judiciary from executive in the public services under Article 50,LEGAL_EXPLANATION,parent_const_art_050; parent_const_art_50,parent_const_art_050; parent_const_art_016; parent_const_art_010; parent_const_art_073; parent_case_sc_vellore_citizens_1996,1,1.0,1.0,1.0,1.0,0.5,0.5,1.0,0.8262,0.8262
RET_058,Exp 1: BM25 Only,What objectives does Article 51 set out for promotion of international peace and security and treaty obligations?,LEGAL_EXPLANATION,parent_const_art_51; parent_const_art_051,parent_const_art_051; parent_const_art_046; parent_case_sc_pramati_trust_2014; parent_const_art_047; parent_const_art_036,1,1.0,1.0,1.0,1.0,0.5,0.5,1.0,0.8262,0.8262
RET_059,Exp 1: BM25 Only,List the fundamental duties of citizens enumerated under Article 51A of Part IVA,ARTICLE_LOOKUP,parent_const_art_51a; parent_const_art_051a,parent_amend_042; parent_const_art_051a; parent_const_art_246; parent_const_art_248,2,0.0,1.0,1.0,1.0,0.5,0.5,0.5,0.5213,0.5213
RET_060,Exp 1: BM25 Only,How did the 42nd Amendment introduce Fundamental Duties under Part IVA?,AMENDMENT_QUERY,parent_amend_042; parent_const_art_51a; parent_const_art_051a,parent_amend_042; parent_case_sc_sajjan_singh_1965; parent_const_art_051a; parent_amend_099; parent_const_art_043a,1,1.0,1.0,1.0,1.0,0.6667,0.6667,1.0,0.6052,0.6052
RET_061,Exp 1: BM25 Only,What does Article 52 declare regarding the President of India?,ARTICLE_LOOKUP,parent_const_art_52; parent_const_art_052,parent_const_art_052; parent_case_sc_francis_coralie_1981; parent_case_sc_royappa_1974; parent_const_art_370; parent_const_art_074,1,1.0,1.0,1.0,1.0,0.5,0.5,1.0,0.8262,0.8262
RET_062,Exp 1: BM25 Only,In whom is the executive power of the Union vested under Article 53?,CONSTITUTIONAL_PROCEDURE,parent_const_art_053; parent_const_art_53,parent_const_art_053; parent_const_art_154; parent_const_art_073; parent_case_sc_chandra_kumar_1997,1,1.0,1.0,1.0,1.0,0.5,0.5,1.0,0.8262,0.8262
RET_063,Exp 1: BM25 Only,Explain the pardoning powers of the President under Article 72 including suspension or remission of sentence,CONSTITUTIONAL_PROCEDURE,parent_const_art_072; parent_const_art_72,parent_const_art_072; parent_const_art_356; parent_const_art_129; parent_const_art_123; parent_const_art_245,1,1.0,1.0,1.0,1.0,0.5,0.5,1.0,0.8262,0.8262
RET_064,Exp 1: BM25 Only,What role does the Council of Ministers play in aiding and advising the President under Article 74?,CONSTITUTIONAL_PROCEDURE,parent_const_art_074; parent_const_art_74,parent_const_art_074; parent_case_sc_nct_delhi_2018; parent_const_art_075; parent_const_art_163,1,1.0,1.0,1.0,1.0,0.5,0.5,1.0,0.8262,0.8262
RET_065,Exp 1: BM25 Only,Explain the appointment and tenure of the Prime Minister and Ministers under Article 75,CONSTITUTIONAL_PROCEDURE,parent_const_art_075; parent_const_art_75,parent_const_art_075; parent_const_art_074; parent_const_art_078; parent_amend_101; parent_amend_091,1,1.0,1.0,1.0,1.0,0.5,0.5,1.0,0.8262,0.8262
RET_066,Exp 1: BM25 Only,What are the duties and qualifications of the Attorney-General for India under Article 76?,ARTICLE_LOOKUP,parent_const_art_076; parent_const_art_76,parent_const_art_076; parent_const_art_051a; parent_const_art_047; parent_const_art_165; parent_const_art_019,1,1.0,1.0,1.0,1.0,0.5,0.5,1.0,0.8262,0.8262
RET_067,Exp 1: BM25 Only,How is the Supreme Court of India established and judges appointed under Article 124?,CONSTITUTIONAL_PROCEDURE,parent_const_art_124,parent_const_art_124; parent_case_sc_second_judges_1993; parent_const_art_217; parent_case_sc_third_judges_1998; parent_case_sc_first_judges_1981,1,1.0,1.0,1.0,1.0,1.0,1.0,1.0,1.0,1.0
RET_068,Exp 1: BM25 Only,Explain the status of the Supreme Court as a Court of Record and power to punish for contempt under Article 129,ARTICLE_LOOKUP,parent_const_art_129,parent_const_art_129; parent_const_art_215; parent_const_art_143; parent_const_art_124; parent_const_art_137,1,1.0,1.0,1.0,1.0,1.0,1.0,1.0,1.0,1.0
RET_069,Exp 1: BM25 Only,What is the original jurisdiction of the Supreme Court in federal disputes under Article 131?,CONSTITUTIONAL_PROCEDURE,parent_const_art_131,parent_const_art_131; parent_const_art_124; parent_const_art_134; parent_const_art_071; parent_const_art_143,1,1.0,1.0,1.0,1.0,1.0,1.0,1.0,1.0,1.0
RET_070,Exp 1: BM25 Only,Explain the appellate jurisdiction of the Supreme Court in constitutional cases under Article 132,CONSTITUTIONAL_PROCEDURE,parent_const_art_132,parent_const_art_132; parent_const_art_134; parent_const_art_133; parent_const_art_136; parent_const_art_131,1,1.0,1.0,1.0,1.0,1.0,1.0,1.0,1.0,1.0
RET_071,Exp 1: BM25 Only,What is Special Leave to Appeal under Article 136 and when can the Supreme Court exercise it?,CONSTITUTIONAL_PROCEDURE,parent_const_art_136,parent_const_art_136; parent_const_art_143; parent_const_art_142; parent_const_preamble; parent_case_sc_kesavananda_1973,1,1.0,1.0,1.0,1.0,1.0,1.0,1.0,1.0,1.0
RET_072,Exp 1: BM25 Only,What is the power of the Supreme Court to review its own judgments or orders under Article 137?,CONSTITUTIONAL_PROCEDURE,parent_const_art_137,parent_const_art_137; parent_const_art_144; parent_const_art_141; parent_const_art_143; parent_const_art_142,1,1.0,1.0,1.0,1.0,1.0,1.0,1.0,1.0,1.0
RET_073,Exp 1: BM25 Only,Explain the binding nature of law declared by the Supreme Court on all courts in India under Article 141,LEGAL_EXPLANATION,parent_const_art_141,parent_const_art_141; parent_const_art_227; parent_case_sc_vishaka_1997; parent_const_art_215; parent_const_art_144,1,1.0,1.0,1.0,1.0,1.0,1.0,1.0,1.0,1.0
RET_074,Exp 1: BM25 Only,What is the plenary power of the Supreme Court to do complete justice under Article 142?,RIGHTS_QUERY,parent_const_art_142,parent_const_art_142; parent_case_sc_kesavananda_1973; parent_const_art_129; parent_const_art_053; parent_const_art_143,1,1.0,1.0,1.0,1.0,1.0,1.0,1.0,1.0,1.0
RET_075,Exp 1: BM25 Only,Explain the advisory jurisdiction of the Supreme Court upon reference by the President under Article 143,CONSTITUTIONAL_PROCEDURE,parent_const_art_143,parent_const_art_143; parent_case_sc_third_judges_1998; parent_const_art_124; parent_const_art_134; parent_const_art_136,1,1.0,1.0,1.0,1.0,1.0,1.0,1.0,1.0,1.0
RET_076,Exp 1: BM25 Only,What obligation does Article 144 impose on civil and judicial authorities to act in aid of the Supreme Court?,ARTICLE_LOOKUP,parent_const_art_144,parent_const_art_144; parent_const_art_143; parent_const_art_074; parent_const_art_012; parent_const_art_072,1,1.0,1.0,1.0,1.0,1.0,1.0,1.0,1.0,1.0
RET_077,Exp 1: BM25 Only,What does Article 214 provide regarding High Courts for each State?,ARTICLE_LOOKUP,parent_const_art_214,parent_const_art_214; parent_const_art_215; parent_const_art_227; parent_const_art_226; parent_case_sc_royappa_1974,1,1.0,1.0,1.0,1.0,1.0,1.0,1.0,1.0,1.0
RET_078,Exp 1: BM25 Only,Explain the power of High Courts as Courts of Record with contempt powers under Article 215,ARTICLE_LOOKUP,parent_const_art_215,parent_const_art_215; parent_const_art_227; parent_const_art_129; parent_const_art_214; parent_const_art_226,1,1.0,1.0,1.0,1.0,1.0,1.0,1.0,1.0,1.0
RET_079,Exp 1: BM25 Only,What is the writ jurisdiction of High Courts under Article 226 for enforcement of fundamental rights and other purposes?,RIGHTS_QUERY,parent_const_art_226,parent_const_art_226; parent_case_sc_chandra_kumar_1997; parent_const_art_359; parent_const_art_032; parent_case_sc_zee_telefilms_2005,1,1.0,1.0,1.0,1.0,1.0,1.0,1.0,1.0,1.0
RET_080,Exp 1: BM25 Only,Explain the power of superintendence of High Courts over all subordinate courts and tribunals under Article 227,CONSTITUTIONAL_PROCEDURE,parent_const_art_227,parent_const_art_227; parent_case_sc_chandra_kumar_1997; parent_const_art_215; parent_const_art_226,1,1.0,1.0,1.0,1.0,1.0,1.0,1.0,1.0,1.0
RET_081,Exp 1: BM25 Only,What are the legislative territorial powers of Parliament and State Legislatures under Article 245?,CONSTITUTIONAL_PROCEDURE,parent_const_art_245,parent_const_art_245; parent_const_art_246; parent_const_art_105; parent_const_art_254; parent_case_sc_kesavananda_1973,1,1.0,1.0,1.0,1.0,1.0,1.0,1.0,1.0,1.0
RET_082,Exp 1: BM25 Only,"Explain the distribution of legislative powers between Union, State and Concurrent Lists under Article 246",CONSTITUTIONAL_PROCEDURE,parent_const_art_246,parent_const_art_246; parent_const_art_254; parent_const_art_245; parent_amend_101; parent_amend_105,1,1.0,1.0,1.0,1.0,1.0,1.0,1.0,1.0,1.0
RET_083,Exp 1: BM25 Only,How does Article 254 resolve inconsistency and repugnancy between central laws and state laws?,LEGAL_EXPLANATION,parent_const_art_254,parent_const_art_254; parent_const_art_245; parent_const_art_246; parent_const_art_013; parent_const_art_047,1,1.0,1.0,1.0,1.0,1.0,1.0,1.0,1.0,1.0
RET_084,Exp 1: BM25 Only,Explain the constitutional right to property and guarantee against deprivation save by authority of law under Article 300A,RIGHTS_QUERY,parent_const_art_300a,parent_const_art_300a; parent_const_art_265; parent_amend_044; parent_const_art_011; parent_amend_086,1,1.0,1.0,1.0,1.0,1.0,1.0,1.0,1.0,1.0
RET_085,Exp 1: BM25 Only,What constitutional protections against arbitrary dismissal or reduction in rank are given to civil servants under Article 311?,RIGHTS_QUERY,parent_const_art_311,parent_const_art_309; parent_const_art_125; parent_case_sc_royappa_1974; parent_case_sc_shirur_mutt_1954; parent_const_art_022,Not Found (>10),0.0,0.0,0.0,0.0,0.0,0.0,0.0,0.0,0.0
RET_086,Exp 1: BM25 Only,Explain the establishment and powers of administrative tribunals under Article 323A,CONSTITUTIONAL_PROCEDURE,parent_const_art_323a,parent_case_sc_chandra_kumar_1997; parent_const_art_227; parent_amend_074; parent_const_art_124; parent_const_art_105,Not Found (>10),0.0,0.0,0.0,0.0,0.0,0.0,0.0,0.0,0.0
RET_087,Exp 1: BM25 Only,"What are the superintendence, direction and control powers of the Election Commission of India under Article 324?",CONSTITUTIONAL_PROCEDURE,parent_const_art_324,parent_const_art_324; parent_case_sc_mohinder_gill_1978; parent_const_art_012; parent_case_sc_vellore_citizens_1996; parent_case_sc_adr_2002,1,1.0,1.0,1.0,1.0,1.0,1.0,1.0,1.0,1.0
RET_088,Exp 1: BM25 Only,Explain adult suffrage as the basis of elections to the House of the People and Legislative Assemblies under Article 326,RIGHTS_QUERY,parent_const_art_326,parent_const_art_326; parent_const_art_081; parent_amend_061; parent_const_art_075; parent_const_art_079,1,1.0,1.0,1.0,1.0,1.0,1.0,1.0,1.0,1.0
RET_089,Exp 1: BM25 Only,What conditions justify the proclamation of National Emergency by the President under Article 352?,CONSTITUTIONAL_PROCEDURE,parent_const_art_352,parent_const_art_352; parent_amend_044; parent_const_art_360; parent_case_sc_sr_bommai_1994; parent_const_art_356,1,1.0,1.0,1.0,1.0,1.0,1.0,1.0,1.0,1.0
RET_090,Exp 1: BM25 Only,Explain the effect of proclamation of emergency on Union and State relations under Article 353,CONSTITUTIONAL_PROCEDURE,parent_const_art_353,parent_const_art_352; parent_const_art_358; parent_const_art_360; parent_case_sc_sr_bommai_1994; parent_const_art_035,Not Found (>10),0.0,0.0,0.0,0.0,0.0,0.0,0.0,0.0,0.0
RET_091,Exp 1: BM25 Only,What is the duty of the Union to protect States against external aggression and internal disturbance under Article 355?,CONSTITUTIONAL_PROCEDURE,parent_const_art_355,parent_const_art_355; parent_const_art_003; parent_case_sc_sarbananda_sonowal_2005; parent_const_art_352; parent_case_sc_sr_bommai_1994,1,1.0,1.0,1.0,1.0,1.0,1.0,1.0,1.0,1.0
RET_092,Exp 1: BM25 Only,Explain the imposition of President Rule in case of failure of constitutional machinery in States under Article 356,CONSTITUTIONAL_PROCEDURE,parent_const_art_356,parent_const_art_356; parent_case_sc_sr_bommai_1994; parent_const_art_201; parent_case_sc_article_370_2023; parent_const_art_003,1,1.0,1.0,1.0,1.0,1.0,1.0,1.0,1.0,1.0
RET_093,Exp 1: BM25 Only,How does proclamation of emergency suspend the provisions of Article 19 under Article 358?,RIGHTS_QUERY,parent_const_art_019; parent_const_art_19; parent_const_art_358,parent_const_art_358; parent_const_art_352; parent_const_art_360; parent_const_art_359,1,1.0,1.0,1.0,1.0,0.3333,0.3333,1.0,0.4693,0.4693
RET_094,Exp 1: BM25 Only,What is the power to suspend the enforcement of fundamental rights during emergencies under Article 359 and post-44th Amendment protections?,RIGHTS_QUERY,parent_const_art_359; parent_amend_044,parent_const_art_359; parent_amend_044; parent_const_art_032; parent_case_sc_kesavananda_1973; parent_const_art_072,1,1.0,1.0,1.0,1.0,1.0,1.0,1.0,1.0,1.0
RET_095,Exp 1: BM25 Only,Explain the provisions for proclamation of Financial Emergency under Article 360,CONSTITUTIONAL_PROCEDURE,parent_const_art_360,parent_const_art_360; parent_const_art_358; parent_const_art_352; parent_const_art_359,1,1.0,1.0,1.0,1.0,1.0,1.0,1.0,1.0,1.0
RET_096,Exp 1: BM25 Only,What changes did the First Constitutional Amendment 1951 introduce regarding Article 19(2) and the Ninth Schedule?,AMENDMENT_QUERY,parent_amend_001,parent_amend_001; parent_case_sc_shankari_prasad_1951; parent_const_art_004; parent_case_sc_waman_rao_1981; parent_const_art_001,1,1.0,1.0,1.0,1.0,1.0,1.0,1.0,1.0,1.0
RET_097,Exp 1: BM25 Only,"Explain the reorganization of States and abolition of Part A, B, C categories under the 7th Amendment 1956",AMENDMENT_QUERY,parent_amend_007,parent_const_art_001; parent_const_art_003; parent_const_art_017; parent_const_art_131; parent_const_art_217,Not Found (>10),0.0,0.0,0.0,0.0,0.0,0.0,0.0,0.0,0.0
RET_098,Exp 1: BM25 Only,How did the 24th Amendment 1971 affirm Parliament power to amend fundamental rights under Article 368?,AMENDMENT_QUERY,parent_const_art_368; parent_amend_024,parent_amend_024; parent_case_sc_sajjan_singh_1965; parent_const_art_013; parent_const_art_368; parent_case_sc_shankari_prasad_1951,1,1.0,1.0,1.0,1.0,1.0,1.0,1.0,0.9448,0.9448
RET_099,Exp 1: BM25 Only,Explain the insertion of Article 31C and restrictions on judicial review by the 25th Amendment 1971,AMENDMENT_QUERY,parent_amend_025,parent_const_art_031c; parent_amend_025; parent_amend_001; parent_amend_042; parent_amend_024,2,0.0,1.0,1.0,1.0,1.0,1.0,0.5,0.6309,0.6309
RET_100,Exp 1: BM25 Only,What were the sweeping changes introduced by the 42nd Amendment Act 1976 often called mini-constitution?,AMENDMENT_QUERY,parent_amend_042,parent_const_preamble; parent_amend_042; parent_const_art_043a; parent_const_art_039; parent_const_art_039a,2,0.0,1.0,1.0,1.0,1.0,1.0,0.5,0.6309,0.6309
RET_101,Exp 1: BM25 Only,"How did the 44th Amendment Act 1978 restore civil liberties, safeguard Article 21, and remove the right to property from Part III?",AMENDMENT_QUERY,parent_const_art_300a; parent_amend_044,parent_const_art_019; parent_amend_044; parent_case_sc_pucl_food_2001; parent_const_art_300a; parent_const_art_359,2,0.0,1.0,1.0,1.0,1.0,1.0,0.5,0.6399,0.6399
RET_102,Exp 1: BM25 Only,Explain the anti-defection law and Tenth Schedule added by the 52nd Amendment Act 1985,AMENDMENT_QUERY,parent_amend_052,parent_amend_052; parent_amend_091; parent_case_sc_kihoto_hollohan_1992; parent_const_art_004; parent_amend_001,1,1.0,1.0,1.0,1.0,1.0,1.0,1.0,1.0,1.0
RET_103,Exp 1: BM25 Only,What was the reduction of voting age from 21 to 18 years under the 61st Amendment Act 1988?,AMENDMENT_QUERY,parent_const_art_326; parent_amend_061,parent_amend_061; parent_const_art_045; parent_const_art_326; parent_const_art_021a; parent_const_art_039,1,1.0,1.0,1.0,1.0,1.0,1.0,1.0,0.9639,0.9639
RET_104,Exp 1: BM25 Only,Explain the constitutional status granted to Panchayati Raj institutions under the 73rd Amendment Act 1992,AMENDMENT_QUERY,parent_amend_073,parent_amend_073; parent_const_art_040; parent_amend_074; parent_amend_102; parent_const_art_021a,1,1.0,1.0,1.0,1.0,1.0,1.0,1.0,1.0,1.0
RET_105,Exp 1: BM25 Only,What institutional framework was established for Urban Local Bodies under the 74th Amendment Act 1992?,AMENDMENT_QUERY,parent_amend_074,parent_amend_074; parent_amend_073; parent_const_art_038; parent_case_sc_indra_sawhney_1992; parent_const_art_039,1,1.0,1.0,1.0,1.0,1.0,1.0,1.0,1.0,1.0
RET_106,Exp 1: BM25 Only,Explain how the 86th Amendment Act 2002 made education a fundamental right under Article 21A,AMENDMENT_QUERY,parent_const_art_21a; parent_const_art_021a; parent_amend_086,parent_const_art_021a; parent_amend_086; parent_const_art_045; parent_case_sc_unni_krishnan_1993; parent_case_sc_pramati_trust_2014,1,1.0,1.0,1.0,1.0,0.6667,0.6667,1.0,0.7003,0.7003
RET_107,Exp 1: BM25 Only,What ceiling on the size of the Council of Ministers to 15 percent was imposed by the 91st Amendment Act 2003?,AMENDMENT_QUERY,parent_const_art_075; parent_const_art_75; parent_amend_091,parent_amend_091; parent_const_art_075; parent_const_art_074; parent_case_sc_nct_delhi_2018; parent_const_art_039,1,1.0,1.0,1.0,1.0,0.6667,0.6667,1.0,0.879,0.879
RET_108,Exp 1: BM25 Only,What did the 99th Constitutional Amendment create and why was the National Judicial Appointments Commission challenged?,AMENDMENT_QUERY,parent_const_art_124; parent_amend_099,parent_const_art_124; parent_case_sc_third_judges_1998; parent_amend_099; parent_amend_102; parent_const_art_074,1,1.0,1.0,1.0,1.0,1.0,1.0,1.0,0.6885,0.6885
RET_109,Exp 1: BM25 Only,Explain the Goods and Services Tax constitutional framework created under the 101st Amendment Act 2016,AMENDMENT_QUERY,parent_amend_101,parent_amend_101; parent_const_art_217; parent_const_art_309; parent_amend_102; parent_const_art_016,1,1.0,1.0,1.0,1.0,1.0,1.0,1.0,1.0,1.0
RET_110,Exp 1: BM25 Only,What constitutional status was conferred on the National Commission for Backward Classes by the 102nd Amendment Act 2018?,AMENDMENT_QUERY,parent_amend_102,parent_amend_102; parent_case_sc_indra_sawhney_1992; parent_const_art_038; parent_amend_105; parent_const_art_039,1,1.0,1.0,1.0,1.0,1.0,1.0,1.0,1.0,1.0
RET_111,Exp 1: BM25 Only,Explain the 10 percent reservation for Economically Weaker Sections introduced by the 103rd Amendment Act 2019,AMENDMENT_QUERY,parent_const_art_15; parent_amend_103; parent_const_art_16; parent_const_art_015; parent_const_art_016,parent_case_sc_janhit_abhiyan_2022; parent_amend_103; parent_const_art_015; parent_const_art_016; parent_amend_104,2,0.0,1.0,1.0,1.0,0.6,0.6,0.5,0.5706,0.5706
RET_112,Exp 1: BM25 Only,What extensions for Scheduled Castes and Scheduled Tribes representation were made by the 104th Amendment Act 2020?,AMENDMENT_QUERY,parent_amend_104,parent_const_art_046; parent_amend_104; parent_const_art_015; parent_const_art_016; parent_const_preamble,2,0.0,1.0,1.0,1.0,1.0,1.0,0.5,0.6309,0.6309
RET_113,Exp 1: BM25 Only,How did the 105th Amendment Act 2021 restore the power of State Governments to identify socially and educationally backward classes?,AMENDMENT_QUERY,parent_amend_105,parent_amend_105; parent_amend_102; parent_const_art_015; parent_case_sc_sajjan_singh_1965; parent_case_sc_indra_sawhney_1992,1,1.0,1.0,1.0,1.0,1.0,1.0,1.0,1.0,1.0
RET_114,Exp 1: BM25 Only,What did the Supreme Court rule in Shankari Prasad Singh Deo v Union of India regarding constitutional amendment validity?,CASE_LAW_QUERY,parent_const_art_368; parent_case_shankari; parent_case_sc_shankari_prasad_1951,parent_case_sc_shankari_prasad_1951; parent_case_sc_golak_nath_1967; parent_case_sc_sajjan_singh_1965; parent_amend_025; parent_case_sc_sukhdev_singh_1975,1,1.0,1.0,1.0,1.0,0.3333,0.3333,1.0,0.7262,0.7262
RET_115,Exp 1: BM25 Only,Explain the decision in Sajjan Singh v State of Rajasthan on fundamental rights amendability,CASE_LAW_QUERY,parent_const_art_368; parent_case_sajjan; parent_case_sc_sajjan_singh_1965,parent_case_sc_sajjan_singh_1965; parent_case_sc_vishaka_1997; parent_case_sc_golak_nath_1967; parent_case_sc_sukhdev_singh_1975; parent_const_art_110,1,1.0,1.0,1.0,1.0,0.3333,0.3333,1.0,0.7262,0.7262
RET_116,Exp 1: BM25 Only,What was held in IC Golak Nath v State of Punjab regarding Parliament inability to abridge Part III rights?,CASE_LAW_QUERY,parent_case_golak; parent_const_art_368; parent_const_art_013; parent_const_art_13; parent_case_sc_golak_nath_1967,parent_amend_024; parent_case_sc_golak_nath_1967; parent_case_sc_kesavananda_1973; parent_const_art_013; parent_case_sc_basheshar_nath_1959,2,0.0,1.0,1.0,1.0,0.4,0.4,0.5,0.4695,0.4695
RET_117,Exp 1: BM25 Only,Explain how Indira Nehru Gandhi v Raj Narain applied the basic structure doctrine to strike down the 39th Amendment,CASE_LAW_QUERY,parent_case_indira; parent_case_sc_indira_gandhi_1975,parent_case_sc_indira_gandhi_1975; parent_case_sc_waman_rao_1981; parent_case_sc_kesavananda_1973; parent_const_art_013; parent_amend_099,1,1.0,1.0,1.0,1.0,0.5,0.5,1.0,0.8262,0.8262
RET_118,Exp 1: BM25 Only,What was established in Waman Rao v Union of India regarding the cutoff date for Ninth Schedule immunity?,CASE_LAW_QUERY,parent_case_sc_waman_rao_1981; parent_case_waman,parent_case_sc_waman_rao_1981; parent_const_art_031b; parent_case_sc_sita_soren_2024; parent_case_sc_ir_coelho_2007; parent_const_art_019,1,1.0,1.0,1.0,1.0,0.5,0.5,1.0,0.8262,0.8262
RET_119,Exp 1: BM25 Only,Explain the 9-judge bench decision in IR Coelho v State of Tamil Nadu on judicial review of Ninth Schedule laws,CASE_LAW_QUERY,parent_case_ir; parent_case_sc_ir_coelho_2007,parent_const_art_031b; parent_case_sc_ir_coelho_2007; parent_case_sc_waman_rao_1981; parent_case_sc_kihoto_hollohan_1992; parent_case_sc_second_judges_1993,2,0.0,1.0,1.0,1.0,0.5,0.5,0.5,0.5213,0.5213
RET_120,Exp 1: BM25 Only,What narrow interpretation of Article 21 and procedure established by law was adopted in AK Gopalan v State of Madras?,CASE_LAW_QUERY,parent_const_art_21; parent_case_sc_ak_gopalan_1950; parent_case_ak; parent_const_art_021,parent_case_sc_ak_gopalan_1950; parent_const_art_021; parent_case_sc_maneka_gandhi_1978; parent_case_sc_sarbananda_sonowal_2005; parent_const_art_074,1,1.0,1.0,1.0,1.0,0.5,0.5,1.0,0.796,0.796
RET_121,Exp 1: BM25 Only,How did Kharak Singh v State of Uttar Pradesh examine police surveillance and personal liberty under Article 21?,CASE_LAW_QUERY,parent_case_sc_kharak_singh_1962; parent_const_art_21; parent_case_kharak; parent_const_art_021,parent_case_sc_kharak_singh_1963; parent_const_art_021; parent_case_sc_maneka_gandhi_1978; parent_const_art_020; parent_case_sc_ak_gopalan_1950,2,0.0,1.0,1.0,1.0,0.25,0.25,0.5,0.1383,0.1383
RET_122,Exp 1: BM25 Only,What prisoner rights against solitary confinement were recognized in Sunil Batra v Delhi Administration?,CASE_LAW_QUERY,parent_case_sc_sunil_batra_1978; parent_case_sunil; parent_const_art_21; parent_const_art_021,parent_case_sc_sunil_batra_1978; parent_case_sc_francis_coralie_1981; parent_case_sc_sr_bommai_1994; parent_const_art_026; parent_case_sc_brij_bhushan_1950,1,1.0,1.0,1.0,1.0,0.25,0.25,1.0,0.6577,0.6577
RET_123,Exp 1: BM25 Only,Explain the expansion of right to livelihood under Article 21 in Olga Tellis v Bombay Municipal Corporation,CASE_LAW_QUERY,parent_case_olga; parent_const_art_21; parent_case_sc_olga_tellis_1985; parent_const_art_021,parent_case_sc_olga_tellis_1985; parent_const_art_021; parent_const_art_300a; parent_const_art_042; parent_case_sc_francis_coralie_1981,1,1.0,1.0,1.0,1.0,0.5,0.5,1.0,0.796,0.796
RET_124,Exp 1: BM25 Only,What did Francis Coralie Mullin hold regarding right to life with human dignity under Article 21?,CASE_LAW_QUERY,parent_case_francis; parent_const_art_21; parent_case_sc_francis_coralie_1981; parent_const_art_021,parent_case_sc_francis_coralie_1981; parent_case_sc_common_cause_2018; parent_case_sc_aruna_shanbaug_2011; parent_case_sc_olga_tellis_1985; parent_case_sc_pucl_food_2001,1,1.0,1.0,1.0,1.0,0.25,0.25,1.0,0.6577,0.6577
RET_125,Exp 1: BM25 Only,How did Bandhua Mukti Morcha v Union of India utilize public interest litigation to free bonded labourers?,CASE_LAW_QUERY,parent_case_sc_bandhua_mukti_1984; parent_const_art_021; parent_const_art_23; parent_const_art_023; parent_const_art_21; parent_case_bandhua,parent_case_sc_bandhua_mukti_1984; parent_case_sc_first_judges_1981; parent_const_art_032; parent_amend_001; parent_const_art_025,1,1.0,1.0,1.0,1.0,0.1667,0.1667,1.0,0.6062,0.5655
RET_126,Exp 1: BM25 Only,What guidelines on handcuffing and prisoner dignity were issued in Prem Shankar Shukla v Delhi Administration?,CASE_LAW_QUERY,parent_const_art_21; parent_case_prem; parent_const_art_021; parent_case_sc_prem_shankar_1980,parent_case_sc_sunil_batra_1978; parent_case_sc_francis_coralie_1981; parent_case_sc_r_rajagopal_1994; parent_case_sc_dk_basu_1997; parent_case_sc_adm_jabalpur_1976,Not Found (>10),0.0,0.0,0.0,0.0,0.0,0.0,0.0,0.0,0.0
RET_127,Exp 1: BM25 Only,What did the Supreme Court hold in State of Madras v Champakam Dorairajan regarding reservation and directive principles?,CASE_LAW_QUERY,parent_case_sc_champakam_dorairajan_1951; parent_const_art_15; parent_const_art_015; parent_case_champakam,parent_case_sc_champakam_1951; parent_amend_025; parent_const_art_031c; parent_const_art_124; parent_const_art_037,7,0.0,0.0,0.0,1.0,0.0,0.25,0.1429,0.0,0.0731
RET_128,Exp 1: BM25 Only,Explain the new doctrine of equality as an antithesis to arbitrariness articulated in EP Royappa v State of Tamil Nadu,CASE_LAW_QUERY,parent_case_ep; parent_case_sc_ep_royappa_1974; parent_const_art_14; parent_const_art_014,parent_case_sc_royappa_1974; parent_case_sc_r_rajagopal_1994; parent_const_art_014; parent_case_sc_ir_coelho_2007; parent_const_art_002,3,0.0,1.0,1.0,1.0,0.25,0.25,0.3333,0.1096,0.1096
RET_129,Exp 1: BM25 Only,"What were the major rulings in Indra Sawhney v Union of India regarding 27 percent OBC reservation, creamy layer, and 50 percent limit?",CASE_LAW_QUERY,parent_const_art_016; parent_case_indra; parent_const_art_16; parent_case_sc_indra_sawhney_1992,parent_case_sc_indra_sawhney_1992; parent_const_art_016; parent_case_sc_janhit_abhiyan_2022; parent_case_sc_nagaraj_2006; parent_amend_103,1,1.0,1.0,1.0,1.0,0.5,0.5,1.0,0.796,0.796
RET_130,Exp 1: BM25 Only,How did M Nagaraj v Union of India evaluate constitutional amendments regarding reservation in promotions for SC and ST?,CASE_LAW_QUERY,parent_case_sc_m_nagaraj_2006; parent_const_art_016; parent_const_art_16; parent_case_m,parent_case_sc_nagaraj_2006; parent_case_sc_jarnail_singh_2018; parent_case_sc_indra_sawhney_1992; parent_case_sc_janhit_abhiyan_2022; parent_amend_103,Not Found (>10),0.0,0.0,0.0,0.0,0.0,0.0,0.0,0.0,0.0
RET_131,Exp 1: BM25 Only,What modifications to the quantifiable data requirement in SC/ST promotions were made in Jarnail Singh v Lachhmi Narain Gupta?,CASE_LAW_QUERY,parent_const_art_016; parent_case_jarnail; parent_const_art_16; parent_case_sc_jarnail_singh_2018,parent_case_sc_jarnail_singh_2018; parent_case_sc_nagaraj_2006; parent_case_sc_indra_sawhney_1992; parent_case_sc_kameshwar_singh_1952; parent_case_sc_shankari_prasad_1951,1,1.0,1.0,1.0,1.0,0.25,0.25,1.0,0.6577,0.6577
RET_132,Exp 1: BM25 Only,Explain the constitutional validity of the 103rd Amendment EWS reservation upheld in Janhit Abhiyan v Union of India,CASE_LAW_QUERY,parent_case_janhit; parent_case_sc_janhit_abhiyan_2022; parent_amend_103,parent_case_sc_janhit_abhiyan_2022; parent_amend_103; parent_case_sc_shankari_prasad_1951; parent_const_art_015; parent_case_sc_article_370_2023,1,1.0,1.0,1.0,1.0,0.6667,0.6667,1.0,0.879,0.879
RET_133,Exp 1: BM25 Only,What test for reasonable restrictions on pre-censorship of press was established in Romesh Thappar v State of Madras?,CASE_LAW_QUERY,parent_case_sc_romesh_thappar_1950; parent_const_art_019; parent_const_art_19; parent_case_romesh,parent_case_sc_brij_bhushan_1950; parent_case_sc_romesh_thappar_1950; parent_case_sc_r_rajagopal_1994; parent_case_sc_bennett_coleman_1973; parent_case_sc_ka_abbas_1971,2,0.0,1.0,1.0,1.0,0.25,0.25,0.5,0.4149,0.4149
RET_134,Exp 1: BM25 Only,Explain the ruling in Brij Bhushan v State of Delhi regarding freedom of speech and pre-censorship of periodicals,CASE_LAW_QUERY,parent_case_brij; parent_case_sc_brij_bhushan_1950; parent_const_art_19; parent_const_art_019,parent_case_sc_brij_bhushan_1950; parent_case_sc_r_rajagopal_1994; parent_const_art_019; parent_amend_001; parent_case_sc_romesh_thappar_1950,1,1.0,1.0,1.0,1.0,0.5,0.5,1.0,0.7673,0.7673
RET_135,Exp 1: BM25 Only,What did Bennett Coleman v Union of India decide on newsprint quota restrictions infringing press freedom?,CASE_LAW_QUERY,parent_case_sc_bennett_coleman_1972; parent_const_art_019; parent_const_art_19; parent_case_bennett,parent_case_sc_bennett_coleman_1973; parent_const_art_019; parent_case_sc_r_rajagopal_1994; parent_case_sc_indian_express_1985; parent_case_sc_sakal_papers_1962,2,0.0,1.0,1.0,1.0,0.25,0.25,0.5,0.1383,0.1383
RET_136,Exp 1: BM25 Only,Explain the invalidation of page price regulations on newspapers in Sakal Papers v Union of India,CASE_LAW_QUERY,parent_case_sc_sakal_papers_1962; parent_const_art_019; parent_case_sakal; parent_const_art_19,parent_case_sc_sakal_papers_1962; parent_case_sc_bennett_coleman_1973; parent_const_art_031b; parent_case_sc_indian_express_1985,1,1.0,1.0,1.0,1.0,0.25,0.25,1.0,0.6577,0.6577
RET_137,Exp 1: BM25 Only,What did the Supreme Court hold in Shreya Singhal v Union of India regarding vagueness and overbreadth in Section 66A IT Act?,CASE_LAW_QUERY,parent_const_art_019; parent_const_art_19; parent_case_sc_shreya_singhal_2015; parent_case_shreya,parent_case_sc_shreya_singhal_2015; parent_const_art_019; parent_const_art_144; parent_const_art_143; parent_const_art_124,1,1.0,1.0,1.0,1.0,0.5,0.5,1.0,0.796,0.796
RET_138,Exp 1: BM25 Only,Explain the judgment in Anuradha Bhasin v Union of India regarding internet shutdowns and press freedom in Jammu & Kashmir,CASE_LAW_QUERY,parent_const_art_019; parent_case_anuradha; parent_const_art_19; parent_case_sc_anuradha_bhasin_2020,parent_const_art_019; parent_case_sc_anuradha_bhasin_2020; parent_const_art_370; parent_case_sc_bennett_coleman_1973,1,1.0,1.0,1.0,1.0,0.5,0.5,1.0,0.6342,0.6342
RET_139,Exp 1: BM25 Only,What is the essential religious practices test formulated in Commissioner Hindu Religious Endowments Madras v Sri Lakshmindra Thirtha Swamiar Shirur Mutt?,CASE_LAW_QUERY,parent_const_art_026; parent_case_shirur; parent_const_art_26; parent_const_art_025; parent_case_sc_shirur_mutt_1954; parent_const_art_25,parent_case_sc_shirur_mutt_1954; parent_const_art_025; parent_const_art_027; parent_case_sc_sabarimala_2018; parent_case_sc_shayara_bano_2017,1,1.0,1.0,1.0,1.0,0.3333,0.3333,1.0,0.7337,0.6845
RET_140,Exp 1: BM25 Only,What did the Supreme Court decide in Dr M Ismail Faruqui v Union of India regarding state acquisition of places of worship and mosques?,CASE_LAW_QUERY,parent_case_ismail; parent_case_sc_ismail_faruqui_1994; parent_const_art_025; parent_const_art_25,parent_const_art_049; parent_case_sc_mc_mehta_oleum_1987; parent_const_art_144; parent_case_sc_dc_wadhwa_1987; parent_const_art_012,Not Found (>10),0.0,0.0,0.0,0.0,0.0,0.0,0.0,0.0,0.0
RET_141,Exp 1: BM25 Only,Explain the constitutional invalidation of instant triple talaq in Shayara Bano v Union of India,CASE_LAW_QUERY,parent_case_shayara; parent_case_sc_shayara_bano_2017; parent_const_art_14; parent_const_art_014,parent_case_sc_shayara_bano_2017; parent_const_art_025; parent_const_art_031b; parent_const_art_077; parent_const_art_073,1,1.0,1.0,1.0,1.0,0.25,0.25,1.0,0.6577,0.6577
RET_142,Exp 1: BM25 Only,What was ruled in Indian Young Lawyers Association v State of Kerala regarding women entry into Sabarimala Temple?,CASE_LAW_QUERY,parent_case_sabarimala; parent_case_sc_sabarimala_2018; parent_const_art_014; parent_const_art_025; parent_const_art_14; parent_const_art_25,parent_case_sc_sabarimala_2018; parent_const_art_074; parent_case_sc_kesavananda_1973; parent_const_art_019; parent_case_sc_article_370_2023,1,1.0,1.0,1.0,1.0,0.1667,0.1667,1.0,0.6062,0.5655
RET_143,Exp 1: BM25 Only,How did Bijoe Emmanuel v State of Kerala protect Jehovah Witnesses students refusing to sing the National Anthem?,CASE_LAW_QUERY,parent_case_sc_bijoe_emmanuel_1986; parent_const_art_019; parent_const_art_19; parent_case_bijoe; parent_const_art_025; parent_const_art_25,parent_case_sc_bijoe_emmanuel_1986; parent_const_art_051a; parent_const_art_049; parent_const_art_355; parent_const_art_048a,1,1.0,1.0,1.0,1.0,0.1667,0.1667,1.0,0.6062,0.5655
RET_144,Exp 1: BM25 Only,Explain the First Judges Case SP Gupta v Union of India regarding executive primacy in judicial appointments,CASE_LAW_QUERY,parent_const_art_124; parent_case_sp; parent_case_sc_sp_gupta_1981,parent_case_sc_first_judges_1981; parent_case_sc_second_judges_1993; parent_case_sc_fourth_judges_njac_2015; parent_case_sc_third_judges_1998,Not Found (>10),0.0,0.0,0.0,0.0,0.0,0.0,0.0,0.0,0.0
RET_145,Exp 1: BM25 Only,How was the collegium system established in the Second Judges Case Supreme Court Advocates on Record Association 1993?,CASE_LAW_QUERY,parent_const_art_124; parent_case_sc_scara_second_judges_1993; parent_case_scara,parent_case_sc_second_judges_1993; parent_case_sc_fourth_judges_njac_2015; parent_const_art_124,3,0.0,1.0,1.0,1.0,0.3333,0.3333,0.3333,0.121,0.121
RET_146,Exp 1: BM25 Only,Explain the advisory opinion in the Third Judges Case Special Reference 1 of 1998 on consultation procedures,CASE_LAW_QUERY,parent_const_art_124; parent_case_third; parent_const_art_143; parent_case_sc_third_judges_1998,parent_case_sc_third_judges_1998; parent_const_art_124; parent_case_sc_second_judges_1993; parent_case_sc_first_judges_1981; parent_const_art_003,1,1.0,1.0,1.0,1.0,0.5,0.5,1.0,0.796,0.796
RET_147,Exp 1: BM25 Only,Why did the Supreme Court strike down the National Judicial Appointments Commission in the Fourth Judges Case 2015?,CASE_LAW_QUERY,parent_const_art_124; parent_amend_099; parent_case_njac; parent_case_sc_njac_fourth_judges_2015,parent_amend_099; parent_const_art_124; parent_case_sc_fourth_judges_njac_2015; parent_case_sc_second_judges_1993; parent_case_sc_third_judges_1998,1,1.0,1.0,1.0,1.0,0.5,0.5,1.0,0.3575,0.3575
RET_148,Exp 1: BM25 Only,What was the ruling and famous dissent of Justice HR Khanna in ADM Jabalpur v Shivkant Shukla on habeas corpus during emergency?,CASE_LAW_QUERY,parent_const_art_359; parent_const_art_021; parent_case_adm; parent_case_sc_adm_jabalpur_1976; parent_const_art_21,parent_case_sc_adm_jabalpur_1976; parent_const_art_032; parent_case_sc_puttaswamy_privacy_2017; parent_const_art_358; parent_amend_042,1,1.0,1.0,1.0,1.0,0.2,0.2,1.0,0.6062,0.6062
RET_149,Exp 1: BM25 Only,Explain the mandatory arrest and detention guidelines formulated in DK Basu v State of West Bengal to prevent custodial torture,CASE_LAW_QUERY,parent_case_sc_dk_basu_1997; parent_case_dk; parent_const_art_21; parent_const_art_021,parent_case_sc_dk_basu_1997; parent_const_art_022; parent_case_sc_wb_v_uoi_1963; parent_case_sc_subodh_gopal_1954,1,1.0,1.0,1.0,1.0,0.25,0.25,1.0,0.6577,0.6577
RET_150,Exp 1: BM25 Only,What binding workplace sexual harassment guidelines were laid down in Vishaka v State of Rajasthan?,CASE_LAW_QUERY,parent_const_art_019; parent_const_art_021; parent_const_art_19; parent_const_art_014; parent_case_vishaka; parent_const_art_21; parent_case_sc_vishaka_1997; parent_const_art_14,parent_case_sc_vishaka_1997; parent_case_sc_dk_basu_1997; parent_case_sc_royappa_1974; parent_case_sc_common_cause_2018; parent_case_sc_pucl_food_2001,1,1.0,1.0,1.0,1.0,0.125,0.125,1.0,0.6062,0.5039
RET_151,Exp 1: BM25 Only,How did Navtej Singh Johar v Union of India decriminalize consensual homosexual relations under Section 377 IPC?,CASE_LAW_QUERY,parent_const_art_15; parent_const_art_021; parent_case_sc_navtej_johar_2018; parent_const_art_014; parent_const_art_015; parent_const_art_21; parent_case_navtej; parent_const_art_14,parent_case_sc_navtej_johar_2018; parent_case_sc_joseph_shine_2018; parent_case_sc_sajjan_singh_1965,1,1.0,1.0,1.0,1.0,0.125,0.125,1.0,0.6062,0.5039
RET_152,Exp 1: BM25 Only,Explain the striking down of criminal adultery in Section 497 IPC as unconstitutional in Joseph Shine v Union of India,CASE_LAW_QUERY,parent_const_art_021; parent_case_joseph; parent_const_art_014; parent_case_sc_joseph_shine_2018; parent_const_art_21; parent_const_art_14,parent_case_sc_joseph_shine_2018; parent_case_sc_shreya_singhal_2015; parent_case_sc_bennett_coleman_1973; parent_const_art_031c; parent_case_sc_dc_wadhwa_1987,1,1.0,1.0,1.0,1.0,0.1667,0.1667,1.0,0.6062,0.5655
RET_153,Exp 1: BM25 Only,What was held in Common Cause A Registered Society v Union of India regarding passive euthanasia and living wills?,CASE_LAW_QUERY,parent_case_common; parent_const_art_21; parent_case_sc_common_cause_2018; parent_const_art_021,parent_case_sc_common_cause_2018; parent_case_sc_aruna_shanbaug_2011; parent_const_art_074; parent_const_art_019; parent_const_art_043,1,1.0,1.0,1.0,1.0,0.25,0.25,1.0,0.6577,0.6577
RET_154,Exp 1: BM25 Only,Explain the landmark ruling on passive euthanasia and advance medical directives in Aruna Ramchandra Shanbaug v Union of India,CASE_LAW_QUERY,parent_case_sc_aruna_shanbaug_2011; parent_const_art_21; parent_case_aruna; parent_const_art_021,parent_case_sc_aruna_shanbaug_2011; parent_case_sc_common_cause_2018; parent_case_sc_tma_pai_2002; parent_amend_025; parent_amend_042,1,1.0,1.0,1.0,1.0,0.25,0.25,1.0,0.6577,0.6577
RET_155,Exp 1: BM25 Only,What did Animal Welfare Board of India v A Nagaraja hold regarding prevention of animal cruelty in Jallikattu under Article 21?,CASE_LAW_QUERY,parent_case_sc_jallikattu_2014; parent_const_art_021; parent_const_art_51a; parent_const_art_051a; parent_case_jallikattu; parent_const_art_21,parent_case_sc_jallikattu_2014; parent_const_art_048; parent_case_sc_francis_coralie_1981; parent_case_sc_vellore_citizens_1996,1,1.0,1.0,1.0,1.0,0.1667,0.1667,1.0,0.6062,0.5655
RET_156,Exp 1: BM25 Only,Explain the unconstitutionality of involuntary narco-analysis and brain mapping under Article 20(3) and 21 in Selvi v State of Karnataka,CASE_LAW_QUERY,parent_const_art_021; parent_const_art_20; parent_case_selvi; parent_const_art_21; parent_case_sc_selvi_2010; parent_const_art_020,parent_const_art_020; parent_case_sc_selvi_2010; parent_const_art_035; parent_case_sc_tma_pai_2002; parent_case_sc_mp_sharma_1954,1,1.0,1.0,1.0,1.0,0.3333,0.3333,1.0,0.5846,0.5453
RET_157,Exp 1: BM25 Only,What principles on governor pardoning power and judicial review were established in KM Nanavati v State of Bombay?,CASE_LAW_QUERY,parent_const_art_161; parent_case_sc_nanavati_1961; parent_case_nanavati; parent_const_art_142,parent_const_art_072; parent_case_sc_kihoto_hollohan_1992; parent_case_sc_waman_rao_1981; parent_case_sc_third_judges_1998; parent_const_art_161,5,0.0,0.0,1.0,1.0,0.25,0.25,0.2,0.0848,0.0848
RET_158,Exp 1: BM25 Only,How did Lily Thomas v Union of India strike down Section 8(4) RPA to disqualify convicted lawmakers immediately?,CASE_LAW_QUERY,parent_const_art_102; parent_const_art_191; parent_case_lily; parent_case_sc_lily_thomas_2013,parent_case_sc_lily_thomas_2013; parent_case_sc_minerva_mills_1980; parent_case_sc_joseph_shine_2018; parent_case_sc_navtej_johar_2018; parent_case_sc_royappa_1974,1,1.0,1.0,1.0,1.0,0.25,0.25,1.0,0.6577,0.6577
RET_159,Exp 1: BM25 Only,What voter right to candidate criminal antecedent disclosure was established in Association for Democratic Reforms ADR 2002?,CASE_LAW_QUERY,parent_const_art_019; parent_const_art_19; parent_case_adr; parent_case_sc_adr_voter_rights_2002,parent_case_sc_adr_2002; parent_case_sc_electoral_bonds_2024; parent_amend_086; parent_const_art_134,Not Found (>10),0.0,0.0,0.0,0.0,0.0,0.0,0.0,0.0,0.0
RET_160,Exp 1: BM25 Only,Explain the introduction of the None of the Above NOTA option in ballot papers in PUCL v Union of India 2013,CASE_LAW_QUERY,parent_case_pucl; parent_const_art_019; parent_const_art_19; parent_case_sc_pucl_nota_2013,parent_case_sc_pucl_nota_2013; parent_const_art_368; parent_const_art_031b; parent_case_sc_sakal_papers_1962; parent_const_art_012,1,1.0,1.0,1.0,1.0,0.25,0.25,1.0,0.6577,0.6577
RET_161,Exp 1: BM25 Only,What did Kihoto Hollohan v Zachillhu hold regarding the Speaker powers under Tenth Schedule and judicial review?,CASE_LAW_QUERY,parent_case_sc_kihoto_hollohan_1992; parent_amend_052; parent_case_kihoto,parent_case_sc_kihoto_hollohan_1992; parent_amend_091; parent_const_art_124; parent_amend_052; parent_const_art_031b,1,1.0,1.0,1.0,1.0,0.6667,0.6667,1.0,0.8305,0.8305
RET_162,Exp 1: BM25 Only,Explain the restoration of the elected government in Arunachal Pradesh and Governor power limits in Nabam Rebia 2016,CASE_LAW_QUERY,parent_case_sc_nabam_rebia_2016; parent_case_nabam; parent_const_art_174; parent_const_art_163,parent_case_sc_nct_delhi_2018; parent_case_sc_article_370_2023; parent_const_art_012; parent_amend_101; parent_const_art_154,Not Found (>10),0.0,0.0,0.0,0.0,0.0,0.0,0.0,0.0,0.0
RET_163,Exp 1: BM25 Only,What guidelines on Governor discretionary powers during floor tests were established in Subhash Desai v Principal Secretary Maharashtra 2023?,CASE_LAW_QUERY,parent_case_subhash; parent_const_art_163; parent_case_sc_subhash_desai_2023,parent_const_art_200; parent_case_sc_punjab_governor_2023; parent_const_art_163; parent_case_sc_rameshwar_prasad_2006; parent_case_sc_pucl_phone_tapping_1997,3,0.0,1.0,1.0,1.0,0.3333,0.3333,0.3333,0.121,0.121
RET_164,Exp 1: BM25 Only,How did Government of NCT of Delhi v Union of India 2018 interpret the constitutional status and powers of the elected Delhi Government?,CASE_LAW_QUERY,parent_case_nct; parent_case_sc_nct_delhi_2018; parent_const_art_239aa,parent_case_sc_nct_delhi_2018; parent_const_art_012; parent_const_art_077; parent_case_sc_brij_bhushan_1950; parent_const_art_356,1,1.0,1.0,1.0,1.0,0.3333,0.3333,1.0,0.7262,0.7262
RET_165,Exp 1: BM25 Only,What did State of Rajasthan v Union of India 1977 establish on judicial review of President Rule proclamations under Article 356?,CASE_LAW_QUERY,parent_case_state; parent_const_art_356; parent_case_sc_state_of_rajasthan_1977,parent_const_art_356; parent_case_sc_sr_bommai_1994; parent_case_sc_sajjan_singh_1965; parent_case_sc_indira_gandhi_1975,1,1.0,1.0,1.0,1.0,0.3333,0.3333,1.0,0.2421,0.2421
RET_166,Exp 1: BM25 Only,"How do Articles 14, 19, and 21 interact with Kesavananda Bharati to safeguard fundamental rights against amendment?",MULTI_DOCUMENT_QUERY,parent_const_art_019; parent_case_sc_kesavananda_1973; parent_const_art_021; parent_const_art_19; parent_case_kesavananda; parent_const_art_014; parent_const_art_21; parent_const_art_14,parent_amend_044; parent_case_sc_nalsa_2014; parent_const_art_013; parent_case_sc_ir_coelho_2007; parent_case_sc_sunil_batra_1978,Not Found (>10),0.0,0.0,0.0,0.0,0.0,0.0,0.0,0.0,0.0
RET_167,Exp 1: BM25 Only,Compare the scope of judicial review in Article 32 writ petitions before the Supreme Court and Article 226 before High Courts,CASE_COMPARISON,parent_const_art_32; parent_const_art_032; parent_const_art_226,parent_const_art_226; parent_case_sc_chandra_kumar_1997; parent_const_art_137; parent_const_art_227; parent_const_art_214,1,1.0,1.0,1.0,1.0,0.3333,0.6667,1.0,0.2421,0.4842
RET_168,Exp 1: BM25 Only,How did the 42nd Amendment attempt to prioritize Directive Principles over Fundamental Rights and how did Minerva Mills strike it down?,MULTI_DOCUMENT_QUERY,parent_case_minerva; parent_const_art_368; parent_amend_042; parent_case_sc_minerva_mills_1980,parent_const_art_031c; parent_case_sc_minerva_mills_1980; parent_case_sc_sajjan_singh_1965; parent_amend_042; parent_const_art_037,2,0.0,1.0,1.0,1.0,0.5,0.5,0.5,0.4216,0.4216
RET_169,Exp 1: BM25 Only,Explain the evolution of right to education from Mohini Jain and Unni Krishnan to the 86th Amendment and Article 21A,MULTI_DOCUMENT_QUERY,parent_const_art_21a; parent_const_art_021a; parent_amend_086; parent_case_puttaswamy; parent_case_sc_puttaswamy_privacy_2017,parent_const_art_021a; parent_case_sc_unni_krishnan_1993; parent_amend_086; parent_const_art_045; parent_const_art_041,1,1.0,1.0,1.0,1.0,0.4,0.4,1.0,0.5052,0.5052
RET_170,Exp 1: BM25 Only,Compare the constitutional tests for creamy layer exclusion in Indra Sawhney with the quantifiable backwardness requirements in M Nagaraj,CASE_COMPARISON,parent_case_sc_indra_sawhney_1992; parent_case_indra; parent_case_sc_m_nagaraj_2006; parent_case_m; parent_const_art_16; parent_const_art_016,parent_case_sc_indra_sawhney_1992; parent_case_sc_jarnail_singh_2018; parent_case_sc_nagaraj_2006; parent_const_art_016,1,1.0,1.0,1.0,1.0,0.3333,0.3333,1.0,0.6933,0.6467
RET_171,Exp 1: BM25 Only,What constitutional principles govern federalism and legislative competence under Article 246 and the Seventh Schedule lists?,LEGAL_EXPLANATION,parent_case_sr; parent_const_art_246; parent_case_sc_sr_bommai_1994,parent_const_art_246; parent_amend_101; parent_case_sc_wb_v_uoi_1963; parent_const_art_073; parent_amend_105,1,1.0,1.0,1.0,1.0,0.3333,0.3333,1.0,0.4693,0.4693
RET_172,Exp 1: BM25 Only,How did the Puttaswamy privacy judgment overrule MP Sharma 1954 and Kharak Singh 1962?,PRECEDENT_QUERY,parent_const_art_021; parent_case_sc_kharak_singh_1962; parent_const_art_21; parent_case_kharak; parent_case_puttaswamy; parent_case_sc_puttaswamy_privacy_2017,parent_case_sc_puttaswamy_privacy_2017; parent_case_sc_mp_sharma_1954; parent_case_sc_kharak_singh_1963; parent_case_sc_puttaswamy_aadhaar_2018,1,1.0,1.0,1.0,1.0,0.1667,0.1667,1.0,0.6062,0.5655
RET_173,Exp 1: BM25 Only,Explain the three-pronged proportionality test for State limitations on fundamental rights under Article 21 formulated in Puttaswamy,LEGAL_EXPLANATION,parent_const_art_21; parent_case_puttaswamy; parent_case_sc_puttaswamy_privacy_2017; parent_const_art_021,parent_case_sc_puttaswamy_privacy_2017; parent_case_sc_puttaswamy_aadhaar_2018; parent_const_art_245; parent_case_sc_vishaka_1997; parent_case_sc_crypto_2020,1,1.0,1.0,1.0,1.0,0.25,0.25,1.0,0.6577,0.6577
RET_174,Exp 1: BM25 Only,How did Maneka Gandhi overrule the strict literal interpretation of personal liberty established in AK Gopalan?,PRECEDENT_QUERY,parent_case_sc_maneka_gandhi_1978; parent_const_art_021; parent_case_ak; parent_case_maneka; parent_case_sc_ak_gopalan_1950; parent_const_art_21,parent_case_sc_maneka_gandhi_1978; parent_const_art_021; parent_case_sc_ak_gopalan_1950; parent_const_art_014; parent_const_art_359,1,1.0,1.0,1.0,1.0,0.5,0.5,1.0,0.8348,0.7787
RET_175,Exp 1: BM25 Only,What constitutional checks exist against arbitrary proclamation of emergency under Article 352 after the 44th Amendment?,CONSTITUTIONAL_PROCEDURE,parent_const_art_352; parent_amend_044,parent_const_art_352; parent_case_sc_sr_bommai_1994; parent_const_art_020; parent_amend_044; parent_case_sc_royappa_1974,1,1.0,1.0,1.0,1.0,1.0,1.0,1.0,0.8772,0.8772
RET_176,Exp 1: BM25 Only,Explain how the Supreme Court used Article 142 complete justice power in the Union Carbide Bhopal Gas tragedy settlement,LEGAL_EXPLANATION,parent_const_art_142,parent_const_art_142; parent_const_art_368; parent_case_sc_mc_mehta_oleum_1987; parent_const_art_051; parent_const_art_129,1,1.0,1.0,1.0,1.0,1.0,1.0,1.0,1.0,1.0
RET_177,Exp 1: BM25 Only,What are the constitutional requirements for a Money Bill under Article 110 and judicial review of Speaker certification?,CONSTITUTIONAL_PROCEDURE,parent_case_puttaswamy; parent_case_sc_puttaswamy_privacy_2017; parent_const_art_110,parent_const_art_110; parent_case_sc_puttaswamy_aadhaar_2018; parent_case_sc_kihoto_hollohan_1992; parent_case_sc_chandra_kumar_1997; parent_case_sc_anuradha_bhasin_2020,1,1.0,1.0,1.0,1.0,0.3333,0.3333,1.0,0.4693,0.4693
RET_178,Exp 1: BM25 Only,Compare the judicial appointment mechanisms under the collegium system and the invalidated NJAC Act under Article 124,CASE_COMPARISON,parent_case_njac; parent_const_art_124; parent_case_scara; parent_case_sc_njac_fourth_judges_2015; parent_case_sc_scara_second_judges_1993,parent_const_art_124; parent_amend_099; parent_const_art_217; parent_case_sc_fourth_judges_njac_2015; parent_case_sc_second_judges_1993,1,1.0,1.0,1.0,1.0,0.2,0.2,1.0,0.2021,0.2021
RET_179,Exp 1: BM25 Only,"How does the doctrine of basic structure protect secularism, democracy, judicial review, and rule of law?",LEGAL_EXPLANATION,parent_case_minerva; parent_case_sc_kesavananda_1973; parent_case_sr; parent_case_sc_sr_bommai_1994; parent_case_kesavananda; parent_case_sc_minerva_mills_1980,parent_case_sc_indira_gandhi_1975; parent_const_art_356; parent_case_sc_waman_rao_1981; parent_case_sc_chandra_kumar_1997; parent_const_art_013,7,0.0,0.0,0.0,1.0,0.0,0.3333,0.1429,0.0,0.2412
RET_180,Exp 1: BM25 Only,What role does the Preamble play in interpreting ambiguous constitutional provisions according to Kesavananda Bharati?,LEGAL_EXPLANATION,parent_case_kesavananda; parent_const_preamble; parent_case_sc_kesavananda_1973,parent_const_preamble; parent_case_sc_kesavananda_1973; parent_const_art_013; parent_const_art_368; parent_case_sc_waman_rao_1981,1,1.0,1.0,1.0,1.0,0.6667,0.6667,1.0,0.879,0.879
RET_181,Exp 1: BM25 Only,"Explain the scope of freedom of trade, commerce and intercourse throughout India under Article 301",ARTICLE_LOOKUP,parent_const_art_301,parent_const_art_301; parent_const_art_019; parent_case_sc_bennett_coleman_1973; parent_case_sc_anuradha_bhasin_2020; parent_const_art_144,1,1.0,1.0,1.0,1.0,1.0,1.0,1.0,1.0,1.0
RET_182,Exp 1: BM25 Only,What restrictions on freedom of trade and commerce can be imposed by Parliament and State legislatures under Articles 302 to 304?,CONSTITUTIONAL_PROCEDURE,parent_const_art_304; parent_const_art_302,parent_const_art_301; parent_case_sc_bennett_coleman_1973; parent_const_art_245; parent_case_sc_romesh_thappar_1950; parent_case_sc_dk_basu_1997,Not Found (>10),0.0,0.0,0.0,0.0,0.0,0.0,0.0,0.0,0.0
RET_183,Exp 1: BM25 Only,How does the Finance Commission function and make recommendations on tax devolution under Article 280?,CONSTITUTIONAL_PROCEDURE,parent_const_art_280,parent_amend_101; parent_amend_102; parent_const_art_039a; parent_amend_042; parent_case_sc_mining_royalty_2024,Not Found (>10),0.0,0.0,0.0,0.0,0.0,0.0,0.0,0.0,0.0
RET_184,Exp 1: BM25 Only,Explain the duties of the Comptroller and Auditor-General of India regarding public accounts audits under Article 148 and 149,CONSTITUTIONAL_PROCEDURE,parent_const_art_148,parent_const_art_019; parent_const_art_047; parent_const_art_076; parent_const_art_051a; parent_amend_001,Not Found (>10),0.0,0.0,0.0,0.0,0.0,0.0,0.0,0.0,0.0
RET_185,Exp 1: BM25 Only,What are the rules governing the Consolidated Fund of India and Contingency Fund under Articles 266 and 267?,CONSTITUTIONAL_PROCEDURE,parent_const_art_266; parent_const_art_267,parent_const_art_125; parent_const_art_114; parent_const_art_110; parent_const_art_105; parent_case_sc_vellore_citizens_1996,Not Found (>10),0.0,0.0,0.0,0.0,0.0,0.0,0.0,0.0,0.0
RET_186,Exp 1: BM25 Only,Explain the powers and privileges of Parliament and its members and committees under Article 105,CONSTITUTIONAL_PROCEDURE,parent_const_art_105,parent_const_art_105; parent_const_art_245; parent_const_art_047; parent_const_art_368; parent_const_art_079,1,1.0,1.0,1.0,1.0,1.0,1.0,1.0,1.0,1.0
RET_187,Exp 1: BM25 Only,"What are the powers, privileges and immunities of State Legislative Assemblies and their members under Article 194?",CONSTITUTIONAL_PROCEDURE,parent_const_art_194,parent_const_art_105; parent_amend_104; parent_const_art_054; parent_const_art_033; parent_amend_106,Not Found (>10),0.0,0.0,0.0,0.0,0.0,0.0,0.0,0.0,0.0
RET_188,Exp 1: BM25 Only,Explain the constitutional procedure for impeachment and removal of the President of India under Article 61,CONSTITUTIONAL_PROCEDURE,parent_const_art_61; parent_const_art_061,parent_const_art_061; parent_const_art_309; parent_const_art_124; parent_const_art_201; parent_const_art_105,1,1.0,1.0,1.0,1.0,0.5,0.5,1.0,0.8262,0.8262
RET_189,Exp 1: BM25 Only,What is the procedure for removal of a Supreme Court judge on grounds of proved misbehaviour or incapacity under Article 124(4)?,CONSTITUTIONAL_PROCEDURE,parent_const_art_124,parent_const_art_124; parent_case_sc_second_judges_1993; parent_const_art_015; parent_case_sc_sr_bommai_1994; parent_case_sc_kesavananda_1973,1,1.0,1.0,1.0,1.0,1.0,1.0,1.0,1.0,1.0
RET_190,Exp 1: BM25 Only,How does Article 312 govern the creation of All-India Services by the Council of States Rajya Sabha?,CONSTITUTIONAL_PROCEDURE,parent_const_art_312,parent_const_art_079; parent_const_art_080; parent_const_art_063; parent_amend_091; parent_const_art_081,Not Found (>10),0.0,0.0,0.0,0.0,0.0,0.0,0.0,0.0,0.0
RET_191,Exp 1: BM25 Only,Explain the functions of the Union Public Service Commission and State PSCs under Article 320,CONSTITUTIONAL_PROCEDURE,parent_const_art_320,parent_const_art_023; parent_const_art_016; parent_const_art_047; parent_const_art_124; parent_amend_102,Not Found (>10),0.0,0.0,0.0,0.0,0.0,0.0,0.0,0.0,0.0
RET_192,Exp 1: BM25 Only,What is the constitutional provision for the Special Officer for Linguistic Minorities under Article 350B?,ARTICLE_LOOKUP,parent_const_art_350b,parent_case_sc_third_judges_1998; parent_const_art_165; parent_const_art_029; parent_const_art_371a; parent_const_art_371,Not Found (>10),0.0,0.0,0.0,0.0,0.0,0.0,0.0,0.0,0.0
RET_193,Exp 1: BM25 Only,Explain the official language of the Union and devanagari script provisions under Article 343,ARTICLE_LOOKUP,parent_const_art_343,parent_const_art_029; parent_const_art_004; parent_const_art_030; parent_const_art_370; parent_const_art_105,Not Found (>10),0.0,0.0,0.0,0.0,0.0,0.0,0.0,0.0,0.0
RET_194,Exp 1: BM25 Only,What language is mandated for proceedings in the Supreme Court and High Courts under Article 348?,CONSTITUTIONAL_PROCEDURE,parent_const_art_348,parent_const_art_226; parent_const_art_214; parent_const_art_215; parent_const_art_227; parent_const_art_032,Not Found (>10),0.0,0.0,0.0,0.0,0.0,0.0,0.0,0.0,0.0
RET_195,Exp 1: BM25 Only,Explain the duty of the Union to promote the spread of the Hindi language under Article 351,ARTICLE_LOOKUP,parent_const_art_351,parent_const_art_029; parent_const_art_051a; parent_const_art_047; parent_const_art_038; parent_const_art_355,Not Found (>10),0.0,0.0,0.0,0.0,0.0,0.0,0.0,0.0,0.0
RET_196,Exp 1: BM25 Only,What are the residuary legislative powers of Parliament under Article 248?,CONSTITUTIONAL_PROCEDURE,parent_const_art_248,parent_const_art_248; parent_const_art_245; parent_case_sc_kesavananda_1973; parent_const_art_105; parent_const_art_073,1,1.0,1.0,1.0,1.0,1.0,1.0,1.0,1.0,1.0
RET_197,Exp 1: BM25 Only,How can Parliament legislate on State List matters in national interest under Article 249 with Rajya Sabha resolution?,CONSTITUTIONAL_PROCEDURE,parent_const_art_249,parent_const_art_079; parent_const_art_246; parent_const_art_084; parent_const_art_110; parent_const_art_083,Not Found (>10),0.0,0.0,0.0,0.0,0.0,0.0,0.0,0.0,0.0
RET_198,Exp 1: BM25 Only,Explain the power of Parliament to legislate for two or more States by consent under Article 252,CONSTITUTIONAL_PROCEDURE,parent_const_art_252,parent_const_art_003; parent_const_art_131; parent_const_art_079; parent_const_art_002; parent_const_art_245,Not Found (>10),0.0,0.0,0.0,0.0,0.0,0.0,0.0,0.0,0.0
RET_199,Exp 1: BM25 Only,What power does Parliament have to make laws implementing international treaties and conventions under Article 253?,CONSTITUTIONAL_PROCEDURE,parent_const_art_253,parent_const_art_246; parent_const_art_035; parent_const_art_245; parent_const_art_370; parent_const_art_123,Not Found (>10),0.0,0.0,0.0,0.0,0.0,0.0,0.0,0.0,0.0
RET_200,Exp 1: BM25 Only,Explain the constitutional guarantee and jurisdiction regarding suits against the Government under Article 300,ARTICLE_LOOKUP,parent_const_art_300,parent_amend_044; parent_const_art_012; parent_case_sc_nct_delhi_2018; parent_const_art_131; parent_const_art_041,Not Found (>10),0.0,0.0,0.0,0.0,0.0,0.0,0.0,0.0,0.0
RET_001,Exp 2: Dense Only,What constitutional remedies are available under Article 32 for fundamental rights violations?,RIGHTS_QUERY,parent_const_art_32; parent_const_art_032,parent_const_art_032; parent_const_art_32; parent_const_art_039; parent_const_art_035; parent_amend_024,1,1.0,1.0,1.0,1.0,1.0,1.0,1.0,0.7967,0.7967
RET_002,Exp 2: Dense Only,What does Article 21 guarantee regarding protection of life and personal liberty?,ARTICLE_LOOKUP,parent_const_art_21; parent_const_art_021,parent_const_art_021; parent_const_art_21; parent_const_art_020; parent_const_art_032; parent_const_art_022,1,1.0,1.0,1.0,1.0,1.0,1.0,1.0,0.7967,0.7967
RET_003,Exp 2: Dense Only,Explain equality before law and equal protection of the laws under Article 14,ARTICLE_LOOKUP,parent_const_art_014; parent_const_art_14,parent_const_art_014; parent_const_art_14; parent_const_art_039a; parent_case_sc_royappa_1974; parent_const_art_013,1,1.0,1.0,1.0,1.0,1.0,1.0,1.0,0.7967,0.7967
RET_004,Exp 2: Dense Only,What six fundamental freedoms are guaranteed to citizens under Article 19?,RIGHTS_QUERY,parent_const_art_019; parent_const_art_19,parent_const_art_019; parent_const_art_19; parent_const_art_21; parent_const_art_358; parent_const_art_021,1,1.0,1.0,1.0,1.0,1.0,1.0,1.0,0.7967,0.7967
RET_005,Exp 2: Dense Only,What are the core ideals and objectives set out in the Preamble of the Constitution?,ARTICLE_LOOKUP,parent_const_preamble,parent_const_art_368; parent_const_preamble; parent_amend_042; parent_amend_061; parent_const_art_19,2,0.0,1.0,1.0,1.0,1.0,1.0,0.5,0.6309,0.6309
RET_006,Exp 2: Dense Only,How is the term State defined under Article 12 for the purpose of Part III?,ARTICLE_LOOKUP,parent_const_art_012; parent_const_art_12,parent_const_art_012; parent_const_art_036; parent_const_art_003; parent_const_art_001,1,1.0,1.0,1.0,1.0,0.5,0.5,1.0,0.2754,0.2754
RET_007,Exp 2: Dense Only,What does Article 21A provide regarding the fundamental right to free and compulsory education?,RIGHTS_QUERY,parent_const_art_21A; parent_const_art_021a,parent_const_art_21A; parent_const_art_021a; parent_amend_086; parent_const_art_028; parent_const_art_041,1,1.0,1.0,1.0,1.0,1.0,1.0,1.0,1.0,1.0
RET_008,Exp 2: Dense Only,Explain the power of Parliament to amend the Constitution and procedure under Article 368,AMENDMENT_QUERY,parent_const_art_368,parent_const_art_368; parent_case_sc_kesavananda_1973; parent_case_kesavananda,1,1.0,1.0,1.0,1.0,1.0,1.0,1.0,1.0,1.0
RET_009,Exp 2: Dense Only,What was the historical scope and special status granted under Article 370?,ARTICLE_LOOKUP,parent_const_art_370,parent_const_art_370; parent_case_sc_article_370_2023; parent_const_art_144; parent_const_art_142; parent_const_art_143,1,1.0,1.0,1.0,1.0,1.0,1.0,1.0,1.0,1.0
RET_010,Exp 2: Dense Only,Explain the landmark ruling in Kesavananda Bharati regarding the basic structure doctrine,CASE_LAW_QUERY,parent_case_kesavananda; parent_const_art_368; parent_case_sc_kesavananda_1973,parent_const_art_037; parent_case_sc_kesavananda_1973; parent_const_preamble; parent_const_art_031c; parent_case_kesavananda,2,0.0,1.0,1.0,1.0,0.6667,1.0,0.5,0.4337,0.5199
RET_011,Exp 2: Dense Only,What did the Supreme Court hold in Justice KS Puttaswamy regarding right to privacy under Article 21?,CASE_LAW_QUERY,parent_const_art_21; parent_case_puttaswamy; parent_case_sc_puttaswamy_privacy_2017; parent_const_art_021,parent_const_art_021; parent_case_sc_puttaswamy_privacy_2017; parent_case_puttaswamy; parent_case_sc_mp_sharma_1954; parent_const_art_019,1,1.0,1.0,1.0,1.0,0.75,1.0,1.0,0.6864,0.7645
RET_012,Exp 2: Dense Only,What were the facts and ratio decidendi of Maneka Gandhi v Union of India on personal liberty?,CASE_LAW_QUERY,parent_const_art_019; parent_case_sc_maneka_gandhi_1978; parent_const_art_021; parent_const_art_19; parent_case_maneka; parent_const_art_014; parent_const_art_21; parent_const_art_14,parent_case_sc_maneka_gandhi_1978; parent_case_sc_chandra_kumar_1997; parent_case_sc_adr_2002; parent_const_art_102; parent_case_maneka,1,1.0,1.0,1.0,1.0,0.25,0.25,1.0,0.4366,0.3629
RET_013,Exp 2: Dense Only,How did Minerva Mills v Union of India reinforce Kesavananda Bharati and strike down unamendable clauses?,CASE_LAW_QUERY,parent_case_minerva; parent_const_art_368; parent_case_sc_kesavananda_1973; parent_case_kesavananda; parent_case_sc_minerva_mills_1980,parent_case_sc_minerva_mills_1980; parent_case_minerva; parent_const_art_031c; parent_case_sc_kesavananda_1973; parent_case_sc_sr_bommai_1994,1,1.0,1.0,1.0,1.0,0.6,0.6,1.0,0.6716,0.6716
RET_014,Exp 2: Dense Only,What guidelines were established in SR Bommai regarding President Rule and secularism?,CASE_LAW_QUERY,parent_case_bommai; parent_case_sc_sr_bommai_1994,parent_case_sc_sr_bommai_1994; parent_const_art_356; parent_case_bommai; parent_case_sc_syedna_taher_1962; parent_const_art_025,1,1.0,1.0,1.0,1.0,1.0,1.0,1.0,0.6885,0.6885
RET_015,Exp 2: Dense Only,Can Parliament amend fundamental rights to destroy the basic structure of the Constitution?,AMENDMENT_QUERY,parent_case_kesavananda; parent_const_art_368; parent_case_sc_kesavananda_1973,parent_const_art_368; parent_amend_024; parent_case_kesavananda; parent_case_minerva; parent_case_sc_minerva_mills_1980,1,1.0,1.0,1.0,1.0,0.6667,0.6667,1.0,0.6052,0.6052
RET_016,Exp 2: Dense Only,Is privacy recognized as an intrinsic part of the right to life and liberty in India?,RIGHTS_QUERY,parent_case_puttaswamy; parent_const_art_21; parent_case_sc_puttaswamy_privacy_2017; parent_const_art_021,parent_case_sc_mp_sharma_1954; parent_case_sc_puttaswamy_privacy_2017; parent_case_puttaswamy; parent_case_sc_kharak_singh_1963; parent_const_art_021,2,0.0,1.0,1.0,1.0,0.75,1.0,0.5,0.3327,0.552
RET_017,Exp 2: Dense Only,"Explain the interconnected golden triangle of fundamental rights under Articles 14, 19 and 21",LEGAL_EXPLANATION,parent_const_art_019; parent_case_sc_maneka_gandhi_1978; parent_const_art_021; parent_const_art_19; parent_case_maneka; parent_const_art_014; parent_const_art_21; parent_const_art_14,parent_case_maneka; parent_const_art_013; parent_const_art_032; parent_const_art_039; parent_const_art_021a,1,1.0,1.0,1.0,1.0,0.125,0.125,1.0,0.2021,0.168
RET_018,Exp 2: Dense Only,How is secularism protected under the Constitution as affirmed in SR Bommai and Preamble?,LEGAL_EXPLANATION,parent_const_preamble; parent_case_bommai; parent_case_sc_sr_bommai_1994,parent_case_sc_sr_bommai_1994; parent_const_art_356; parent_case_sc_syedna_taher_1962; parent_const_preamble; parent_const_art_028,1,1.0,1.0,1.0,1.0,0.6667,0.6667,1.0,0.5548,0.5548
RET_019,Exp 2: Dense Only,"Writ jurisdiction of the Supreme Court to issue directions, orders or writs under Article 32",RIGHTS_QUERY,parent_const_art_32; parent_const_art_032,parent_const_art_032; parent_const_art_32; parent_const_art_226; parent_const_art_131; parent_const_art_144,1,1.0,1.0,1.0,1.0,1.0,1.0,1.0,0.7967,0.7967
RET_020,Exp 2: Dense Only,What is the procedure established by law versus substantive due process post Maneka Gandhi?,CASE_COMPARISON,parent_const_art_21; parent_case_sc_maneka_gandhi_1978; parent_const_art_021; parent_case_maneka,parent_case_sc_maneka_gandhi_1978; parent_const_art_21; parent_case_sc_ak_gopalan_1950; parent_case_sc_ram_jawaya_1955; parent_case_sc_pa_inamdar_2005,1,1.0,1.0,1.0,1.0,0.5,0.75,1.0,0.3575,0.5918
RET_021,Exp 2: Dense Only,What does Article 13 provide regarding laws inconsistent with or in derogation of fundamental rights?,RIGHTS_QUERY,parent_const_art_013; parent_const_art_13,parent_const_art_013; parent_const_art_014; parent_const_art_031c; parent_const_art_017,1,1.0,1.0,1.0,1.0,0.5,0.5,1.0,0.8262,0.8262
RET_022,Exp 2: Dense Only,"What protections against discrimination on grounds of religion, race, caste, sex or place of birth are provided in Article 15?",RIGHTS_QUERY,parent_const_art_15; parent_const_art_015,parent_const_art_015; parent_const_art_016; parent_const_art_035,1,1.0,1.0,1.0,1.0,0.5,0.5,1.0,0.8262,0.8262
RET_023,Exp 2: Dense Only,Explain equality of opportunity in matters of public employment and reservation under Article 16,RIGHTS_QUERY,parent_const_art_16; parent_const_art_016,parent_const_art_016; parent_const_art_015; parent_amend_103,1,1.0,1.0,1.0,1.0,0.5,0.5,1.0,0.8262,0.8262
RET_024,Exp 2: Dense Only,What does Article 17 state regarding the abolition of untouchability and its enforcement?,RIGHTS_QUERY,parent_const_art_17; parent_const_art_017,parent_const_art_017; parent_const_art_035; parent_const_art_031c; parent_const_art_023; parent_const_art_019,1,1.0,1.0,1.0,1.0,0.5,0.5,1.0,0.8262,0.8262
RET_025,Exp 2: Dense Only,Explain the abolition of titles and prohibitions on accepting foreign titles under Article 18,ARTICLE_LOOKUP,parent_const_art_018; parent_const_art_18,parent_const_art_018; parent_case_sc_indian_express_1985; parent_const_art_019; parent_const_art_010; parent_const_art_015,1,1.0,1.0,1.0,1.0,0.5,0.5,1.0,0.8262,0.8262
RET_026,Exp 2: Dense Only,What protections in respect of conviction for offences including ex-post facto laws and double jeopardy are in Article 20?,RIGHTS_QUERY,parent_const_art_20; parent_const_art_020,parent_const_art_020; parent_const_art_022; parent_const_art_035,1,1.0,1.0,1.0,1.0,0.5,0.5,1.0,0.8262,0.8262
RET_027,Exp 2: Dense Only,What safeguards against arrest and preventive detention are guaranteed under Article 22?,RIGHTS_QUERY,parent_const_art_022; parent_const_art_22,parent_const_art_022; parent_const_art_020; parent_const_art_032; parent_const_art_359,1,1.0,1.0,1.0,1.0,0.5,0.5,1.0,0.8262,0.8262
RET_028,Exp 2: Dense Only,Explain the prohibition of traffic in human beings and forced labour under Article 23,RIGHTS_QUERY,parent_const_art_23; parent_const_art_023,parent_const_art_023; parent_const_art_024; parent_const_art_035; parent_const_art_015; parent_const_art_042,1,1.0,1.0,1.0,1.0,0.5,0.5,1.0,0.8262,0.8262
RET_029,Exp 2: Dense Only,What does Article 24 prescribe regarding prohibition of employment of children in factories and hazardous work?,RIGHTS_QUERY,parent_const_art_024; parent_const_art_24,parent_const_art_024; parent_const_art_042; parent_const_art_023; parent_const_art_015; parent_const_art_043a,1,1.0,1.0,1.0,1.0,0.5,0.5,1.0,0.8262,0.8262
RET_030,Exp 2: Dense Only,"Explain freedom of conscience and free profession, practice and propagation of religion under Article 25",RIGHTS_QUERY,parent_const_art_025; parent_const_art_25,parent_const_art_025; parent_const_art_026; parent_const_art_028; parent_const_art_027,1,1.0,1.0,1.0,1.0,0.5,0.5,1.0,0.8262,0.8262
RET_031,Exp 2: Dense Only,What rights are guaranteed to religious denominations to manage religious affairs under Article 26?,RIGHTS_QUERY,parent_const_art_026; parent_const_art_26,parent_const_art_026; parent_const_art_025; parent_case_sc_shirur_mutt_1954; parent_const_art_028,1,1.0,1.0,1.0,1.0,0.5,0.5,1.0,0.8262,0.8262
RET_032,Exp 2: Dense Only,Explain freedom as to payment of taxes for promotion of any particular religion under Article 27,RIGHTS_QUERY,parent_const_art_27; parent_const_art_027,parent_const_art_027; parent_const_art_025; parent_const_art_026; parent_const_art_028,1,1.0,1.0,1.0,1.0,0.5,0.5,1.0,0.8262,0.8262
RET_033,Exp 2: Dense Only,What provisions govern attendance at religious instruction or religious worship in educational institutions under Article 28?,ARTICLE_LOOKUP,parent_const_art_28; parent_const_art_028,parent_const_art_028; parent_const_art_030; parent_const_art_015; parent_const_art_026; parent_const_art_021a,1,1.0,1.0,1.0,1.0,0.5,0.5,1.0,0.8262,0.8262
RET_034,Exp 2: Dense Only,"How does Article 29 protect the interests of minorities having distinct language, script or culture?",RIGHTS_QUERY,parent_const_art_29; parent_const_art_029,parent_const_art_029; parent_const_art_030; parent_const_art_035; parent_const_art_019,1,1.0,1.0,1.0,1.0,0.5,0.5,1.0,0.8262,0.8262
RET_035,Exp 2: Dense Only,What rights are conferred on religious and linguistic minorities to establish and administer educational institutions under Article 30?,RIGHTS_QUERY,parent_const_art_30; parent_const_art_030,parent_const_art_030; parent_const_art_029; parent_const_art_028; parent_const_art_015,1,1.0,1.0,1.0,1.0,0.5,0.5,1.0,0.8262,0.8262
RET_036,Exp 2: Dense Only,What power does Parliament have to modify fundamental rights in their application to armed forces under Article 33?,CONSTITUTIONAL_PROCEDURE,parent_const_art_33; parent_const_art_033,parent_const_art_033; parent_case_kesavananda; parent_case_sc_minerva_mills_1980; parent_amend_024; parent_const_art_368,1,1.0,1.0,1.0,1.0,0.5,0.5,1.0,0.8262,0.8262
RET_037,Exp 2: Dense Only,Explain restrictions on fundamental rights while martial law is in force in any area under Article 34,CONSTITUTIONAL_PROCEDURE,parent_const_art_34; parent_const_art_034,parent_const_art_034; parent_const_art_033; parent_const_art_031c; parent_const_art_039; parent_const_art_013,1,1.0,1.0,1.0,1.0,0.5,0.5,1.0,0.8262,0.8262
RET_038,Exp 2: Dense Only,What legislation is required to give effect to the provisions of Part III under Article 35?,CONSTITUTIONAL_PROCEDURE,parent_const_art_035; parent_const_art_35,parent_const_art_035; parent_const_art_031c; parent_const_art_039; parent_const_art_033; parent_const_art_075,1,1.0,1.0,1.0,1.0,0.5,0.5,1.0,0.8262,0.8262
RET_039,Exp 2: Dense Only,How is the definition of State applied to Part IV Directive Principles under Article 36?,DEFINITION_QUERY,parent_const_art_36; parent_const_art_036,parent_const_art_036; parent_const_art_012; parent_const_art_037; parent_const_art_039; parent_const_art_031c,1,1.0,1.0,1.0,1.0,0.5,0.5,1.0,0.8262,0.8262
RET_040,Exp 2: Dense Only,Explain the application and non-justiciability of the principles contained in Part IV under Article 37,LEGAL_EXPLANATION,parent_const_art_037; parent_const_art_37,parent_const_art_037; parent_case_minerva; parent_const_art_039; parent_const_art_031c; parent_const_art_371,1,1.0,1.0,1.0,1.0,0.5,0.5,1.0,0.8262,0.8262
RET_041,Exp 2: Dense Only,What does Article 38 mandate regarding the State securing a social order for the promotion of welfare of the people?,LEGAL_EXPLANATION,parent_const_art_38; parent_const_art_038,parent_const_art_038; parent_const_art_036; parent_const_art_039; parent_const_art_041; parent_const_art_047,1,1.0,1.0,1.0,1.0,0.5,0.5,1.0,0.8262,0.8262
RET_042,Exp 2: Dense Only,What specific principles of policy such as distribution of material resources and equal pay are laid down in Article 39?,LEGAL_EXPLANATION,parent_const_art_039; parent_const_art_39,parent_const_art_039; parent_const_art_043; parent_const_art_038; parent_const_art_041; parent_const_art_036,1,1.0,1.0,1.0,1.0,0.5,0.5,1.0,0.8262,0.8262
RET_043,Exp 2: Dense Only,Explain the mandate for equal justice and free legal aid under Article 39A,RIGHTS_QUERY,parent_const_art_39a; parent_const_art_039a,parent_const_art_039a; parent_const_art_21; parent_const_art_039; parent_const_art_041; parent_const_art_014,1,1.0,1.0,1.0,1.0,0.5,0.5,1.0,0.8262,0.8262
RET_044,Exp 2: Dense Only,What does Article 40 direct the State to do regarding the organisation of village panchayats?,CONSTITUTIONAL_PROCEDURE,parent_const_art_040; parent_const_art_40,parent_const_art_040; parent_amend_073; parent_const_art_039; parent_amend_074; parent_const_art_043,1,1.0,1.0,1.0,1.0,0.5,0.5,1.0,0.8262,0.8262
RET_045,Exp 2: Dense Only,"Explain the right to work, to education and to public assistance in cases of unemployment or old age under Article 41",LEGAL_EXPLANATION,parent_const_art_41; parent_const_art_041,parent_const_art_041; parent_const_art_016; parent_const_art_039; parent_const_art_043; parent_const_art_042,1,1.0,1.0,1.0,1.0,0.5,0.5,1.0,0.8262,0.8262
RET_046,Exp 2: Dense Only,What provision does Article 42 make for just and humane conditions of work and maternity relief?,LEGAL_EXPLANATION,parent_const_art_042; parent_const_art_42,parent_const_art_042; parent_const_art_359; parent_const_art_043; parent_const_art_041; parent_const_art_045,1,1.0,1.0,1.0,1.0,0.5,0.5,1.0,0.8262,0.8262
RET_047,Exp 2: Dense Only,Explain the concept of living wage and decent standard of life for workers under Article 43,LEGAL_EXPLANATION,parent_const_art_43; parent_const_art_043,parent_const_art_043; parent_const_art_039; parent_const_art_041; parent_const_art_043a; parent_const_art_042,1,1.0,1.0,1.0,1.0,0.5,0.5,1.0,0.8262,0.8262
RET_048,Exp 2: Dense Only,What does Article 43A provide regarding participation of workers in management of industries?,LEGAL_EXPLANATION,parent_const_art_43a; parent_const_art_043a,parent_const_art_043a; parent_const_art_043; parent_const_art_041; parent_const_art_371d,1,1.0,1.0,1.0,1.0,0.5,0.5,1.0,0.8262,0.8262
RET_049,Exp 2: Dense Only,Explain the promotion of cooperative societies under Article 43B,LEGAL_EXPLANATION,parent_const_art_43b; parent_const_art_043b,parent_const_art_043a; parent_const_preamble; parent_const_art_038; parent_const_art_046; parent_const_art_043,Not Found (>10),0.0,0.0,0.0,0.0,0.0,0.0,0.0,0.0,0.0
RET_050,Exp 2: Dense Only,What directive does Article 44 provide regarding securing a Uniform Civil Code for citizens?,LEGAL_EXPLANATION,parent_const_art_044; parent_const_art_44,parent_const_art_044; parent_const_art_051a; parent_const_art_035; parent_const_art_039; parent_const_art_031c,1,1.0,1.0,1.0,1.0,0.5,0.5,1.0,0.8262,0.8262
RET_051,Exp 2: Dense Only,What does Article 45 direct regarding early childhood care and education to children below age six?,LEGAL_EXPLANATION,parent_const_art_45; parent_const_art_045,parent_const_art_045; parent_amend_086; parent_const_art_051a; parent_const_art_21A; parent_const_art_021a,1,1.0,1.0,1.0,1.0,0.5,0.5,1.0,0.8262,0.8262
RET_052,Exp 2: Dense Only,How does Article 46 mandate promotion of educational and economic interests of Scheduled Castes and Scheduled Tribes?,LEGAL_EXPLANATION,parent_const_art_046; parent_const_art_46,parent_const_art_046; parent_const_art_016; parent_const_art_015; parent_const_art_051a; parent_const_art_371,1,1.0,1.0,1.0,1.0,0.5,0.5,1.0,0.8262,0.8262
RET_053,Exp 2: Dense Only,"Explain the duty of the State to raise the level of nutrition, standard of living and improve public health under Article 47",LEGAL_EXPLANATION,parent_const_art_47; parent_const_art_047,parent_const_art_047; parent_const_art_039; parent_const_art_036; parent_const_art_043; parent_const_art_038,1,1.0,1.0,1.0,1.0,0.5,0.5,1.0,0.8262,0.8262
RET_054,Exp 2: Dense Only,What does Article 48 direct regarding organisation of agriculture and animal husbandry and slaughter prohibition?,LEGAL_EXPLANATION,parent_const_art_048; parent_const_art_48,parent_const_art_048; parent_const_art_048a; parent_case_sc_pucl_food_2001; parent_const_art_047; parent_const_art_039,1,1.0,1.0,1.0,1.0,0.5,0.5,1.0,0.8262,0.8262
RET_055,Exp 2: Dense Only,Explain the mandate under Article 48A for protection and improvement of environment and safeguarding of forests and wildlife,LEGAL_EXPLANATION,parent_const_art_48a; parent_const_art_048a,parent_const_art_048a; parent_const_art_051a; parent_const_art_039; parent_const_art_049; parent_const_art_048,1,1.0,1.0,1.0,1.0,0.5,0.5,1.0,0.8262,0.8262
RET_056,Exp 2: Dense Only,What obligation does Article 49 place on the State to protect monuments and places of national importance?,ARTICLE_LOOKUP,parent_const_art_049; parent_const_art_49,parent_const_art_049; parent_const_art_051a; parent_const_art_036; parent_const_art_047; parent_const_art_048a,1,1.0,1.0,1.0,1.0,0.5,0.5,1.0,0.8262,0.8262
RET_057,Exp 2: Dense Only,Explain the constitutional principle of separation of judiciary from executive in the public services under Article 50,LEGAL_EXPLANATION,parent_const_art_050; parent_const_art_50,parent_const_art_050; parent_const_art_125; parent_const_art_154; parent_const_art_145; parent_const_art_075,1,1.0,1.0,1.0,1.0,0.5,0.5,1.0,0.8262,0.8262
RET_058,Exp 2: Dense Only,What objectives does Article 51 set out for promotion of international peace and security and treaty obligations?,LEGAL_EXPLANATION,parent_const_art_51; parent_const_art_051,parent_const_art_051; parent_const_art_051a; parent_const_art_033,1,1.0,1.0,1.0,1.0,0.5,0.5,1.0,0.8262,0.8262
RET_059,Exp 2: Dense Only,List the fundamental duties of citizens enumerated under Article 51A of Part IVA,ARTICLE_LOOKUP,parent_const_art_51a; parent_const_art_051a,parent_const_art_051a,1,1.0,1.0,1.0,1.0,0.5,0.5,1.0,0.8262,0.8262
RET_060,Exp 2: Dense Only,How did the 42nd Amendment introduce Fundamental Duties under Part IVA?,AMENDMENT_QUERY,parent_amend_042; parent_const_art_51a; parent_const_art_051a,parent_const_art_051a; parent_amend_091; parent_const_art_043a; parent_amend_042; parent_const_art_352,1,1.0,1.0,1.0,1.0,0.6667,0.6667,1.0,0.8305,0.8305
RET_061,Exp 2: Dense Only,What does Article 52 declare regarding the President of India?,ARTICLE_LOOKUP,parent_const_art_52; parent_const_art_052,parent_const_art_052; parent_const_art_056; parent_const_art_055; parent_const_art_054; parent_const_art_077,1,1.0,1.0,1.0,1.0,0.5,0.5,1.0,0.8262,0.8262
RET_062,Exp 2: Dense Only,In whom is the executive power of the Union vested under Article 53?,CONSTITUTIONAL_PROCEDURE,parent_const_art_053; parent_const_art_53,parent_const_art_053; parent_const_art_073; parent_const_art_154; parent_const_art_355,1,1.0,1.0,1.0,1.0,0.5,0.5,1.0,0.8262,0.8262
RET_063,Exp 2: Dense Only,Explain the pardoning powers of the President under Article 72 including suspension or remission of sentence,CONSTITUTIONAL_PROCEDURE,parent_const_art_072; parent_const_art_72,parent_const_art_072; parent_const_art_161; parent_const_art_359; parent_const_art_032; parent_const_art_021,1,1.0,1.0,1.0,1.0,0.5,0.5,1.0,0.8262,0.8262
RET_064,Exp 2: Dense Only,What role does the Council of Ministers play in aiding and advising the President under Article 74?,CONSTITUTIONAL_PROCEDURE,parent_const_art_074; parent_const_art_74,parent_const_art_074; parent_const_art_075; parent_const_art_163; parent_const_art_078,1,1.0,1.0,1.0,1.0,0.5,0.5,1.0,0.8262,0.8262
RET_065,Exp 2: Dense Only,Explain the appointment and tenure of the Prime Minister and Ministers under Article 75,CONSTITUTIONAL_PROCEDURE,parent_const_art_075; parent_const_art_75,parent_const_art_075; parent_const_art_078; parent_const_art_164; parent_const_art_163,1,1.0,1.0,1.0,1.0,0.5,0.5,1.0,0.8262,0.8262
RET_066,Exp 2: Dense Only,What are the duties and qualifications of the Attorney-General for India under Article 76?,ARTICLE_LOOKUP,parent_const_art_076; parent_const_art_76,parent_const_art_076; parent_const_art_165; parent_const_art_063; parent_const_art_051a; parent_const_art_126,1,1.0,1.0,1.0,1.0,0.5,0.5,1.0,0.8262,0.8262
RET_067,Exp 2: Dense Only,How is the Supreme Court of India established and judges appointed under Article 124?,CONSTITUTIONAL_PROCEDURE,parent_const_art_124,parent_const_art_124; parent_const_art_132; parent_const_art_217; parent_const_art_125; parent_const_art_133,1,1.0,1.0,1.0,1.0,1.0,1.0,1.0,1.0,1.0
RET_068,Exp 2: Dense Only,Explain the status of the Supreme Court as a Court of Record and power to punish for contempt under Article 129,ARTICLE_LOOKUP,parent_const_art_129,parent_const_art_129; parent_const_art_215; parent_const_art_137; parent_const_art_131; parent_const_art_124,1,1.0,1.0,1.0,1.0,1.0,1.0,1.0,1.0,1.0
RET_069,Exp 2: Dense Only,What is the original jurisdiction of the Supreme Court in federal disputes under Article 131?,CONSTITUTIONAL_PROCEDURE,parent_const_art_131,parent_const_art_131; parent_const_art_132; parent_const_art_134; parent_const_art_133; parent_const_art_129,1,1.0,1.0,1.0,1.0,1.0,1.0,1.0,1.0,1.0
RET_070,Exp 2: Dense Only,Explain the appellate jurisdiction of the Supreme Court in constitutional cases under Article 132,CONSTITUTIONAL_PROCEDURE,parent_const_art_132,parent_const_art_132; parent_const_art_133; parent_const_art_131; parent_const_art_134,1,1.0,1.0,1.0,1.0,1.0,1.0,1.0,1.0,1.0
RET_071,Exp 2: Dense Only,What is Special Leave to Appeal under Article 136 and when can the Supreme Court exercise it?,CONSTITUTIONAL_PROCEDURE,parent_const_art_136,parent_const_art_136; parent_const_art_133; parent_const_art_134; parent_const_art_132; parent_const_art_124,1,1.0,1.0,1.0,1.0,1.0,1.0,1.0,1.0,1.0
RET_072,Exp 2: Dense Only,What is the power of the Supreme Court to review its own judgments or orders under Article 137?,CONSTITUTIONAL_PROCEDURE,parent_const_art_137,parent_const_art_137; parent_const_art_129; parent_const_art_143; parent_const_art_142; parent_const_art_144,1,1.0,1.0,1.0,1.0,1.0,1.0,1.0,1.0,1.0
RET_073,Exp 2: Dense Only,Explain the binding nature of law declared by the Supreme Court on all courts in India under Article 141,LEGAL_EXPLANATION,parent_const_art_141,parent_const_art_141; parent_const_art_142; parent_const_art_145; parent_const_art_131; parent_const_art_124,1,1.0,1.0,1.0,1.0,1.0,1.0,1.0,1.0,1.0
RET_074,Exp 2: Dense Only,What is the plenary power of the Supreme Court to do complete justice under Article 142?,RIGHTS_QUERY,parent_const_art_142,parent_const_art_137; parent_const_art_145; parent_const_art_142; parent_const_art_129; parent_const_art_144,3,0.0,1.0,1.0,1.0,1.0,1.0,0.3333,0.5,0.5
RET_075,Exp 2: Dense Only,Explain the advisory jurisdiction of the Supreme Court upon reference by the President under Article 143,CONSTITUTIONAL_PROCEDURE,parent_const_art_143,parent_const_art_143; parent_const_art_132; parent_const_art_131; parent_const_art_144; parent_const_art_145,1,1.0,1.0,1.0,1.0,1.0,1.0,1.0,1.0,1.0
RET_076,Exp 2: Dense Only,What obligation does Article 144 impose on civil and judicial authorities to act in aid of the Supreme Court?,ARTICLE_LOOKUP,parent_const_art_144,parent_const_art_144; parent_const_art_133; parent_const_art_143; parent_const_art_131; parent_const_art_129,1,1.0,1.0,1.0,1.0,1.0,1.0,1.0,1.0,1.0
RET_077,Exp 2: Dense Only,What does Article 214 provide regarding High Courts for each State?,ARTICLE_LOOKUP,parent_const_art_214,parent_const_art_214; parent_const_art_215; parent_const_art_144; parent_const_art_131; parent_const_art_226,1,1.0,1.0,1.0,1.0,1.0,1.0,1.0,1.0,1.0
RET_078,Exp 2: Dense Only,Explain the power of High Courts as Courts of Record with contempt powers under Article 215,ARTICLE_LOOKUP,parent_const_art_215,parent_const_art_215; parent_const_art_129; parent_const_art_227; parent_const_art_214; parent_const_art_226,1,1.0,1.0,1.0,1.0,1.0,1.0,1.0,1.0,1.0
RET_079,Exp 2: Dense Only,What is the writ jurisdiction of High Courts under Article 226 for enforcement of fundamental rights and other purposes?,RIGHTS_QUERY,parent_const_art_226,parent_const_art_226; parent_const_art_214; parent_const_art_133; parent_const_art_215; parent_const_art_132,1,1.0,1.0,1.0,1.0,1.0,1.0,1.0,1.0,1.0
RET_080,Exp 2: Dense Only,Explain the power of superintendence of High Courts over all subordinate courts and tribunals under Article 227,CONSTITUTIONAL_PROCEDURE,parent_const_art_227,parent_const_art_227; parent_const_art_215; parent_const_art_214; parent_const_art_226,1,1.0,1.0,1.0,1.0,1.0,1.0,1.0,1.0,1.0
RET_081,Exp 2: Dense Only,What are the legislative territorial powers of Parliament and State Legislatures under Article 245?,CONSTITUTIONAL_PROCEDURE,parent_const_art_245,parent_const_art_245; parent_const_art_246; parent_const_art_248; parent_const_art_105,1,1.0,1.0,1.0,1.0,1.0,1.0,1.0,1.0,1.0
RET_082,Exp 2: Dense Only,"Explain the distribution of legislative powers between Union, State and Concurrent Lists under Article 246",CONSTITUTIONAL_PROCEDURE,parent_const_art_246,parent_const_art_246; parent_const_art_248; parent_const_art_073; parent_amend_091; parent_case_kesavananda,1,1.0,1.0,1.0,1.0,1.0,1.0,1.0,1.0,1.0
RET_083,Exp 2: Dense Only,How does Article 254 resolve inconsistency and repugnancy between central laws and state laws?,LEGAL_EXPLANATION,parent_const_art_254,parent_const_art_254; parent_const_art_245; parent_const_art_154; parent_const_art_246; parent_const_art_144,1,1.0,1.0,1.0,1.0,1.0,1.0,1.0,1.0,1.0
RET_084,Exp 2: Dense Only,Explain the constitutional right to property and guarantee against deprivation save by authority of law under Article 300A,RIGHTS_QUERY,parent_const_art_300a,parent_const_art_300a; parent_const_art_031c; parent_const_art_051a; parent_const_art_039; parent_amend_044,1,1.0,1.0,1.0,1.0,1.0,1.0,1.0,1.0,1.0
RET_085,Exp 2: Dense Only,What constitutional protections against arbitrary dismissal or reduction in rank are given to civil servants under Article 311?,RIGHTS_QUERY,parent_const_art_311,parent_const_art_309; parent_const_art_125; parent_const_art_300a; parent_const_art_032; parent_amend_091,Not Found (>10),0.0,0.0,0.0,0.0,0.0,0.0,0.0,0.0,0.0
RET_086,Exp 2: Dense Only,Explain the establishment and powers of administrative tribunals under Article 323A,CONSTITUTIONAL_PROCEDURE,parent_const_art_323a,parent_const_art_227; parent_case_sc_chandra_kumar_1997; parent_const_art_142; parent_const_art_355; parent_const_art_217,Not Found (>10),0.0,0.0,0.0,0.0,0.0,0.0,0.0,0.0,0.0
RET_087,Exp 2: Dense Only,"What are the superintendence, direction and control powers of the Election Commission of India under Article 324?",CONSTITUTIONAL_PROCEDURE,parent_const_art_324,parent_const_art_324; parent_case_sc_mohinder_gill_1978; parent_const_art_154; parent_const_art_054; parent_const_art_055,1,1.0,1.0,1.0,1.0,1.0,1.0,1.0,1.0,1.0
RET_088,Exp 2: Dense Only,Explain adult suffrage as the basis of elections to the House of the People and Legislative Assemblies under Article 326,RIGHTS_QUERY,parent_const_art_326,parent_const_art_326; parent_const_art_081; parent_const_art_083; parent_amend_061; parent_const_art_100,1,1.0,1.0,1.0,1.0,1.0,1.0,1.0,1.0,1.0
RET_089,Exp 2: Dense Only,What conditions justify the proclamation of National Emergency by the President under Article 352?,CONSTITUTIONAL_PROCEDURE,parent_const_art_352,parent_const_art_352; parent_amend_044; parent_const_art_360; parent_const_art_359; parent_const_art_358,1,1.0,1.0,1.0,1.0,1.0,1.0,1.0,1.0,1.0
RET_090,Exp 2: Dense Only,Explain the effect of proclamation of emergency on Union and State relations under Article 353,CONSTITUTIONAL_PROCEDURE,parent_const_art_353,parent_const_art_352; parent_const_art_355; parent_const_art_358; parent_const_art_001,Not Found (>10),0.0,0.0,0.0,0.0,0.0,0.0,0.0,0.0,0.0
RET_091,Exp 2: Dense Only,What is the duty of the Union to protect States against external aggression and internal disturbance under Article 355?,CONSTITUTIONAL_PROCEDURE,parent_const_art_355,parent_const_art_355; parent_const_art_051a; parent_const_art_053; parent_const_art_154; parent_const_art_073,1,1.0,1.0,1.0,1.0,1.0,1.0,1.0,1.0,1.0
RET_092,Exp 2: Dense Only,Explain the imposition of President Rule in case of failure of constitutional machinery in States under Article 356,CONSTITUTIONAL_PROCEDURE,parent_const_art_356,parent_const_art_356; parent_case_bommai; parent_const_art_123; parent_const_art_061; parent_const_art_124,1,1.0,1.0,1.0,1.0,1.0,1.0,1.0,1.0,1.0
RET_093,Exp 2: Dense Only,How does proclamation of emergency suspend the provisions of Article 19 under Article 358?,RIGHTS_QUERY,parent_const_art_019; parent_const_art_19; parent_const_art_358,parent_const_art_358; parent_const_art_352; parent_const_art_359; parent_amend_044; parent_const_art_021,1,1.0,1.0,1.0,1.0,0.3333,0.3333,1.0,0.4693,0.4693
RET_094,Exp 2: Dense Only,What is the power to suspend the enforcement of fundamental rights during emergencies under Article 359 and post-44th Amendment protections?,RIGHTS_QUERY,parent_const_art_359; parent_amend_044,parent_const_art_359; parent_amend_044; parent_const_art_358; parent_const_art_021; parent_const_art_032,1,1.0,1.0,1.0,1.0,1.0,1.0,1.0,1.0,1.0
RET_095,Exp 2: Dense Only,Explain the provisions for proclamation of Financial Emergency under Article 360,CONSTITUTIONAL_PROCEDURE,parent_const_art_360,parent_const_art_360; parent_const_art_352; parent_amend_044; parent_const_art_359; parent_const_art_358,1,1.0,1.0,1.0,1.0,1.0,1.0,1.0,1.0,1.0
RET_096,Exp 2: Dense Only,What changes did the First Constitutional Amendment 1951 introduce regarding Article 19(2) and the Ninth Schedule?,AMENDMENT_QUERY,parent_amend_001,parent_amend_042; parent_amend_024; parent_amend_001; parent_amend_052; parent_const_art_031b,3,0.0,1.0,1.0,1.0,1.0,1.0,0.3333,0.5,0.5
RET_097,Exp 2: Dense Only,"Explain the reorganization of States and abolition of Part A, B, C categories under the 7th Amendment 1956",AMENDMENT_QUERY,parent_amend_007,parent_amend_105; parent_amend_042; parent_amend_024; parent_amend_001; parent_const_art_039,Not Found (>10),0.0,0.0,0.0,0.0,0.0,0.0,0.0,0.0,0.0
RET_098,Exp 2: Dense Only,How did the 24th Amendment 1971 affirm Parliament power to amend fundamental rights under Article 368?,AMENDMENT_QUERY,parent_const_art_368; parent_amend_024,parent_amend_024; parent_case_kesavananda; parent_const_art_368; parent_case_sc_sajjan_singh_1965; parent_case_minerva,1,1.0,1.0,1.0,1.0,1.0,1.0,1.0,0.9639,0.9639
RET_099,Exp 2: Dense Only,Explain the insertion of Article 31C and restrictions on judicial review by the 25th Amendment 1971,AMENDMENT_QUERY,parent_amend_025,parent_const_art_031b; parent_const_art_051a; parent_const_art_031c; parent_amend_042; parent_amend_024,Not Found (>10),0.0,0.0,0.0,0.0,0.0,0.0,0.0,0.0,0.0
RET_100,Exp 2: Dense Only,What were the sweeping changes introduced by the 42nd Amendment Act 1976 often called mini-constitution?,AMENDMENT_QUERY,parent_amend_042,parent_amend_042; parent_amend_024; parent_amend_044; parent_amend_052; parent_const_art_039,1,1.0,1.0,1.0,1.0,1.0,1.0,1.0,1.0,1.0
RET_101,Exp 2: Dense Only,"How did the 44th Amendment Act 1978 restore civil liberties, safeguard Article 21, and remove the right to property from Part III?",AMENDMENT_QUERY,parent_const_art_300a; parent_amend_044,parent_amend_044; parent_const_art_019; parent_const_art_020; parent_amend_024; parent_const_art_352,1,1.0,1.0,1.0,1.0,0.5,0.5,1.0,0.8262,0.8262
RET_102,Exp 2: Dense Only,Explain the anti-defection law and Tenth Schedule added by the 52nd Amendment Act 1985,AMENDMENT_QUERY,parent_amend_052,parent_amend_052; parent_amend_091; parent_const_art_051a; parent_amend_102; parent_case_sc_kihoto_hollohan_1992,1,1.0,1.0,1.0,1.0,1.0,1.0,1.0,1.0,1.0
RET_103,Exp 2: Dense Only,What was the reduction of voting age from 21 to 18 years under the 61st Amendment Act 1988?,AMENDMENT_QUERY,parent_const_art_326; parent_amend_061,parent_amend_061; parent_amend_024; parent_amend_052; parent_amend_042; parent_const_art_045,1,1.0,1.0,1.0,1.0,0.5,1.0,1.0,0.8262,0.918
RET_104,Exp 2: Dense Only,Explain the constitutional status granted to Panchayati Raj institutions under the 73rd Amendment Act 1992,AMENDMENT_QUERY,parent_amend_073,parent_amend_073; parent_amend_074; parent_const_art_040; parent_const_art_079; parent_const_art_371d,1,1.0,1.0,1.0,1.0,1.0,1.0,1.0,1.0,1.0
RET_105,Exp 2: Dense Only,What institutional framework was established for Urban Local Bodies under the 74th Amendment Act 1992?,AMENDMENT_QUERY,parent_amend_074,parent_amend_074; parent_amend_073; parent_amend_024; parent_amend_042; parent_const_art_031b,1,1.0,1.0,1.0,1.0,1.0,1.0,1.0,1.0,1.0
RET_106,Exp 2: Dense Only,Explain how the 86th Amendment Act 2002 made education a fundamental right under Article 21A,AMENDMENT_QUERY,parent_const_art_21a; parent_const_art_021a; parent_amend_086,parent_const_art_021a; parent_amend_086; parent_const_art_21A; parent_const_art_045; parent_const_art_030,1,1.0,1.0,1.0,1.0,0.6667,0.6667,1.0,0.7003,0.7003
RET_107,Exp 2: Dense Only,What ceiling on the size of the Council of Ministers to 15 percent was imposed by the 91st Amendment Act 2003?,AMENDMENT_QUERY,parent_const_art_075; parent_const_art_75; parent_amend_091,parent_amend_091; parent_const_art_075; parent_const_art_164; parent_const_art_163; parent_amend_042,1,1.0,1.0,1.0,1.0,0.6667,0.6667,1.0,0.879,0.879
RET_108,Exp 2: Dense Only,What did the 99th Constitutional Amendment create and why was the National Judicial Appointments Commission challenged?,AMENDMENT_QUERY,parent_const_art_124; parent_amend_099,parent_amend_042; parent_amend_099; parent_case_kesavananda; parent_amend_024; parent_amend_091,2,0.0,1.0,1.0,1.0,0.5,1.0,0.5,0.5213,0.6131
RET_109,Exp 2: Dense Only,Explain the Goods and Services Tax constitutional framework created under the 101st Amendment Act 2016,AMENDMENT_QUERY,parent_amend_101,parent_amend_101; parent_amend_091; parent_amend_102; parent_const_art_265; parent_amend_042,1,1.0,1.0,1.0,1.0,1.0,1.0,1.0,1.0,1.0
RET_110,Exp 2: Dense Only,What constitutional status was conferred on the National Commission for Backward Classes by the 102nd Amendment Act 2018?,AMENDMENT_QUERY,parent_amend_102,parent_amend_102; parent_amend_105; parent_amend_042; parent_amend_104; parent_amend_074,1,1.0,1.0,1.0,1.0,1.0,1.0,1.0,1.0,1.0
RET_111,Exp 2: Dense Only,Explain the 10 percent reservation for Economically Weaker Sections introduced by the 103rd Amendment Act 2019,AMENDMENT_QUERY,parent_const_art_15; parent_amend_103; parent_const_art_16; parent_const_art_015; parent_const_art_016,parent_case_sc_janhit_abhiyan_2022; parent_amend_103; parent_amend_104; parent_amend_105; parent_const_art_016,2,0.0,1.0,1.0,1.0,0.4,0.6,0.5,0.4607,0.5327
RET_112,Exp 2: Dense Only,What extensions for Scheduled Castes and Scheduled Tribes representation were made by the 104th Amendment Act 2020?,AMENDMENT_QUERY,parent_amend_104,parent_amend_104; parent_const_art_046; parent_amend_074; parent_case_sc_janhit_abhiyan_2022; parent_amend_103,1,1.0,1.0,1.0,1.0,1.0,1.0,1.0,1.0,1.0
RET_113,Exp 2: Dense Only,How did the 105th Amendment Act 2021 restore the power of State Governments to identify socially and educationally backward classes?,AMENDMENT_QUERY,parent_amend_105,parent_amend_105; parent_amend_102; parent_amend_074; parent_amend_104; parent_amend_086,1,1.0,1.0,1.0,1.0,1.0,1.0,1.0,1.0,1.0
RET_114,Exp 2: Dense Only,What did the Supreme Court rule in Shankari Prasad Singh Deo v Union of India regarding constitutional amendment validity?,CASE_LAW_QUERY,parent_const_art_368; parent_case_shankari; parent_case_sc_shankari_prasad_1951,parent_case_sc_shankari_prasad_1951; parent_case_sc_chandra_kumar_1997; parent_const_art_145; parent_case_sc_behram_khurshid_1955; parent_case_sc_samsher_singh_1974,1,1.0,1.0,1.0,1.0,0.3333,0.3333,1.0,0.7262,0.7262
RET_115,Exp 2: Dense Only,Explain the decision in Sajjan Singh v State of Rajasthan on fundamental rights amendability,CASE_LAW_QUERY,parent_const_art_368; parent_case_sajjan; parent_case_sc_sajjan_singh_1965,parent_case_sc_sajjan_singh_1965; parent_case_sc_golak_nath_1967; parent_case_sc_behram_khurshid_1955; parent_case_sc_kameshwar_singh_1952; parent_const_art_032,1,1.0,1.0,1.0,1.0,0.3333,0.3333,1.0,0.7262,0.7262
RET_116,Exp 2: Dense Only,What was held in IC Golak Nath v State of Punjab regarding Parliament inability to abridge Part III rights?,CASE_LAW_QUERY,parent_case_golak; parent_const_art_368; parent_const_art_013; parent_const_art_13; parent_case_sc_golak_nath_1967,parent_case_sc_golak_nath_1967; parent_amend_024; parent_case_sc_kesavananda_1973; parent_case_sc_sajjan_singh_1965; parent_case_sc_ram_jawaya_1955,1,1.0,1.0,1.0,1.0,0.2,0.2,1.0,0.6062,0.6062
RET_117,Exp 2: Dense Only,Explain how Indira Nehru Gandhi v Raj Narain applied the basic structure doctrine to strike down the 39th Amendment,CASE_LAW_QUERY,parent_case_indira; parent_case_sc_indira_gandhi_1975,parent_case_sc_indira_gandhi_1975; parent_case_sc_kesavananda_1973; parent_const_art_040; parent_const_art_145; parent_amend_073,1,1.0,1.0,1.0,1.0,0.5,0.5,1.0,0.8262,0.8262
RET_118,Exp 2: Dense Only,What was established in Waman Rao v Union of India regarding the cutoff date for Ninth Schedule immunity?,CASE_LAW_QUERY,parent_case_sc_waman_rao_1981; parent_case_waman,parent_case_sc_waman_rao_1981; parent_case_sc_sita_soren_2024; parent_case_sc_sr_bommai_1994; parent_case_sc_chandra_kumar_1997; parent_case_sc_dc_wadhwa_1987,1,1.0,1.0,1.0,1.0,0.5,0.5,1.0,0.8262,0.8262
RET_119,Exp 2: Dense Only,Explain the 9-judge bench decision in IR Coelho v State of Tamil Nadu on judicial review of Ninth Schedule laws,CASE_LAW_QUERY,parent_case_ir; parent_case_sc_ir_coelho_2007,parent_case_sc_ir_coelho_2007; parent_const_art_031b; parent_case_sc_chandra_kumar_1997; parent_case_sc_kihoto_hollohan_1992; parent_case_sc_third_judges_1998,1,1.0,1.0,1.0,1.0,0.5,0.5,1.0,0.8262,0.8262
RET_120,Exp 2: Dense Only,What narrow interpretation of Article 21 and procedure established by law was adopted in AK Gopalan v State of Madras?,CASE_LAW_QUERY,parent_const_art_21; parent_case_sc_ak_gopalan_1950; parent_case_ak; parent_const_art_021,parent_case_sc_ak_gopalan_1950; parent_case_sc_champakam_1951; parent_const_art_21; parent_case_sc_s_rangarajan_1989; parent_case_sc_tma_pai_2002,1,1.0,1.0,1.0,1.0,0.5,0.5,1.0,0.7673,0.7673
RET_121,Exp 2: Dense Only,How did Kharak Singh v State of Uttar Pradesh examine police surveillance and personal liberty under Article 21?,CASE_LAW_QUERY,parent_case_sc_kharak_singh_1962; parent_const_art_21; parent_case_kharak; parent_const_art_021,parent_case_sc_kharak_singh_1963; parent_case_sc_mp_sharma_1954; parent_case_puttaswamy; parent_const_art_021; parent_case_sc_puttaswamy_privacy_2017,4,0.0,0.0,1.0,1.0,0.25,0.25,0.25,0.0944,0.0944
RET_122,Exp 2: Dense Only,What prisoner rights against solitary confinement were recognized in Sunil Batra v Delhi Administration?,CASE_LAW_QUERY,parent_case_sc_sunil_batra_1978; parent_case_sunil; parent_const_art_21; parent_const_art_021,parent_case_sc_sunil_batra_1978; parent_case_sc_dk_basu_1997; parent_case_sc_r_rajagopal_1994; parent_case_sc_francis_coralie_1981; parent_case_sc_behram_khurshid_1955,1,1.0,1.0,1.0,1.0,0.25,0.25,1.0,0.6577,0.6577
RET_123,Exp 2: Dense Only,Explain the expansion of right to livelihood under Article 21 in Olga Tellis v Bombay Municipal Corporation,CASE_LAW_QUERY,parent_case_olga; parent_const_art_21; parent_case_sc_olga_tellis_1985; parent_const_art_021,parent_case_sc_olga_tellis_1985; parent_const_art_371; parent_case_sc_pucl_food_2001; parent_const_art_037; parent_const_art_039,1,1.0,1.0,1.0,1.0,0.25,0.25,1.0,0.6577,0.6577
RET_124,Exp 2: Dense Only,What did Francis Coralie Mullin hold regarding right to life with human dignity under Article 21?,CASE_LAW_QUERY,parent_case_francis; parent_const_art_21; parent_case_sc_francis_coralie_1981; parent_const_art_021,parent_case_sc_francis_coralie_1981; parent_case_sc_olga_tellis_1985; parent_const_art_021; parent_case_sc_pucl_food_2001; parent_const_art_21,1,1.0,1.0,1.0,1.0,0.75,0.75,1.0,0.8521,0.8521
RET_125,Exp 2: Dense Only,How did Bandhua Mukti Morcha v Union of India utilize public interest litigation to free bonded labourers?,CASE_LAW_QUERY,parent_case_sc_bandhua_mukti_1984; parent_const_art_021; parent_const_art_23; parent_const_art_023; parent_const_art_21; parent_case_bandhua,parent_case_sc_bandhua_mukti_1984; parent_case_sc_indra_sawhney_1992; parent_case_sc_som_prakash_1981; parent_case_sc_electoral_bonds_2024; parent_case_sc_chandra_kumar_1997,1,1.0,1.0,1.0,1.0,0.1667,0.1667,1.0,0.6062,0.5655
RET_126,Exp 2: Dense Only,What guidelines on handcuffing and prisoner dignity were issued in Prem Shankar Shukla v Delhi Administration?,CASE_LAW_QUERY,parent_const_art_21; parent_case_prem; parent_const_art_021; parent_case_sc_prem_shankar_1980,parent_case_sc_dk_basu_1997; parent_case_sc_sunil_batra_1978; parent_case_sc_r_rajagopal_1994; parent_case_sc_hussainara_khatoon_1979; parent_case_sc_bandhua_mukti_1984,Not Found (>10),0.0,0.0,0.0,0.0,0.0,0.0,0.0,0.0,0.0
RET_127,Exp 2: Dense Only,What did the Supreme Court hold in State of Madras v Champakam Dorairajan regarding reservation and directive principles?,CASE_LAW_QUERY,parent_case_sc_champakam_dorairajan_1951; parent_const_art_15; parent_const_art_015; parent_case_champakam,parent_case_sc_champakam_1951; parent_case_sc_nagaraj_2006; parent_case_sc_maneka_gandhi_1978; parent_case_sc_pa_inamdar_2005; parent_case_sc_syedna_taher_1962,Not Found (>10),0.0,0.0,0.0,0.0,0.0,0.0,0.0,0.0,0.0
RET_128,Exp 2: Dense Only,Explain the new doctrine of equality as an antithesis to arbitrariness articulated in EP Royappa v State of Tamil Nadu,CASE_LAW_QUERY,parent_case_ep; parent_case_sc_ep_royappa_1974; parent_const_art_14; parent_const_art_014,parent_case_sc_royappa_1974; parent_const_art_14; parent_const_art_014; parent_case_sc_basheshar_nath_1959; parent_case_sc_champakam_1951,2,0.0,1.0,1.0,1.0,0.5,0.5,0.5,0.2479,0.2479
RET_129,Exp 2: Dense Only,"What were the major rulings in Indra Sawhney v Union of India regarding 27 percent OBC reservation, creamy layer, and 50 percent limit?",CASE_LAW_QUERY,parent_const_art_016; parent_case_indra; parent_const_art_16; parent_case_sc_indra_sawhney_1992,parent_case_sc_indra_sawhney_1992; parent_case_sc_janhit_abhiyan_2022; parent_case_sc_sr_bommai_1994; parent_case_sc_chandra_kumar_1997; parent_case_sc_nagaraj_2006,1,1.0,1.0,1.0,1.0,0.25,0.25,1.0,0.6577,0.6577
RET_130,Exp 2: Dense Only,How did M Nagaraj v Union of India evaluate constitutional amendments regarding reservation in promotions for SC and ST?,CASE_LAW_QUERY,parent_case_sc_m_nagaraj_2006; parent_const_art_016; parent_const_art_16; parent_case_m,parent_case_sc_nagaraj_2006; parent_case_sc_janhit_abhiyan_2022; parent_case_sc_chandra_kumar_1997; parent_const_art_102; parent_case_sc_waman_rao_1981,Not Found (>10),0.0,0.0,0.0,0.0,0.0,0.0,0.0,0.0,0.0
RET_131,Exp 2: Dense Only,What modifications to the quantifiable data requirement in SC/ST promotions were made in Jarnail Singh v Lachhmi Narain Gupta?,CASE_LAW_QUERY,parent_const_art_016; parent_case_jarnail; parent_const_art_16; parent_case_sc_jarnail_singh_2018,parent_case_sc_jarnail_singh_2018; parent_case_sc_nagaraj_2006; parent_case_sc_indra_sawhney_1992; parent_case_sc_first_judges_1981; parent_case_sc_janhit_abhiyan_2022,1,1.0,1.0,1.0,1.0,0.25,0.25,1.0,0.6577,0.6577
RET_132,Exp 2: Dense Only,Explain the constitutional validity of the 103rd Amendment EWS reservation upheld in Janhit Abhiyan v Union of India,CASE_LAW_QUERY,parent_case_janhit; parent_case_sc_janhit_abhiyan_2022; parent_amend_103,parent_case_sc_janhit_abhiyan_2022; parent_amend_103; parent_amend_104; parent_const_art_102; parent_const_art_145,1,1.0,1.0,1.0,1.0,0.6667,0.6667,1.0,0.879,0.879
RET_133,Exp 2: Dense Only,What test for reasonable restrictions on pre-censorship of press was established in Romesh Thappar v State of Madras?,CASE_LAW_QUERY,parent_case_sc_romesh_thappar_1950; parent_const_art_019; parent_const_art_19; parent_case_romesh,parent_case_sc_romesh_thappar_1950; parent_case_sc_r_rajagopal_1994; parent_case_sc_brij_bhushan_1950; parent_case_sc_ka_abbas_1971; parent_case_sc_s_rangarajan_1989,1,1.0,1.0,1.0,1.0,0.25,0.25,1.0,0.6577,0.6577
RET_134,Exp 2: Dense Only,Explain the ruling in Brij Bhushan v State of Delhi regarding freedom of speech and pre-censorship of periodicals,CASE_LAW_QUERY,parent_case_brij; parent_case_sc_brij_bhushan_1950; parent_const_art_19; parent_const_art_019,parent_case_sc_brij_bhushan_1950; parent_case_sc_r_rajagopal_1994; parent_const_art_019; parent_case_sc_romesh_thappar_1950; parent_case_sc_bennett_coleman_1973,1,1.0,1.0,1.0,1.0,0.5,0.5,1.0,0.7673,0.7673
RET_135,Exp 2: Dense Only,What did Bennett Coleman v Union of India decide on newsprint quota restrictions infringing press freedom?,CASE_LAW_QUERY,parent_case_sc_bennett_coleman_1972; parent_const_art_019; parent_const_art_19; parent_case_bennett,parent_case_sc_bennett_coleman_1973; parent_case_sc_indian_express_1985; parent_case_sc_sakal_papers_1962; parent_case_sc_r_rajagopal_1994,Not Found (>10),0.0,0.0,0.0,0.0,0.0,0.0,0.0,0.0,0.0
RET_136,Exp 2: Dense Only,Explain the invalidation of page price regulations on newspapers in Sakal Papers v Union of India,CASE_LAW_QUERY,parent_case_sc_sakal_papers_1962; parent_const_art_019; parent_case_sakal; parent_const_art_19,parent_case_sc_sakal_papers_1962; parent_case_sc_indian_express_1985; parent_case_sc_bennett_coleman_1973,1,1.0,1.0,1.0,1.0,0.25,0.25,1.0,0.6577,0.6577
RET_137,Exp 2: Dense Only,What did the Supreme Court hold in Shreya Singhal v Union of India regarding vagueness and overbreadth in Section 66A IT Act?,CASE_LAW_QUERY,parent_const_art_019; parent_const_art_19; parent_case_sc_shreya_singhal_2015; parent_case_shreya,parent_case_sc_shreya_singhal_2015; parent_case_sc_chandra_kumar_1997; parent_case_sc_ka_abbas_1971; parent_case_sc_second_judges_1993; parent_const_art_134,1,1.0,1.0,1.0,1.0,0.25,0.25,1.0,0.6577,0.6577
RET_138,Exp 2: Dense Only,Explain the judgment in Anuradha Bhasin v Union of India regarding internet shutdowns and press freedom in Jammu & Kashmir,CASE_LAW_QUERY,parent_const_art_019; parent_case_anuradha; parent_const_art_19; parent_case_sc_anuradha_bhasin_2020,parent_case_sc_anuradha_bhasin_2020; parent_case_sc_shreya_singhal_2015; parent_case_sc_puttaswamy_privacy_2017; parent_case_sc_puttaswamy_aadhaar_2018; parent_case_sc_sr_bommai_1994,1,1.0,1.0,1.0,1.0,0.25,0.25,1.0,0.6577,0.6577
RET_139,Exp 2: Dense Only,What is the essential religious practices test formulated in Commissioner Hindu Religious Endowments Madras v Sri Lakshmindra Thirtha Swamiar Shirur Mutt?,CASE_LAW_QUERY,parent_const_art_026; parent_case_shirur; parent_const_art_26; parent_const_art_025; parent_case_sc_shirur_mutt_1954; parent_const_art_25,parent_case_sc_shirur_mutt_1954; parent_const_art_025; parent_case_sc_sabarimala_2018; parent_case_sc_syedna_taher_1962; parent_case_sc_champakam_1951,1,1.0,1.0,1.0,1.0,0.3333,0.3333,1.0,0.7337,0.6845
RET_140,Exp 2: Dense Only,What did the Supreme Court decide in Dr M Ismail Faruqui v Union of India regarding state acquisition of places of worship and mosques?,CASE_LAW_QUERY,parent_case_ismail; parent_case_sc_ismail_faruqui_1994; parent_const_art_025; parent_const_art_25,parent_case_sc_ka_abbas_1971; parent_case_sc_second_judges_1993; parent_case_sc_shirur_mutt_1954; parent_case_sc_wb_v_uoi_1963; parent_case_sc_syedna_taher_1962,Not Found (>10),0.0,0.0,0.0,0.0,0.0,0.0,0.0,0.0,0.0
RET_141,Exp 2: Dense Only,Explain the constitutional invalidation of instant triple talaq in Shayara Bano v Union of India,CASE_LAW_QUERY,parent_case_shayara; parent_case_sc_shayara_bano_2017; parent_const_art_14; parent_const_art_014,parent_case_sc_shayara_bano_2017; parent_case_sc_sarbananda_sonowal_2005; parent_case_sc_naveen_jindal_2004; parent_case_sc_chandra_kumar_1997; parent_case_sc_nagaraj_2006,1,1.0,1.0,1.0,1.0,0.25,0.25,1.0,0.6577,0.6577
RET_142,Exp 2: Dense Only,What was ruled in Indian Young Lawyers Association v State of Kerala regarding women entry into Sabarimala Temple?,CASE_LAW_QUERY,parent_case_sabarimala; parent_case_sc_sabarimala_2018; parent_const_art_014; parent_const_art_025; parent_const_art_14; parent_const_art_25,parent_case_sc_sabarimala_2018; parent_case_sc_kesavananda_1973; parent_case_sc_vishaka_1997; parent_case_sc_nagaraj_2006; parent_case_sc_shirur_mutt_1954,1,1.0,1.0,1.0,1.0,0.1667,0.1667,1.0,0.6062,0.5655
RET_143,Exp 2: Dense Only,How did Bijoe Emmanuel v State of Kerala protect Jehovah Witnesses students refusing to sing the National Anthem?,CASE_LAW_QUERY,parent_case_sc_bijoe_emmanuel_1986; parent_const_art_019; parent_const_art_19; parent_case_bijoe; parent_const_art_025; parent_const_art_25,parent_case_sc_bijoe_emmanuel_1986; parent_case_sc_kerala_education_1958; parent_const_art_028; parent_case_sc_naresh_mirajkar_1967; parent_const_art_015,1,1.0,1.0,1.0,1.0,0.1667,0.1667,1.0,0.6062,0.5655
RET_144,Exp 2: Dense Only,Explain the First Judges Case SP Gupta v Union of India regarding executive primacy in judicial appointments,CASE_LAW_QUERY,parent_const_art_124; parent_case_sp; parent_case_sc_sp_gupta_1981,parent_case_sc_first_judges_1981; parent_case_sc_second_judges_1993; parent_case_sc_fourth_judges_njac_2015; parent_case_sc_chandra_kumar_1997,Not Found (>10),0.0,0.0,0.0,0.0,0.0,0.0,0.0,0.0,0.0
RET_145,Exp 2: Dense Only,How was the collegium system established in the Second Judges Case Supreme Court Advocates on Record Association 1993?,CASE_LAW_QUERY,parent_const_art_124; parent_case_sc_scara_second_judges_1993; parent_case_scara,parent_const_art_124; parent_case_sc_second_judges_1993; parent_case_sc_third_judges_1998; parent_case_sc_fourth_judges_njac_2015,1,1.0,1.0,1.0,1.0,0.3333,0.3333,1.0,0.2421,0.2421
RET_146,Exp 2: Dense Only,Explain the advisory opinion in the Third Judges Case Special Reference 1 of 1998 on consultation procedures,CASE_LAW_QUERY,parent_const_art_124; parent_case_third; parent_const_art_143; parent_case_sc_third_judges_1998,parent_case_sc_first_judges_1981; parent_case_sc_third_judges_1998; parent_case_sc_second_judges_1993; parent_const_art_217; parent_const_art_143,2,0.0,1.0,1.0,1.0,0.5,0.5,0.5,0.4997,0.4997
RET_147,Exp 2: Dense Only,Why did the Supreme Court strike down the National Judicial Appointments Commission in the Fourth Judges Case 2015?,CASE_LAW_QUERY,parent_const_art_124; parent_amend_099; parent_case_njac; parent_case_sc_njac_fourth_judges_2015,parent_amend_099; parent_case_sc_second_judges_1993; parent_case_sc_fourth_judges_njac_2015; parent_const_art_217; parent_const_art_125,1,1.0,1.0,1.0,1.0,0.25,0.5,1.0,0.2192,0.2923
RET_148,Exp 2: Dense Only,What was the ruling and famous dissent of Justice HR Khanna in ADM Jabalpur v Shivkant Shukla on habeas corpus during emergency?,CASE_LAW_QUERY,parent_const_art_359; parent_const_art_021; parent_case_adm; parent_case_sc_adm_jabalpur_1976; parent_const_art_21,parent_case_sc_adm_jabalpur_1976; parent_case_sc_puttaswamy_privacy_2017; parent_case_sc_dc_wadhwa_1987; parent_const_art_032; parent_case_sc_shirur_mutt_1954,1,1.0,1.0,1.0,1.0,0.2,0.2,1.0,0.6062,0.6062
RET_149,Exp 2: Dense Only,Explain the mandatory arrest and detention guidelines formulated in DK Basu v State of West Bengal to prevent custodial torture,CASE_LAW_QUERY,parent_case_sc_dk_basu_1997; parent_case_dk; parent_const_art_21; parent_const_art_021,parent_case_sc_dk_basu_1997; parent_const_art_022; parent_case_sc_hussainara_khatoon_1979; parent_case_sc_sunil_batra_1978,1,1.0,1.0,1.0,1.0,0.25,0.25,1.0,0.6577,0.6577
RET_150,Exp 2: Dense Only,What binding workplace sexual harassment guidelines were laid down in Vishaka v State of Rajasthan?,CASE_LAW_QUERY,parent_const_art_019; parent_const_art_021; parent_const_art_19; parent_const_art_014; parent_case_vishaka; parent_const_art_21; parent_case_sc_vishaka_1997; parent_const_art_14,parent_case_sc_vishaka_1997; parent_case_sc_navtej_johar_2018; parent_case_sc_dk_basu_1997; parent_case_sc_joseph_shine_2018; parent_const_art_024,1,1.0,1.0,1.0,1.0,0.125,0.125,1.0,0.6062,0.5039
RET_151,Exp 2: Dense Only,How did Navtej Singh Johar v Union of India decriminalize consensual homosexual relations under Section 377 IPC?,CASE_LAW_QUERY,parent_const_art_15; parent_const_art_021; parent_case_sc_navtej_johar_2018; parent_const_art_014; parent_const_art_015; parent_const_art_21; parent_case_navtej; parent_const_art_14,parent_case_sc_navtej_johar_2018; parent_case_sc_supriyo_2023; parent_case_sc_joseph_shine_2018,1,1.0,1.0,1.0,1.0,0.125,0.125,1.0,0.6062,0.5039
RET_152,Exp 2: Dense Only,Explain the striking down of criminal adultery in Section 497 IPC as unconstitutional in Joseph Shine v Union of India,CASE_LAW_QUERY,parent_const_art_021; parent_case_joseph; parent_const_art_014; parent_case_sc_joseph_shine_2018; parent_const_art_21; parent_const_art_14,parent_case_sc_joseph_shine_2018; parent_case_sc_navtej_johar_2018; parent_case_sc_ka_abbas_1971; parent_case_sc_naveen_jindal_2004,1,1.0,1.0,1.0,1.0,0.1667,0.1667,1.0,0.6062,0.5655
RET_153,Exp 2: Dense Only,What was held in Common Cause A Registered Society v Union of India regarding passive euthanasia and living wills?,CASE_LAW_QUERY,parent_case_common; parent_const_art_21; parent_case_sc_common_cause_2018; parent_const_art_021,parent_case_sc_common_cause_2018; parent_case_sc_aruna_shanbaug_2011; parent_case_sc_jallikattu_2014; parent_case_sc_chandra_kumar_1997; parent_case_sc_ka_abbas_1971,1,1.0,1.0,1.0,1.0,0.25,0.25,1.0,0.6577,0.6577
RET_154,Exp 2: Dense Only,Explain the landmark ruling on passive euthanasia and advance medical directives in Aruna Ramchandra Shanbaug v Union of India,CASE_LAW_QUERY,parent_case_sc_aruna_shanbaug_2011; parent_const_art_21; parent_case_aruna; parent_const_art_021,parent_case_sc_aruna_shanbaug_2011; parent_case_sc_common_cause_2018; parent_case_sc_dk_basu_1997; parent_case_sc_dc_wadhwa_1987; parent_case_sc_kesavananda_1973,1,1.0,1.0,1.0,1.0,0.25,0.25,1.0,0.6577,0.6577
RET_155,Exp 2: Dense Only,What did Animal Welfare Board of India v A Nagaraja hold regarding prevention of animal cruelty in Jallikattu under Article 21?,CASE_LAW_QUERY,parent_case_sc_jallikattu_2014; parent_const_art_021; parent_const_art_51a; parent_const_art_051a; parent_case_jallikattu; parent_const_art_21,parent_case_sc_jallikattu_2014; parent_const_art_048; parent_case_sc_vellore_citizens_1996; parent_const_art_048a; parent_case_sc_s_rangarajan_1989,1,1.0,1.0,1.0,1.0,0.1667,0.1667,1.0,0.6062,0.5655
RET_156,Exp 2: Dense Only,Explain the unconstitutionality of involuntary narco-analysis and brain mapping under Article 20(3) and 21 in Selvi v State of Karnataka,CASE_LAW_QUERY,parent_const_art_021; parent_const_art_20; parent_case_selvi; parent_const_art_21; parent_case_sc_selvi_2010; parent_const_art_020,parent_case_sc_selvi_2010; parent_const_art_020; parent_case_sc_tma_pai_2002; parent_case_sc_syedna_taher_1962; parent_case_sc_s_rangarajan_1989,1,1.0,1.0,1.0,1.0,0.3333,0.3333,1.0,0.7337,0.6845
RET_157,Exp 2: Dense Only,What principles on governor pardoning power and judicial review were established in KM Nanavati v State of Bombay?,CASE_LAW_QUERY,parent_const_art_161; parent_case_sc_nanavati_1961; parent_case_nanavati; parent_const_art_142,parent_const_art_072; parent_const_art_161; parent_case_sc_naresh_mirajkar_1967; parent_case_sc_samsher_singh_1974; parent_case_sc_ram_jawaya_1955,2,0.0,1.0,1.0,1.0,0.25,0.25,0.5,0.1383,0.1383
RET_158,Exp 2: Dense Only,How did Lily Thomas v Union of India strike down Section 8(4) RPA to disqualify convicted lawmakers immediately?,CASE_LAW_QUERY,parent_const_art_102; parent_const_art_191; parent_case_lily; parent_case_sc_lily_thomas_2013,parent_case_sc_lily_thomas_2013; parent_const_art_102; parent_case_sc_minerva_mills_1980; parent_case_sc_som_prakash_1981; parent_case_sc_maneka_gandhi_1978,1,1.0,1.0,1.0,1.0,0.5,0.5,1.0,0.796,0.796
RET_159,Exp 2: Dense Only,What voter right to candidate criminal antecedent disclosure was established in Association for Democratic Reforms ADR 2002?,CASE_LAW_QUERY,parent_const_art_019; parent_const_art_19; parent_case_adr; parent_case_sc_adr_voter_rights_2002,parent_case_sc_adr_2002; parent_case_sc_pucl_nota_2013; parent_case_sc_electoral_bonds_2024; parent_case_sc_sita_soren_2024,Not Found (>10),0.0,0.0,0.0,0.0,0.0,0.0,0.0,0.0,0.0
RET_160,Exp 2: Dense Only,Explain the introduction of the None of the Above NOTA option in ballot papers in PUCL v Union of India 2013,CASE_LAW_QUERY,parent_case_pucl; parent_const_art_019; parent_const_art_19; parent_case_sc_pucl_nota_2013,parent_case_sc_pucl_nota_2013; parent_case_sc_adr_2002; parent_const_art_055; parent_const_art_100; parent_const_art_058,1,1.0,1.0,1.0,1.0,0.25,0.25,1.0,0.6577,0.6577
RET_161,Exp 2: Dense Only,What did Kihoto Hollohan v Zachillhu hold regarding the Speaker powers under Tenth Schedule and judicial review?,CASE_LAW_QUERY,parent_case_sc_kihoto_hollohan_1992; parent_amend_052; parent_case_kihoto,parent_case_sc_kihoto_hollohan_1992; parent_const_art_137; parent_case_sc_ir_coelho_2007; parent_case_sc_fourth_judges_njac_2015; parent_case_sc_adm_jabalpur_1976,1,1.0,1.0,1.0,1.0,0.3333,0.3333,1.0,0.7262,0.7262
RET_162,Exp 2: Dense Only,Explain the restoration of the elected government in Arunachal Pradesh and Governor power limits in Nabam Rebia 2016,CASE_LAW_QUERY,parent_case_sc_nabam_rebia_2016; parent_case_nabam; parent_const_art_174; parent_const_art_163,parent_const_art_213; parent_case_sc_dc_wadhwa_1987; parent_const_art_153; parent_case_sc_punjab_governor_2023; parent_const_art_163,5,0.0,0.0,1.0,1.0,0.25,0.25,0.2,0.0848,0.0848
RET_163,Exp 2: Dense Only,What guidelines on Governor discretionary powers during floor tests were established in Subhash Desai v Principal Secretary Maharashtra 2023?,CASE_LAW_QUERY,parent_case_subhash; parent_const_art_163; parent_case_sc_subhash_desai_2023,parent_case_bommai; parent_const_art_213; parent_case_sc_chandra_kumar_1997; parent_amend_091; parent_case_sc_kameshwar_singh_1952,Not Found (>10),0.0,0.0,0.0,0.0,0.0,0.0,0.0,0.0,0.0
RET_164,Exp 2: Dense Only,How did Government of NCT of Delhi v Union of India 2018 interpret the constitutional status and powers of the elected Delhi Government?,CASE_LAW_QUERY,parent_case_nct; parent_case_sc_nct_delhi_2018; parent_const_art_239aa,parent_case_sc_nct_delhi_2018; parent_const_art_080; parent_const_art_073; parent_amend_106; parent_const_art_154,1,1.0,1.0,1.0,1.0,0.3333,0.3333,1.0,0.7262,0.7262
RET_165,Exp 2: Dense Only,What did State of Rajasthan v Union of India 1977 establish on judicial review of President Rule proclamations under Article 356?,CASE_LAW_QUERY,parent_case_state; parent_const_art_356; parent_case_sc_state_of_rajasthan_1977,parent_case_sc_sr_bommai_1994; parent_case_sc_sajjan_singh_1965; parent_case_sc_chandra_kumar_1997; parent_const_art_145; parent_const_art_063,Not Found (>10),0.0,0.0,0.0,0.0,0.0,0.0,0.0,0.0,0.0
RET_166,Exp 2: Dense Only,"How do Articles 14, 19, and 21 interact with Kesavananda Bharati to safeguard fundamental rights against amendment?",MULTI_DOCUMENT_QUERY,parent_const_art_019; parent_case_sc_kesavananda_1973; parent_const_art_021; parent_const_art_19; parent_case_kesavananda; parent_const_art_014; parent_const_art_21; parent_const_art_14,parent_const_art_037; parent_const_art_013; parent_const_art_19; parent_const_art_21; parent_case_kesavananda,3,0.0,1.0,1.0,1.0,0.375,0.5,0.3333,0.2663,0.2811
RET_167,Exp 2: Dense Only,Compare the scope of judicial review in Article 32 writ petitions before the Supreme Court and Article 226 before High Courts,CASE_COMPARISON,parent_const_art_32; parent_const_art_032; parent_const_art_226,parent_const_art_226; parent_const_art_133; parent_case_sc_chandra_kumar_1997; parent_const_art_132; parent_const_art_134,1,1.0,1.0,1.0,1.0,0.3333,0.3333,1.0,0.2421,0.2421
RET_168,Exp 2: Dense Only,How did the 42nd Amendment attempt to prioritize Directive Principles over Fundamental Rights and how did Minerva Mills strike it down?,MULTI_DOCUMENT_QUERY,parent_case_minerva; parent_const_art_368; parent_amend_042; parent_case_sc_minerva_mills_1980,parent_const_art_031c; parent_case_sc_minerva_mills_1980; parent_amend_042; parent_amend_024; parent_const_art_039,2,0.0,1.0,1.0,1.0,0.5,0.75,0.5,0.4671,0.5452
RET_169,Exp 2: Dense Only,Explain the evolution of right to education from Mohini Jain and Unni Krishnan to the 86th Amendment and Article 21A,MULTI_DOCUMENT_QUERY,parent_const_art_21a; parent_const_art_021a; parent_amend_086; parent_case_puttaswamy; parent_case_sc_puttaswamy_privacy_2017,parent_const_art_021a; parent_amend_086; parent_case_sc_unni_krishnan_1993; parent_const_art_21A; parent_const_art_028,1,1.0,1.0,1.0,1.0,0.4,0.4,1.0,0.5846,0.5846
RET_170,Exp 2: Dense Only,Compare the constitutional tests for creamy layer exclusion in Indra Sawhney with the quantifiable backwardness requirements in M Nagaraj,CASE_COMPARISON,parent_case_sc_indra_sawhney_1992; parent_case_indra; parent_case_sc_m_nagaraj_2006; parent_case_m; parent_const_art_16; parent_const_art_016,parent_case_sc_indra_sawhney_1992; parent_case_sc_janhit_abhiyan_2022; parent_case_sc_nagaraj_2006; parent_case_sc_jarnail_singh_2018; parent_case_sc_chintaman_rao_1951,1,1.0,1.0,1.0,1.0,0.1667,0.1667,1.0,0.6062,0.5655
RET_171,Exp 2: Dense Only,What constitutional principles govern federalism and legislative competence under Article 246 and the Seventh Schedule lists?,LEGAL_EXPLANATION,parent_case_sr; parent_const_art_246; parent_case_sc_sr_bommai_1994,parent_const_art_246; parent_amend_042; parent_const_art_080; parent_const_art_075; parent_const_art_245,1,1.0,1.0,1.0,1.0,0.3333,0.3333,1.0,0.4693,0.4693
RET_172,Exp 2: Dense Only,How did the Puttaswamy privacy judgment overrule MP Sharma 1954 and Kharak Singh 1962?,PRECEDENT_QUERY,parent_const_art_021; parent_case_sc_kharak_singh_1962; parent_const_art_21; parent_case_kharak; parent_case_puttaswamy; parent_case_sc_puttaswamy_privacy_2017,parent_case_sc_puttaswamy_privacy_2017; parent_case_sc_mp_sharma_1954; parent_case_sc_kharak_singh_1963; parent_case_puttaswamy,1,1.0,1.0,1.0,1.0,0.3333,0.3333,1.0,0.6933,0.6467
RET_173,Exp 2: Dense Only,Explain the three-pronged proportionality test for State limitations on fundamental rights under Article 21 formulated in Puttaswamy,LEGAL_EXPLANATION,parent_const_art_21; parent_case_puttaswamy; parent_case_sc_puttaswamy_privacy_2017; parent_const_art_021,parent_case_puttaswamy; parent_case_sc_golak_nath_1967; parent_const_art_021; parent_const_art_012; parent_const_art_21,1,1.0,1.0,1.0,1.0,0.75,0.75,1.0,0.4136,0.4136
RET_174,Exp 2: Dense Only,How did Maneka Gandhi overrule the strict literal interpretation of personal liberty established in AK Gopalan?,PRECEDENT_QUERY,parent_case_sc_maneka_gandhi_1978; parent_const_art_021; parent_case_ak; parent_case_maneka; parent_case_sc_ak_gopalan_1950; parent_const_art_21,parent_case_sc_maneka_gandhi_1978; parent_const_art_021; parent_case_maneka; parent_const_art_017; parent_case_sc_ak_gopalan_1950,1,1.0,1.0,1.0,1.0,0.6667,0.8333,1.0,0.913,0.9145
RET_175,Exp 2: Dense Only,What constitutional checks exist against arbitrary proclamation of emergency under Article 352 after the 44th Amendment?,CONSTITUTIONAL_PROCEDURE,parent_const_art_352; parent_amend_044,parent_const_art_352; parent_amend_044; parent_const_art_021; parent_const_art_359; parent_amend_042,1,1.0,1.0,1.0,1.0,1.0,1.0,1.0,1.0,1.0
RET_176,Exp 2: Dense Only,Explain how the Supreme Court used Article 142 complete justice power in the Union Carbide Bhopal Gas tragedy settlement,LEGAL_EXPLANATION,parent_const_art_142,parent_const_art_142; parent_const_art_137; parent_const_art_131; parent_const_art_144; parent_const_art_134,1,1.0,1.0,1.0,1.0,1.0,1.0,1.0,1.0,1.0
RET_177,Exp 2: Dense Only,What are the constitutional requirements for a Money Bill under Article 110 and judicial review of Speaker certification?,CONSTITUTIONAL_PROCEDURE,parent_case_puttaswamy; parent_case_sc_puttaswamy_privacy_2017; parent_const_art_110,parent_const_art_110; parent_const_art_201; parent_const_art_114; parent_const_art_145; parent_const_art_080,1,1.0,1.0,1.0,1.0,0.3333,0.3333,1.0,0.4693,0.4693
RET_178,Exp 2: Dense Only,Compare the judicial appointment mechanisms under the collegium system and the invalidated NJAC Act under Article 124,CASE_COMPARISON,parent_case_njac; parent_const_art_124; parent_case_scara; parent_case_sc_njac_fourth_judges_2015; parent_case_sc_scara_second_judges_1993,parent_amend_099; parent_const_art_124; parent_case_sc_fourth_judges_njac_2015; parent_const_art_126; parent_const_art_217,2,0.0,1.0,1.0,1.0,0.2,0.2,0.5,0.1275,0.1275
RET_179,Exp 2: Dense Only,"How does the doctrine of basic structure protect secularism, democracy, judicial review, and rule of law?",LEGAL_EXPLANATION,parent_case_minerva; parent_case_sc_kesavananda_1973; parent_case_sr; parent_case_sc_sr_bommai_1994; parent_case_kesavananda; parent_case_sc_minerva_mills_1980,parent_case_kesavananda; parent_const_art_037; parent_const_art_025; parent_const_art_026; parent_const_art_039,1,1.0,1.0,1.0,1.0,0.1667,0.1667,1.0,0.2021,0.1885
RET_180,Exp 2: Dense Only,What role does the Preamble play in interpreting ambiguous constitutional provisions according to Kesavananda Bharati?,LEGAL_EXPLANATION,parent_case_kesavananda; parent_const_preamble; parent_case_sc_kesavananda_1973,parent_const_preamble; parent_const_art_037; parent_case_sc_kesavananda_1973; parent_const_art_031c; parent_const_art_368,1,1.0,1.0,1.0,1.0,0.6667,0.6667,1.0,0.8473,0.8473
RET_181,Exp 2: Dense Only,"Explain the scope of freedom of trade, commerce and intercourse throughout India under Article 301",ARTICLE_LOOKUP,parent_const_art_301,parent_const_art_301; parent_const_art_077; parent_const_art_019; parent_const_art_19; parent_const_art_037,1,1.0,1.0,1.0,1.0,1.0,1.0,1.0,1.0,1.0
RET_182,Exp 2: Dense Only,What restrictions on freedom of trade and commerce can be imposed by Parliament and State legislatures under Articles 302 to 304?,CONSTITUTIONAL_PROCEDURE,parent_const_art_304; parent_const_art_302,parent_const_art_301; parent_const_art_245; parent_const_art_246; parent_const_art_035; parent_const_art_248,Not Found (>10),0.0,0.0,0.0,0.0,0.0,0.0,0.0,0.0,0.0
RET_183,Exp 2: Dense Only,How does the Finance Commission function and make recommendations on tax devolution under Article 280?,CONSTITUTIONAL_PROCEDURE,parent_const_art_280,parent_const_art_265; parent_amend_101; parent_const_art_112; parent_const_art_051a; parent_const_art_201,Not Found (>10),0.0,0.0,0.0,0.0,0.0,0.0,0.0,0.0,0.0
RET_184,Exp 2: Dense Only,Explain the duties of the Comptroller and Auditor-General of India regarding public accounts audits under Article 148 and 149,CONSTITUTIONAL_PROCEDURE,parent_const_art_148,parent_const_art_076; parent_const_art_077; parent_const_art_154; parent_const_art_142; parent_const_art_051a,Not Found (>10),0.0,0.0,0.0,0.0,0.0,0.0,0.0,0.0,0.0
RET_185,Exp 2: Dense Only,What are the rules governing the Consolidated Fund of India and Contingency Fund under Articles 266 and 267?,CONSTITUTIONAL_PROCEDURE,parent_const_art_266; parent_const_art_267,parent_const_art_114; parent_const_art_360; parent_const_art_112; parent_const_art_077; parent_const_art_371,Not Found (>10),0.0,0.0,0.0,0.0,0.0,0.0,0.0,0.0,0.0
RET_186,Exp 2: Dense Only,Explain the powers and privileges of Parliament and its members and committees under Article 105,CONSTITUTIONAL_PROCEDURE,parent_const_art_105,parent_const_art_105; parent_const_art_033; parent_const_art_248; parent_const_art_246; parent_const_art_084,1,1.0,1.0,1.0,1.0,1.0,1.0,1.0,1.0,1.0
RET_187,Exp 2: Dense Only,"What are the powers, privileges and immunities of State Legislative Assemblies and their members under Article 194?",CONSTITUTIONAL_PROCEDURE,parent_const_art_194,parent_const_art_105; parent_case_kesavananda; parent_const_art_080; parent_const_art_164; parent_const_art_246,Not Found (>10),0.0,0.0,0.0,0.0,0.0,0.0,0.0,0.0,0.0
RET_188,Exp 2: Dense Only,Explain the constitutional procedure for impeachment and removal of the President of India under Article 61,CONSTITUTIONAL_PROCEDURE,parent_const_art_61; parent_const_art_061,parent_const_art_061; parent_const_art_063; parent_const_art_056; parent_const_art_055; parent_const_art_054,1,1.0,1.0,1.0,1.0,0.5,0.5,1.0,0.8262,0.8262
RET_189,Exp 2: Dense Only,What is the procedure for removal of a Supreme Court judge on grounds of proved misbehaviour or incapacity under Article 124(4)?,CONSTITUTIONAL_PROCEDURE,parent_const_art_124,parent_const_art_124; parent_const_art_129; parent_const_art_136; parent_const_art_137; parent_const_art_217,1,1.0,1.0,1.0,1.0,1.0,1.0,1.0,1.0,1.0
RET_190,Exp 2: Dense Only,How does Article 312 govern the creation of All-India Services by the Council of States Rajya Sabha?,CONSTITUTIONAL_PROCEDURE,parent_const_art_312,parent_const_art_080; parent_const_art_355; parent_const_art_163; parent_const_art_371; parent_const_art_154,Not Found (>10),0.0,0.0,0.0,0.0,0.0,0.0,0.0,0.0,0.0
RET_191,Exp 2: Dense Only,Explain the functions of the Union Public Service Commission and State PSCs under Article 320,CONSTITUTIONAL_PROCEDURE,parent_const_art_320,parent_const_art_355; parent_const_art_309; parent_const_art_033; parent_const_art_073; parent_const_art_154,Not Found (>10),0.0,0.0,0.0,0.0,0.0,0.0,0.0,0.0,0.0
RET_192,Exp 2: Dense Only,What is the constitutional provision for the Special Officer for Linguistic Minorities under Article 350B?,ARTICLE_LOOKUP,parent_const_art_350b,parent_const_art_029; parent_const_art_030; parent_const_art_051a; parent_amend_074; parent_amend_001,Not Found (>10),0.0,0.0,0.0,0.0,0.0,0.0,0.0,0.0,0.0
RET_193,Exp 2: Dense Only,Explain the official language of the Union and devanagari script provisions under Article 343,ARTICLE_LOOKUP,parent_const_art_343,parent_const_art_001; parent_const_art_355; parent_const_art_371; parent_const_art_371d; parent_const_art_073,Not Found (>10),0.0,0.0,0.0,0.0,0.0,0.0,0.0,0.0,0.0
RET_194,Exp 2: Dense Only,What language is mandated for proceedings in the Supreme Court and High Courts under Article 348?,CONSTITUTIONAL_PROCEDURE,parent_const_art_348,parent_const_art_214; parent_const_art_144; parent_const_art_131; parent_const_art_145; parent_const_art_142,Not Found (>10),0.0,0.0,0.0,0.0,0.0,0.0,0.0,0.0,0.0
RET_195,Exp 2: Dense Only,Explain the duty of the Union to promote the spread of the Hindi language under Article 351,ARTICLE_LOOKUP,parent_const_art_351,parent_const_art_355; parent_const_art_029; parent_const_art_053; parent_const_art_051a; parent_const_art_073,Not Found (>10),0.0,0.0,0.0,0.0,0.0,0.0,0.0,0.0,0.0
RET_196,Exp 2: Dense Only,What are the residuary legislative powers of Parliament under Article 248?,CONSTITUTIONAL_PROCEDURE,parent_const_art_248,parent_const_art_248; parent_const_art_105; parent_const_art_246; parent_case_kesavananda; parent_const_art_245,1,1.0,1.0,1.0,1.0,1.0,1.0,1.0,1.0,1.0
RET_197,Exp 2: Dense Only,How can Parliament legislate on State List matters in national interest under Article 249 with Rajya Sabha resolution?,CONSTITUTIONAL_PROCEDURE,parent_const_art_249,parent_const_art_246; parent_const_art_245; parent_case_sc_chandra_kumar_1997; parent_case_sc_sajjan_singh_1965; parent_const_art_370,Not Found (>10),0.0,0.0,0.0,0.0,0.0,0.0,0.0,0.0,0.0
RET_198,Exp 2: Dense Only,Explain the power of Parliament to legislate for two or more States by consent under Article 252,CONSTITUTIONAL_PROCEDURE,parent_const_art_252,parent_const_art_248; parent_const_art_245; parent_const_art_246; parent_const_art_105,Not Found (>10),0.0,0.0,0.0,0.0,0.0,0.0,0.0,0.0,0.0
RET_199,Exp 2: Dense Only,What power does Parliament have to make laws implementing international treaties and conventions under Article 253?,CONSTITUTIONAL_PROCEDURE,parent_const_art_253,parent_const_art_248; parent_const_art_246; parent_const_art_254; parent_const_art_033; parent_const_art_245,Not Found (>10),0.0,0.0,0.0,0.0,0.0,0.0,0.0,0.0,0.0
RET_200,Exp 2: Dense Only,Explain the constitutional guarantee and jurisdiction regarding suits against the Government under Article 300,ARTICLE_LOOKUP,parent_const_art_300,parent_const_art_131; parent_const_art_300a; parent_const_art_144; parent_const_art_132; parent_const_art_356,Not Found (>10),0.0,0.0,0.0,0.0,0.0,0.0,0.0,0.0,0.0
RET_001,Exp 3: BM25 + Dense (Linear),What constitutional remedies are available under Article 32 for fundamental rights violations?,RIGHTS_QUERY,parent_const_art_32; parent_const_art_032,parent_const_art_032; parent_const_art_035; parent_const_art_013; parent_case_sc_sajjan_singh_1965; parent_amend_044,1,1.0,1.0,1.0,1.0,0.5,0.5,1.0,0.2754,0.2754
RET_002,Exp 3: BM25 + Dense (Linear),What does Article 21 guarantee regarding protection of life and personal liberty?,ARTICLE_LOOKUP,parent_const_art_21; parent_const_art_021,parent_const_art_021; parent_case_sc_francis_coralie_1981; parent_const_art_020; parent_const_art_359; parent_case_sc_maneka_gandhi_1978,1,1.0,1.0,1.0,1.0,0.5,0.5,1.0,0.2754,0.2754
RET_003,Exp 3: BM25 + Dense (Linear),Explain equality before law and equal protection of the laws under Article 14,ARTICLE_LOOKUP,parent_const_art_014; parent_const_art_14,parent_const_art_014; parent_case_sc_royappa_1974; parent_const_art_039a; parent_const_art_013; parent_const_art_031c,1,1.0,1.0,1.0,1.0,0.5,0.5,1.0,0.2754,0.2754
RET_004,Exp 3: BM25 + Dense (Linear),What six fundamental freedoms are guaranteed to citizens under Article 19?,RIGHTS_QUERY,parent_const_art_019; parent_const_art_19,parent_const_art_358; parent_const_art_019; parent_const_art_19; parent_const_art_21; parent_const_art_021,2,0.0,1.0,1.0,1.0,1.0,1.0,0.5,0.5869,0.5869
RET_005,Exp 3: BM25 + Dense (Linear),What are the core ideals and objectives set out in the Preamble of the Constitution?,ARTICLE_LOOKUP,parent_const_preamble,parent_const_preamble; parent_const_art_051a; parent_amend_042; parent_const_art_039; parent_const_art_368,1,1.0,1.0,1.0,1.0,1.0,1.0,1.0,1.0,1.0
RET_006,Exp 3: BM25 + Dense (Linear),How is the term State defined under Article 12 for the purpose of Part III?,ARTICLE_LOOKUP,parent_const_art_012; parent_const_art_12,parent_const_art_036; parent_const_art_012; parent_const_art_003; parent_const_art_201; parent_const_art_056,2,0.0,1.0,1.0,1.0,0.5,0.5,0.5,0.1738,0.1738
RET_007,Exp 3: BM25 + Dense (Linear),What does Article 21A provide regarding the fundamental right to free and compulsory education?,RIGHTS_QUERY,parent_const_art_21A; parent_const_art_021a,parent_const_art_021a; parent_amend_086; parent_const_art_041; parent_const_art_028; parent_case_sc_hussainara_khatoon_1979,1,1.0,1.0,1.0,1.0,0.5,0.5,1.0,0.2754,0.2754
RET_008,Exp 3: BM25 + Dense (Linear),Explain the power of Parliament to amend the Constitution and procedure under Article 368,AMENDMENT_QUERY,parent_const_art_368,parent_const_art_368; parent_amend_024; parent_case_sc_kesavananda_1973; parent_const_art_105; parent_const_art_246,1,1.0,1.0,1.0,1.0,1.0,1.0,1.0,1.0,1.0
RET_009,Exp 3: BM25 + Dense (Linear),What was the historical scope and special status granted under Article 370?,ARTICLE_LOOKUP,parent_const_art_370,parent_case_sc_article_370_2023; parent_const_art_370; parent_const_art_371; parent_const_art_371d; parent_const_art_039,2,0.0,1.0,1.0,1.0,1.0,1.0,0.5,0.6309,0.6309
RET_010,Exp 3: BM25 + Dense (Linear),Explain the landmark ruling in Kesavananda Bharati regarding the basic structure doctrine,CASE_LAW_QUERY,parent_case_kesavananda; parent_const_art_368; parent_case_sc_kesavananda_1973,parent_case_sc_kesavananda_1973; parent_const_art_013; parent_case_sc_waman_rao_1981; parent_const_art_037; parent_const_art_368,1,1.0,1.0,1.0,1.0,0.6667,0.6667,1.0,0.3357,0.3357
RET_011,Exp 3: BM25 + Dense (Linear),What did the Supreme Court hold in Justice KS Puttaswamy regarding right to privacy under Article 21?,CASE_LAW_QUERY,parent_const_art_21; parent_case_puttaswamy; parent_case_sc_puttaswamy_privacy_2017; parent_const_art_021,parent_case_sc_puttaswamy_privacy_2017; parent_const_art_021; parent_case_sc_mp_sharma_1954; parent_case_sc_pucl_phone_tapping_1997; parent_case_sc_r_rajagopal_1994,1,1.0,1.0,1.0,1.0,0.5,0.5,1.0,0.3575,0.3575
RET_012,Exp 3: BM25 + Dense (Linear),What were the facts and ratio decidendi of Maneka Gandhi v Union of India on personal liberty?,CASE_LAW_QUERY,parent_const_art_019; parent_case_sc_maneka_gandhi_1978; parent_const_art_021; parent_const_art_19; parent_case_maneka; parent_const_art_014; parent_const_art_21; parent_const_art_14,parent_case_sc_maneka_gandhi_1978; parent_case_sc_indira_gandhi_1975; parent_case_sc_nagaraj_2006; parent_case_sc_chandra_kumar_1997; parent_case_sc_adr_2002,1,1.0,1.0,1.0,1.0,0.125,0.125,1.0,0.2021,0.168
RET_013,Exp 3: BM25 + Dense (Linear),How did Minerva Mills v Union of India reinforce Kesavananda Bharati and strike down unamendable clauses?,CASE_LAW_QUERY,parent_case_minerva; parent_const_art_368; parent_case_sc_kesavananda_1973; parent_case_kesavananda; parent_case_sc_minerva_mills_1980,parent_const_art_031c; parent_case_sc_minerva_mills_1980; parent_case_sc_kesavananda_1973; parent_case_sc_waman_rao_1981,2,0.0,1.0,1.0,1.0,0.4,0.4,0.5,0.2285,0.2285
RET_014,Exp 3: BM25 + Dense (Linear),What guidelines were established in SR Bommai regarding President Rule and secularism?,CASE_LAW_QUERY,parent_case_bommai; parent_case_sc_sr_bommai_1994,parent_case_sc_sr_bommai_1994; parent_const_art_356; parent_const_art_025; parent_case_sc_shirur_mutt_1954; parent_case_bommai,1,1.0,1.0,1.0,1.0,1.0,1.0,1.0,0.595,0.595
RET_015,Exp 3: BM25 + Dense (Linear),Can Parliament amend fundamental rights to destroy the basic structure of the Constitution?,AMENDMENT_QUERY,parent_case_kesavananda; parent_const_art_368; parent_case_sc_kesavananda_1973,parent_const_art_368; parent_case_sc_kesavananda_1973; parent_amend_024; parent_case_sc_golak_nath_1967; parent_case_sc_minerva_mills_1980,1,1.0,1.0,1.0,1.0,0.6667,0.6667,1.0,0.3948,0.3948
RET_016,Exp 3: BM25 + Dense (Linear),Is privacy recognized as an intrinsic part of the right to life and liberty in India?,RIGHTS_QUERY,parent_case_puttaswamy; parent_const_art_21; parent_case_sc_puttaswamy_privacy_2017; parent_const_art_021,parent_case_sc_puttaswamy_privacy_2017; parent_const_art_021; parent_case_sc_kharak_singh_1963; parent_case_sc_maneka_gandhi_1978; parent_case_sc_r_rajagopal_1994,1,1.0,1.0,1.0,1.0,0.5,0.5,1.0,0.3575,0.3575
RET_017,Exp 3: BM25 + Dense (Linear),"Explain the interconnected golden triangle of fundamental rights under Articles 14, 19 and 21",LEGAL_EXPLANATION,parent_const_art_019; parent_case_sc_maneka_gandhi_1978; parent_const_art_021; parent_const_art_19; parent_case_maneka; parent_const_art_014; parent_const_art_21; parent_const_art_14,parent_const_art_021; parent_const_art_013; parent_case_sc_maneka_gandhi_1978; parent_case_maneka; parent_const_art_032,1,1.0,1.0,1.0,1.0,0.375,0.375,1.0,0.3902,0.3243
RET_018,Exp 3: BM25 + Dense (Linear),How is secularism protected under the Constitution as affirmed in SR Bommai and Preamble?,LEGAL_EXPLANATION,parent_const_preamble; parent_case_bommai; parent_case_sc_sr_bommai_1994,parent_case_sc_sr_bommai_1994; parent_const_preamble; parent_const_art_356; parent_const_art_025; parent_amend_042,1,1.0,1.0,1.0,1.0,0.6667,0.6667,1.0,0.7003,0.7003
RET_019,Exp 3: BM25 + Dense (Linear),"Writ jurisdiction of the Supreme Court to issue directions, orders or writs under Article 32",RIGHTS_QUERY,parent_const_art_32; parent_const_art_032,parent_const_art_032; parent_const_art_226; parent_const_art_142; parent_const_art_137; parent_case_sc_chandra_kumar_1997,1,1.0,1.0,1.0,1.0,0.5,0.5,1.0,0.2754,0.2754
RET_020,Exp 3: BM25 + Dense (Linear),What is the procedure established by law versus substantive due process post Maneka Gandhi?,CASE_COMPARISON,parent_const_art_21; parent_case_sc_maneka_gandhi_1978; parent_const_art_021; parent_case_maneka,parent_case_sc_maneka_gandhi_1978; parent_case_sc_ak_gopalan_1950; parent_const_art_021; parent_const_art_21; parent_case_sc_indira_gandhi_1975,1,1.0,1.0,1.0,1.0,0.75,0.75,1.0,0.4232,0.4232
RET_021,Exp 3: BM25 + Dense (Linear),What does Article 13 provide regarding laws inconsistent with or in derogation of fundamental rights?,RIGHTS_QUERY,parent_const_art_013; parent_const_art_13,parent_const_art_013; parent_const_art_031c; parent_const_art_035; parent_case_sc_golak_nath_1967; parent_const_art_019,1,1.0,1.0,1.0,1.0,0.5,0.5,1.0,0.8262,0.8262
RET_022,Exp 3: BM25 + Dense (Linear),"What protections against discrimination on grounds of religion, race, caste, sex or place of birth are provided in Article 15?",RIGHTS_QUERY,parent_const_art_15; parent_const_art_015,parent_const_art_015; parent_const_art_016; parent_const_art_023,1,1.0,1.0,1.0,1.0,0.5,0.5,1.0,0.8262,0.8262
RET_023,Exp 3: BM25 + Dense (Linear),Explain equality of opportunity in matters of public employment and reservation under Article 16,RIGHTS_QUERY,parent_const_art_16; parent_const_art_016,parent_const_art_016; parent_amend_103; parent_const_art_371d,1,1.0,1.0,1.0,1.0,0.5,0.5,1.0,0.8262,0.8262
RET_024,Exp 3: BM25 + Dense (Linear),What does Article 17 state regarding the abolition of untouchability and its enforcement?,RIGHTS_QUERY,parent_const_art_17; parent_const_art_017,parent_const_art_017; parent_const_art_035; parent_const_art_019; parent_const_art_359; parent_const_art_015,1,1.0,1.0,1.0,1.0,0.5,0.5,1.0,0.8262,0.8262
RET_025,Exp 3: BM25 + Dense (Linear),Explain the abolition of titles and prohibitions on accepting foreign titles under Article 18,ARTICLE_LOOKUP,parent_const_art_018; parent_const_art_18,parent_const_art_018; parent_const_art_002; parent_const_art_358; parent_case_sc_berubari_1960; parent_const_art_015,1,1.0,1.0,1.0,1.0,0.5,0.5,1.0,0.8262,0.8262
RET_026,Exp 3: BM25 + Dense (Linear),What protections in respect of conviction for offences including ex-post facto laws and double jeopardy are in Article 20?,RIGHTS_QUERY,parent_const_art_20; parent_const_art_020,parent_const_art_020; parent_const_art_035; parent_const_art_022,1,1.0,1.0,1.0,1.0,0.5,0.5,1.0,0.8262,0.8262
RET_027,Exp 3: BM25 + Dense (Linear),What safeguards against arrest and preventive detention are guaranteed under Article 22?,RIGHTS_QUERY,parent_const_art_022; parent_const_art_22,parent_const_art_022; parent_case_sc_dk_basu_1997; parent_const_art_032; parent_const_art_358; parent_const_art_020,1,1.0,1.0,1.0,1.0,0.5,0.5,1.0,0.8262,0.8262
RET_028,Exp 3: BM25 + Dense (Linear),Explain the prohibition of traffic in human beings and forced labour under Article 23,RIGHTS_QUERY,parent_const_art_23; parent_const_art_023,parent_const_art_023; parent_const_art_024; parent_const_art_035; parent_const_art_015,1,1.0,1.0,1.0,1.0,0.5,0.5,1.0,0.8262,0.8262
RET_029,Exp 3: BM25 + Dense (Linear),What does Article 24 prescribe regarding prohibition of employment of children in factories and hazardous work?,RIGHTS_QUERY,parent_const_art_024; parent_const_art_24,parent_const_art_024; parent_const_art_042; parent_const_art_015; parent_const_art_039; parent_const_art_041,1,1.0,1.0,1.0,1.0,0.5,0.5,1.0,0.8262,0.8262
RET_030,Exp 3: BM25 + Dense (Linear),"Explain freedom of conscience and free profession, practice and propagation of religion under Article 25",RIGHTS_QUERY,parent_const_art_025; parent_const_art_25,parent_const_art_025; parent_const_art_027; parent_const_art_019; parent_const_art_015; parent_const_art_026,1,1.0,1.0,1.0,1.0,0.5,0.5,1.0,0.8262,0.8262
RET_031,Exp 3: BM25 + Dense (Linear),What rights are guaranteed to religious denominations to manage religious affairs under Article 26?,RIGHTS_QUERY,parent_const_art_026; parent_const_art_26,parent_const_art_026; parent_case_sc_shirur_mutt_1954; parent_const_art_025; parent_const_art_028; parent_const_art_027,1,1.0,1.0,1.0,1.0,0.5,0.5,1.0,0.8262,0.8262
RET_032,Exp 3: BM25 + Dense (Linear),Explain freedom as to payment of taxes for promotion of any particular religion under Article 27,RIGHTS_QUERY,parent_const_art_27; parent_const_art_027,parent_const_art_027; parent_const_art_025; parent_const_art_028; parent_const_art_265,1,1.0,1.0,1.0,1.0,0.5,0.5,1.0,0.8262,0.8262
RET_033,Exp 3: BM25 + Dense (Linear),What provisions govern attendance at religious instruction or religious worship in educational institutions under Article 28?,ARTICLE_LOOKUP,parent_const_art_28; parent_const_art_028,parent_const_art_028; parent_const_art_030; parent_const_art_015; parent_case_sc_shirur_mutt_1954; parent_const_art_026,1,1.0,1.0,1.0,1.0,0.5,0.5,1.0,0.8262,0.8262
RET_034,Exp 3: BM25 + Dense (Linear),"How does Article 29 protect the interests of minorities having distinct language, script or culture?",RIGHTS_QUERY,parent_const_art_29; parent_const_art_029,parent_const_art_029; parent_const_art_030; parent_const_art_019; parent_const_art_015; parent_const_art_051a,1,1.0,1.0,1.0,1.0,0.5,0.5,1.0,0.8262,0.8262
RET_035,Exp 3: BM25 + Dense (Linear),What rights are conferred on religious and linguistic minorities to establish and administer educational institutions under Article 30?,RIGHTS_QUERY,parent_const_art_30; parent_const_art_030,parent_const_art_030; parent_const_art_028; parent_case_sc_tma_pai_2002; parent_const_art_015; parent_const_art_026,1,1.0,1.0,1.0,1.0,0.5,0.5,1.0,0.8262,0.8262
RET_036,Exp 3: BM25 + Dense (Linear),What power does Parliament have to modify fundamental rights in their application to armed forces under Article 33?,CONSTITUTIONAL_PROCEDURE,parent_const_art_33; parent_const_art_033,parent_const_art_033; parent_const_art_035; parent_case_sc_minerva_mills_1980; parent_amend_024; parent_const_art_013,1,1.0,1.0,1.0,1.0,0.5,0.5,1.0,0.8262,0.8262
RET_037,Exp 3: BM25 + Dense (Linear),Explain restrictions on fundamental rights while martial law is in force in any area under Article 34,CONSTITUTIONAL_PROCEDURE,parent_const_art_34; parent_const_art_034,parent_const_art_034; parent_const_art_013; parent_const_art_031c; parent_const_art_033; parent_case_sc_golak_nath_1967,1,1.0,1.0,1.0,1.0,0.5,0.5,1.0,0.8262,0.8262
RET_038,Exp 3: BM25 + Dense (Linear),What legislation is required to give effect to the provisions of Part III under Article 35?,CONSTITUTIONAL_PROCEDURE,parent_const_art_035; parent_const_art_35,parent_const_art_035; parent_const_art_031c; parent_const_art_031b; parent_const_art_359; parent_const_art_033,1,1.0,1.0,1.0,1.0,0.5,0.5,1.0,0.8262,0.8262
RET_039,Exp 3: BM25 + Dense (Linear),How is the definition of State applied to Part IV Directive Principles under Article 36?,DEFINITION_QUERY,parent_const_art_36; parent_const_art_036,parent_const_art_036; parent_const_art_031c; parent_const_art_037; parent_const_art_012; parent_const_art_039,1,1.0,1.0,1.0,1.0,0.5,0.5,1.0,0.8262,0.8262
RET_040,Exp 3: BM25 + Dense (Linear),Explain the application and non-justiciability of the principles contained in Part IV under Article 37,LEGAL_EXPLANATION,parent_const_art_037; parent_const_art_37,parent_const_art_037; parent_const_art_031c; parent_const_art_039; parent_const_art_035; parent_case_minerva,1,1.0,1.0,1.0,1.0,0.5,0.5,1.0,0.8262,0.8262
RET_041,Exp 3: BM25 + Dense (Linear),What does Article 38 mandate regarding the State securing a social order for the promotion of welfare of the people?,LEGAL_EXPLANATION,parent_const_art_38; parent_const_art_038,parent_const_art_038; parent_const_art_039; parent_const_art_047; parent_const_art_046; parent_const_art_042,1,1.0,1.0,1.0,1.0,0.5,0.5,1.0,0.8262,0.8262
RET_042,Exp 3: BM25 + Dense (Linear),What specific principles of policy such as distribution of material resources and equal pay are laid down in Article 39?,LEGAL_EXPLANATION,parent_const_art_039; parent_const_art_39,parent_const_art_039; parent_const_art_037; parent_const_art_031c; parent_const_art_039a; parent_const_art_043,1,1.0,1.0,1.0,1.0,0.5,0.5,1.0,0.8262,0.8262
RET_043,Exp 3: BM25 + Dense (Linear),Explain the mandate for equal justice and free legal aid under Article 39A,RIGHTS_QUERY,parent_const_art_39a; parent_const_art_039a,parent_const_art_039a; parent_case_sc_hussainara_khatoon_1979; parent_const_art_014; parent_const_art_039; parent_const_art_144,1,1.0,1.0,1.0,1.0,0.5,0.5,1.0,0.8262,0.8262
RET_044,Exp 3: BM25 + Dense (Linear),What does Article 40 direct the State to do regarding the organisation of village panchayats?,CONSTITUTIONAL_PROCEDURE,parent_const_art_040; parent_const_art_40,parent_const_art_040; parent_amend_073; parent_const_art_039; parent_case_sc_kesavananda_1973; parent_amend_074,1,1.0,1.0,1.0,1.0,0.5,0.5,1.0,0.8262,0.8262
RET_045,Exp 3: BM25 + Dense (Linear),"Explain the right to work, to education and to public assistance in cases of unemployment or old age under Article 41",LEGAL_EXPLANATION,parent_const_art_41; parent_const_art_041,parent_const_art_041; parent_const_art_021a; parent_const_art_043; parent_const_art_039; parent_const_art_045,1,1.0,1.0,1.0,1.0,0.5,0.5,1.0,0.8262,0.8262
RET_046,Exp 3: BM25 + Dense (Linear),What provision does Article 42 make for just and humane conditions of work and maternity relief?,LEGAL_EXPLANATION,parent_const_art_042; parent_const_art_42,parent_const_art_042; parent_const_art_041; parent_const_art_043; parent_const_art_039; parent_case_sc_francis_coralie_1981,1,1.0,1.0,1.0,1.0,0.5,0.5,1.0,0.8262,0.8262
RET_047,Exp 3: BM25 + Dense (Linear),Explain the concept of living wage and decent standard of life for workers under Article 43,LEGAL_EXPLANATION,parent_const_art_43; parent_const_art_043,parent_const_art_043; parent_const_art_047; parent_const_art_023; parent_const_art_039; parent_const_art_043a,1,1.0,1.0,1.0,1.0,0.5,0.5,1.0,0.8262,0.8262
RET_048,Exp 3: BM25 + Dense (Linear),What does Article 43A provide regarding participation of workers in management of industries?,LEGAL_EXPLANATION,parent_const_art_43a; parent_const_art_043a,parent_const_art_043a; parent_const_art_043; parent_const_art_023; parent_const_art_042; parent_const_art_041,1,1.0,1.0,1.0,1.0,0.5,0.5,1.0,0.8262,0.8262
RET_049,Exp 3: BM25 + Dense (Linear),Explain the promotion of cooperative societies under Article 43B,LEGAL_EXPLANATION,parent_const_art_43b; parent_const_art_043b,parent_const_art_038; parent_const_art_046; parent_const_art_051; parent_const_art_080; parent_case_sc_pradeep_biswas_2002,Not Found (>10),0.0,0.0,0.0,0.0,0.0,0.0,0.0,0.0,0.0
RET_050,Exp 3: BM25 + Dense (Linear),What directive does Article 44 provide regarding securing a Uniform Civil Code for citizens?,LEGAL_EXPLANATION,parent_const_art_044; parent_const_art_44,parent_const_art_044; parent_const_art_031c; parent_const_art_039; parent_const_art_051a; parent_const_art_035,1,1.0,1.0,1.0,1.0,0.5,0.5,1.0,0.8262,0.8262
RET_051,Exp 3: BM25 + Dense (Linear),What does Article 45 direct regarding early childhood care and education to children below age six?,LEGAL_EXPLANATION,parent_const_art_45; parent_const_art_045,parent_const_art_045; parent_amend_086; parent_const_art_021a; parent_const_art_051a; parent_const_art_039,1,1.0,1.0,1.0,1.0,0.5,0.5,1.0,0.8262,0.8262
RET_052,Exp 3: BM25 + Dense (Linear),How does Article 46 mandate promotion of educational and economic interests of Scheduled Castes and Scheduled Tribes?,LEGAL_EXPLANATION,parent_const_art_046; parent_const_art_46,parent_const_art_046; parent_const_art_016; parent_const_art_015; parent_amend_104; parent_const_art_029,1,1.0,1.0,1.0,1.0,0.5,0.5,1.0,0.8262,0.8262
RET_053,Exp 3: BM25 + Dense (Linear),"Explain the duty of the State to raise the level of nutrition, standard of living and improve public health under Article 47",LEGAL_EXPLANATION,parent_const_art_47; parent_const_art_047,parent_const_art_047; parent_const_art_039; parent_const_art_043; parent_const_art_048a; parent_const_art_041,1,1.0,1.0,1.0,1.0,0.5,0.5,1.0,0.8262,0.8262
RET_054,Exp 3: BM25 + Dense (Linear),What does Article 48 direct regarding organisation of agriculture and animal husbandry and slaughter prohibition?,LEGAL_EXPLANATION,parent_const_art_048; parent_const_art_48,parent_const_art_048; parent_case_sc_jallikattu_2014; parent_const_art_047; parent_const_art_039; parent_const_art_024,1,1.0,1.0,1.0,1.0,0.5,0.5,1.0,0.8262,0.8262
RET_055,Exp 3: BM25 + Dense (Linear),Explain the mandate under Article 48A for protection and improvement of environment and safeguarding of forests and wildlife,LEGAL_EXPLANATION,parent_const_art_48a; parent_const_art_048a,parent_const_art_048a; parent_const_art_051a; parent_const_art_047; parent_const_art_049; parent_const_art_048,1,1.0,1.0,1.0,1.0,0.5,0.5,1.0,0.8262,0.8262
RET_056,Exp 3: BM25 + Dense (Linear),What obligation does Article 49 place on the State to protect monuments and places of national importance?,ARTICLE_LOOKUP,parent_const_art_049; parent_const_art_49,parent_const_art_049; parent_const_art_048a; parent_const_art_051a; parent_const_art_047; parent_const_art_038,1,1.0,1.0,1.0,1.0,0.5,0.5,1.0,0.8262,0.8262
RET_057,Exp 3: BM25 + Dense (Linear),Explain the constitutional principle of separation of judiciary from executive in the public services under Article 50,LEGAL_EXPLANATION,parent_const_art_050; parent_const_art_50,parent_const_art_050; parent_const_art_154; parent_const_art_077; parent_const_art_356; parent_const_art_125,1,1.0,1.0,1.0,1.0,0.5,0.5,1.0,0.8262,0.8262
RET_058,Exp 3: BM25 + Dense (Linear),What objectives does Article 51 set out for promotion of international peace and security and treaty obligations?,LEGAL_EXPLANATION,parent_const_art_51; parent_const_art_051,parent_const_art_051; parent_const_art_047; parent_const_art_051a,1,1.0,1.0,1.0,1.0,0.5,0.5,1.0,0.8262,0.8262
RET_059,Exp 3: BM25 + Dense (Linear),List the fundamental duties of citizens enumerated under Article 51A of Part IVA,ARTICLE_LOOKUP,parent_const_art_51a; parent_const_art_051a,parent_const_art_051a,1,1.0,1.0,1.0,1.0,0.5,0.5,1.0,0.8262,0.8262
RET_060,Exp 3: BM25 + Dense (Linear),How did the 42nd Amendment introduce Fundamental Duties under Part IVA?,AMENDMENT_QUERY,parent_amend_042; parent_const_art_51a; parent_const_art_051a,parent_const_art_051a; parent_amend_042; parent_const_art_043a; parent_amend_099; parent_const_art_039,1,1.0,1.0,1.0,1.0,0.6667,0.6667,1.0,0.879,0.879
RET_061,Exp 3: BM25 + Dense (Linear),What does Article 52 declare regarding the President of India?,ARTICLE_LOOKUP,parent_const_art_52; parent_const_art_052,parent_const_art_052; parent_const_art_077; parent_const_art_063; parent_const_art_076; parent_const_art_201,1,1.0,1.0,1.0,1.0,0.5,0.5,1.0,0.8262,0.8262
RET_062,Exp 3: BM25 + Dense (Linear),In whom is the executive power of the Union vested under Article 53?,CONSTITUTIONAL_PROCEDURE,parent_const_art_053; parent_const_art_53,parent_const_art_053; parent_const_art_154; parent_const_art_073,1,1.0,1.0,1.0,1.0,0.5,0.5,1.0,0.8262,0.8262
RET_063,Exp 3: BM25 + Dense (Linear),Explain the pardoning powers of the President under Article 72 including suspension or remission of sentence,CONSTITUTIONAL_PROCEDURE,parent_const_art_072; parent_const_art_72,parent_const_art_072; parent_const_art_359; parent_const_art_356; parent_const_art_071; parent_const_art_161,1,1.0,1.0,1.0,1.0,0.5,0.5,1.0,0.8262,0.8262
RET_064,Exp 3: BM25 + Dense (Linear),What role does the Council of Ministers play in aiding and advising the President under Article 74?,CONSTITUTIONAL_PROCEDURE,parent_const_art_074; parent_const_art_74,parent_const_art_074; parent_const_art_075; parent_const_art_163,1,1.0,1.0,1.0,1.0,0.5,0.5,1.0,0.8262,0.8262
RET_065,Exp 3: BM25 + Dense (Linear),Explain the appointment and tenure of the Prime Minister and Ministers under Article 75,CONSTITUTIONAL_PROCEDURE,parent_const_art_075; parent_const_art_75,parent_const_art_075; parent_const_art_078; parent_const_art_074; parent_const_art_163,1,1.0,1.0,1.0,1.0,0.5,0.5,1.0,0.8262,0.8262
RET_066,Exp 3: BM25 + Dense (Linear),What are the duties and qualifications of the Attorney-General for India under Article 76?,ARTICLE_LOOKUP,parent_const_art_076; parent_const_art_76,parent_const_art_076; parent_const_art_165; parent_const_art_051a; parent_const_art_058,1,1.0,1.0,1.0,1.0,0.5,0.5,1.0,0.8262,0.8262
RET_067,Exp 3: BM25 + Dense (Linear),How is the Supreme Court of India established and judges appointed under Article 124?,CONSTITUTIONAL_PROCEDURE,parent_const_art_124,parent_const_art_124; parent_case_sc_second_judges_1993; parent_case_sc_third_judges_1998; parent_const_art_076; parent_const_art_145,1,1.0,1.0,1.0,1.0,1.0,1.0,1.0,1.0,1.0
RET_068,Exp 3: BM25 + Dense (Linear),Explain the status of the Supreme Court as a Court of Record and power to punish for contempt under Article 129,ARTICLE_LOOKUP,parent_const_art_129,parent_const_art_129; parent_const_art_215; parent_const_art_137; parent_const_art_143; parent_const_art_124,1,1.0,1.0,1.0,1.0,1.0,1.0,1.0,1.0,1.0
RET_069,Exp 3: BM25 + Dense (Linear),What is the original jurisdiction of the Supreme Court in federal disputes under Article 131?,CONSTITUTIONAL_PROCEDURE,parent_const_art_131,parent_const_art_131; parent_const_art_132; parent_const_art_124; parent_const_art_134; parent_const_art_133,1,1.0,1.0,1.0,1.0,1.0,1.0,1.0,1.0,1.0
RET_070,Exp 3: BM25 + Dense (Linear),Explain the appellate jurisdiction of the Supreme Court in constitutional cases under Article 132,CONSTITUTIONAL_PROCEDURE,parent_const_art_132,parent_const_art_132; parent_const_art_133; parent_const_art_134; parent_const_art_131,1,1.0,1.0,1.0,1.0,1.0,1.0,1.0,1.0,1.0
RET_071,Exp 3: BM25 + Dense (Linear),What is Special Leave to Appeal under Article 136 and when can the Supreme Court exercise it?,CONSTITUTIONAL_PROCEDURE,parent_const_art_136,parent_const_art_136; parent_const_art_137; parent_const_art_134; parent_const_art_132; parent_const_art_144,1,1.0,1.0,1.0,1.0,1.0,1.0,1.0,1.0,1.0
RET_072,Exp 3: BM25 + Dense (Linear),What is the power of the Supreme Court to review its own judgments or orders under Article 137?,CONSTITUTIONAL_PROCEDURE,parent_const_art_137,parent_const_art_137; parent_const_art_144; parent_const_art_129; parent_const_art_143; parent_const_art_141,1,1.0,1.0,1.0,1.0,1.0,1.0,1.0,1.0,1.0
RET_073,Exp 3: BM25 + Dense (Linear),Explain the binding nature of law declared by the Supreme Court on all courts in India under Article 141,LEGAL_EXPLANATION,parent_const_art_141,parent_const_art_141; parent_const_art_132; parent_const_art_133; parent_const_art_144; parent_const_art_143,1,1.0,1.0,1.0,1.0,1.0,1.0,1.0,1.0,1.0
RET_074,Exp 3: BM25 + Dense (Linear),What is the plenary power of the Supreme Court to do complete justice under Article 142?,RIGHTS_QUERY,parent_const_art_142,parent_const_art_142; parent_const_art_137; parent_const_art_129; parent_const_art_143; parent_const_art_144,1,1.0,1.0,1.0,1.0,1.0,1.0,1.0,1.0,1.0
RET_075,Exp 3: BM25 + Dense (Linear),Explain the advisory jurisdiction of the Supreme Court upon reference by the President under Article 143,CONSTITUTIONAL_PROCEDURE,parent_const_art_143,parent_const_art_143; parent_const_art_131; parent_const_art_134; parent_const_art_132; parent_const_art_136,1,1.0,1.0,1.0,1.0,1.0,1.0,1.0,1.0,1.0
RET_076,Exp 3: BM25 + Dense (Linear),What obligation does Article 144 impose on civil and judicial authorities to act in aid of the Supreme Court?,ARTICLE_LOOKUP,parent_const_art_144,parent_const_art_144; parent_const_art_143; parent_const_art_133; parent_const_art_141; parent_const_art_129,1,1.0,1.0,1.0,1.0,1.0,1.0,1.0,1.0,1.0
RET_077,Exp 3: BM25 + Dense (Linear),What does Article 214 provide regarding High Courts for each State?,ARTICLE_LOOKUP,parent_const_art_214,parent_const_art_214; parent_const_art_215; parent_const_art_227; parent_const_art_226,1,1.0,1.0,1.0,1.0,1.0,1.0,1.0,1.0,1.0
RET_078,Exp 3: BM25 + Dense (Linear),Explain the power of High Courts as Courts of Record with contempt powers under Article 215,ARTICLE_LOOKUP,parent_const_art_215,parent_const_art_215; parent_const_art_227; parent_const_art_129; parent_const_art_214; parent_const_art_226,1,1.0,1.0,1.0,1.0,1.0,1.0,1.0,1.0,1.0
RET_079,Exp 3: BM25 + Dense (Linear),What is the writ jurisdiction of High Courts under Article 226 for enforcement of fundamental rights and other purposes?,RIGHTS_QUERY,parent_const_art_226,parent_const_art_226; parent_case_sc_chandra_kumar_1997; parent_const_art_032; parent_const_art_215; parent_const_art_227,1,1.0,1.0,1.0,1.0,1.0,1.0,1.0,1.0,1.0
RET_080,Exp 3: BM25 + Dense (Linear),Explain the power of superintendence of High Courts over all subordinate courts and tribunals under Article 227,CONSTITUTIONAL_PROCEDURE,parent_const_art_227,parent_const_art_227; parent_const_art_215; parent_case_sc_chandra_kumar_1997; parent_const_art_226; parent_const_art_214,1,1.0,1.0,1.0,1.0,1.0,1.0,1.0,1.0,1.0
RET_081,Exp 3: BM25 + Dense (Linear),What are the legislative territorial powers of Parliament and State Legislatures under Article 245?,CONSTITUTIONAL_PROCEDURE,parent_const_art_245,parent_const_art_245; parent_const_art_246; parent_const_art_105,1,1.0,1.0,1.0,1.0,1.0,1.0,1.0,1.0,1.0
RET_082,Exp 3: BM25 + Dense (Linear),"Explain the distribution of legislative powers between Union, State and Concurrent Lists under Article 246",CONSTITUTIONAL_PROCEDURE,parent_const_art_246,parent_const_art_246; parent_const_art_248; parent_const_art_245; parent_const_art_254; parent_const_art_073,1,1.0,1.0,1.0,1.0,1.0,1.0,1.0,1.0,1.0
RET_083,Exp 3: BM25 + Dense (Linear),How does Article 254 resolve inconsistency and repugnancy between central laws and state laws?,LEGAL_EXPLANATION,parent_const_art_254,parent_const_art_254; parent_const_art_245; parent_const_art_246; parent_const_art_355,1,1.0,1.0,1.0,1.0,1.0,1.0,1.0,1.0,1.0
RET_084,Exp 3: BM25 + Dense (Linear),Explain the constitutional right to property and guarantee against deprivation save by authority of law under Article 300A,RIGHTS_QUERY,parent_const_art_300a,parent_const_art_300a; parent_const_art_265; parent_amend_044; parent_const_art_019; parent_const_art_010,1,1.0,1.0,1.0,1.0,1.0,1.0,1.0,1.0,1.0
RET_085,Exp 3: BM25 + Dense (Linear),What constitutional protections against arbitrary dismissal or reduction in rank are given to civil servants under Article 311?,RIGHTS_QUERY,parent_const_art_311,parent_const_art_309; parent_const_art_125; parent_const_art_300a; parent_const_art_032; parent_amend_091,Not Found (>10),0.0,0.0,0.0,0.0,0.0,0.0,0.0,0.0,0.0
RET_086,Exp 3: BM25 + Dense (Linear),Explain the establishment and powers of administrative tribunals under Article 323A,CONSTITUTIONAL_PROCEDURE,parent_const_art_323a,parent_case_sc_chandra_kumar_1997; parent_const_art_227; parent_const_art_355; parent_const_art_142; parent_const_art_217,Not Found (>10),0.0,0.0,0.0,0.0,0.0,0.0,0.0,0.0,0.0
RET_087,Exp 3: BM25 + Dense (Linear),"What are the superintendence, direction and control powers of the Election Commission of India under Article 324?",CONSTITUTIONAL_PROCEDURE,parent_const_art_324,parent_const_art_324; parent_case_sc_mohinder_gill_1978; parent_const_art_054; parent_const_art_055; parent_case_sc_kesavananda_1973,1,1.0,1.0,1.0,1.0,1.0,1.0,1.0,1.0,1.0
RET_088,Exp 3: BM25 + Dense (Linear),Explain adult suffrage as the basis of elections to the House of the People and Legislative Assemblies under Article 326,RIGHTS_QUERY,parent_const_art_326,parent_const_art_326; parent_const_art_081; parent_amend_061; parent_const_art_079; parent_const_art_368,1,1.0,1.0,1.0,1.0,1.0,1.0,1.0,1.0,1.0
RET_089,Exp 3: BM25 + Dense (Linear),What conditions justify the proclamation of National Emergency by the President under Article 352?,CONSTITUTIONAL_PROCEDURE,parent_const_art_352,parent_const_art_352; parent_amend_044; parent_const_art_360; parent_const_art_359; parent_const_art_358,1,1.0,1.0,1.0,1.0,1.0,1.0,1.0,1.0,1.0
RET_090,Exp 3: BM25 + Dense (Linear),Explain the effect of proclamation of emergency on Union and State relations under Article 353,CONSTITUTIONAL_PROCEDURE,parent_const_art_353,parent_const_art_352; parent_const_art_358; parent_const_art_360; parent_const_art_355; parent_case_sc_sr_bommai_1994,Not Found (>10),0.0,0.0,0.0,0.0,0.0,0.0,0.0,0.0,0.0
RET_091,Exp 3: BM25 + Dense (Linear),What is the duty of the Union to protect States against external aggression and internal disturbance under Article 355?,CONSTITUTIONAL_PROCEDURE,parent_const_art_355,parent_const_art_355; parent_const_art_051a; parent_const_art_047; parent_const_art_053; parent_const_art_154,1,1.0,1.0,1.0,1.0,1.0,1.0,1.0,1.0,1.0
RET_092,Exp 3: BM25 + Dense (Linear),Explain the imposition of President Rule in case of failure of constitutional machinery in States under Article 356,CONSTITUTIONAL_PROCEDURE,parent_const_art_356,parent_const_art_356; parent_const_art_201; parent_case_sc_article_370_2023; parent_const_art_003; parent_const_art_054,1,1.0,1.0,1.0,1.0,1.0,1.0,1.0,1.0,1.0
RET_093,Exp 3: BM25 + Dense (Linear),How does proclamation of emergency suspend the provisions of Article 19 under Article 358?,RIGHTS_QUERY,parent_const_art_019; parent_const_art_19; parent_const_art_358,parent_const_art_358; parent_const_art_352; parent_const_art_359; parent_amend_044; parent_const_art_360,1,1.0,1.0,1.0,1.0,0.3333,0.3333,1.0,0.4693,0.4693
RET_094,Exp 3: BM25 + Dense (Linear),What is the power to suspend the enforcement of fundamental rights during emergencies under Article 359 and post-44th Amendment protections?,RIGHTS_QUERY,parent_const_art_359; parent_amend_044,parent_const_art_359; parent_amend_044; parent_const_art_358; parent_const_art_032; parent_const_art_352,1,1.0,1.0,1.0,1.0,1.0,1.0,1.0,1.0,1.0
RET_095,Exp 3: BM25 + Dense (Linear),Explain the provisions for proclamation of Financial Emergency under Article 360,CONSTITUTIONAL_PROCEDURE,parent_const_art_360,parent_const_art_360; parent_const_art_352; parent_const_art_358; parent_amend_044,1,1.0,1.0,1.0,1.0,1.0,1.0,1.0,1.0,1.0
RET_096,Exp 3: BM25 + Dense (Linear),What changes did the First Constitutional Amendment 1951 introduce regarding Article 19(2) and the Ninth Schedule?,AMENDMENT_QUERY,parent_amend_001,parent_amend_001; parent_case_sc_shankari_prasad_1951; parent_const_art_004; parent_amend_099; parent_const_art_031b,1,1.0,1.0,1.0,1.0,1.0,1.0,1.0,1.0,1.0
RET_097,Exp 3: BM25 + Dense (Linear),"Explain the reorganization of States and abolition of Part A, B, C categories under the 7th Amendment 1956",AMENDMENT_QUERY,parent_amend_007,parent_const_art_003; parent_amend_001; parent_const_art_031b; parent_const_art_001; parent_amend_105,Not Found (>10),0.0,0.0,0.0,0.0,0.0,0.0,0.0,0.0,0.0
RET_098,Exp 3: BM25 + Dense (Linear),How did the 24th Amendment 1971 affirm Parliament power to amend fundamental rights under Article 368?,AMENDMENT_QUERY,parent_const_art_368; parent_amend_024,parent_amend_024; parent_case_sc_sajjan_singh_1965; parent_const_art_368; parent_case_sc_minerva_mills_1980; parent_case_sc_kesavananda_1973,1,1.0,1.0,1.0,1.0,1.0,1.0,1.0,0.9639,0.9639
RET_099,Exp 3: BM25 + Dense (Linear),Explain the insertion of Article 31C and restrictions on judicial review by the 25th Amendment 1971,AMENDMENT_QUERY,parent_amend_025,parent_const_art_031c; parent_amend_042; parent_const_art_031b; parent_amend_024; parent_const_art_137,Not Found (>10),0.0,0.0,0.0,0.0,0.0,0.0,0.0,0.0,0.0
RET_100,Exp 3: BM25 + Dense (Linear),What were the sweeping changes introduced by the 42nd Amendment Act 1976 often called mini-constitution?,AMENDMENT_QUERY,parent_amend_042,parent_amend_042; parent_const_art_039; parent_const_art_043a; parent_amend_024; parent_amend_044,1,1.0,1.0,1.0,1.0,1.0,1.0,1.0,1.0,1.0
RET_101,Exp 3: BM25 + Dense (Linear),"How did the 44th Amendment Act 1978 restore civil liberties, safeguard Article 21, and remove the right to property from Part III?",AMENDMENT_QUERY,parent_const_art_300a; parent_amend_044,parent_amend_044; parent_const_art_019; parent_const_art_300a; parent_const_art_020; parent_const_art_359,1,1.0,1.0,1.0,1.0,1.0,1.0,1.0,0.9639,0.9639
RET_102,Exp 3: BM25 + Dense (Linear),Explain the anti-defection law and Tenth Schedule added by the 52nd Amendment Act 1985,AMENDMENT_QUERY,parent_amend_052,parent_amend_052; parent_amend_091; parent_case_sc_kihoto_hollohan_1992; parent_const_art_352; parent_amend_042,1,1.0,1.0,1.0,1.0,1.0,1.0,1.0,1.0,1.0
RET_103,Exp 3: BM25 + Dense (Linear),What was the reduction of voting age from 21 to 18 years under the 61st Amendment Act 1988?,AMENDMENT_QUERY,parent_const_art_326; parent_amend_061,parent_amend_061; parent_const_art_045; parent_const_art_326; parent_const_art_021a; parent_amend_104,1,1.0,1.0,1.0,1.0,1.0,1.0,1.0,0.9639,0.9639
RET_104,Exp 3: BM25 + Dense (Linear),Explain the constitutional status granted to Panchayati Raj institutions under the 73rd Amendment Act 1992,AMENDMENT_QUERY,parent_amend_073,parent_amend_073; parent_const_art_040; parent_amend_074; parent_case_sc_indira_gandhi_1975; parent_const_art_079,1,1.0,1.0,1.0,1.0,1.0,1.0,1.0,1.0,1.0
RET_105,Exp 3: BM25 + Dense (Linear),What institutional framework was established for Urban Local Bodies under the 74th Amendment Act 1992?,AMENDMENT_QUERY,parent_amend_074,parent_amend_074; parent_amend_073; parent_const_art_040; parent_const_art_039; parent_amend_024,1,1.0,1.0,1.0,1.0,1.0,1.0,1.0,1.0,1.0
RET_106,Exp 3: BM25 + Dense (Linear),Explain how the 86th Amendment Act 2002 made education a fundamental right under Article 21A,AMENDMENT_QUERY,parent_const_art_21a; parent_const_art_021a; parent_amend_086,parent_const_art_021a; parent_amend_086; parent_const_art_045; parent_case_sc_unni_krishnan_1993; parent_amend_024,1,1.0,1.0,1.0,1.0,0.6667,0.6667,1.0,0.7003,0.7003
RET_107,Exp 3: BM25 + Dense (Linear),What ceiling on the size of the Council of Ministers to 15 percent was imposed by the 91st Amendment Act 2003?,AMENDMENT_QUERY,parent_const_art_075; parent_const_art_75; parent_amend_091,parent_amend_091; parent_const_art_075; parent_const_art_074; parent_case_sc_nct_delhi_2018; parent_const_art_163,1,1.0,1.0,1.0,1.0,0.6667,0.6667,1.0,0.879,0.879
RET_108,Exp 3: BM25 + Dense (Linear),What did the 99th Constitutional Amendment create and why was the National Judicial Appointments Commission challenged?,AMENDMENT_QUERY,parent_const_art_124; parent_amend_099,parent_amend_099; parent_const_art_124; parent_case_sc_third_judges_1998; parent_case_sc_fourth_judges_njac_2015; parent_amend_001,1,1.0,1.0,1.0,1.0,1.0,1.0,1.0,1.0,1.0
RET_109,Exp 3: BM25 + Dense (Linear),Explain the Goods and Services Tax constitutional framework created under the 101st Amendment Act 2016,AMENDMENT_QUERY,parent_amend_101,parent_amend_101; parent_amend_102; parent_amend_091; parent_amend_099; parent_amend_044,1,1.0,1.0,1.0,1.0,1.0,1.0,1.0,1.0,1.0
RET_110,Exp 3: BM25 + Dense (Linear),What constitutional status was conferred on the National Commission for Backward Classes by the 102nd Amendment Act 2018?,AMENDMENT_QUERY,parent_amend_102,parent_amend_102; parent_amend_105; parent_case_sc_indra_sawhney_1992; parent_amend_074; parent_amend_042,1,1.0,1.0,1.0,1.0,1.0,1.0,1.0,1.0,1.0
RET_111,Exp 3: BM25 + Dense (Linear),Explain the 10 percent reservation for Economically Weaker Sections introduced by the 103rd Amendment Act 2019,AMENDMENT_QUERY,parent_const_art_15; parent_amend_103; parent_const_art_16; parent_const_art_015; parent_const_art_016,parent_case_sc_janhit_abhiyan_2022; parent_amend_103; parent_const_art_016; parent_amend_104; parent_const_art_015,2,0.0,1.0,1.0,1.0,0.6,0.6,0.5,0.5617,0.5617
RET_112,Exp 3: BM25 + Dense (Linear),What extensions for Scheduled Castes and Scheduled Tribes representation were made by the 104th Amendment Act 2020?,AMENDMENT_QUERY,parent_amend_104,parent_amend_104; parent_const_art_046; parent_const_art_015; parent_const_art_016; parent_amend_103,1,1.0,1.0,1.0,1.0,1.0,1.0,1.0,1.0,1.0
RET_113,Exp 3: BM25 + Dense (Linear),How did the 105th Amendment Act 2021 restore the power of State Governments to identify socially and educationally backward classes?,AMENDMENT_QUERY,parent_amend_105,parent_amend_105; parent_amend_102; parent_const_art_015; parent_amend_086; parent_amend_074,1,1.0,1.0,1.0,1.0,1.0,1.0,1.0,1.0,1.0
RET_114,Exp 3: BM25 + Dense (Linear),What did the Supreme Court rule in Shankari Prasad Singh Deo v Union of India regarding constitutional amendment validity?,CASE_LAW_QUERY,parent_const_art_368; parent_case_shankari; parent_case_sc_shankari_prasad_1951,parent_case_sc_shankari_prasad_1951; parent_case_sc_sajjan_singh_1965; parent_case_sc_chandra_kumar_1997; parent_const_art_145; parent_case_sc_behram_khurshid_1955,1,1.0,1.0,1.0,1.0,0.3333,0.3333,1.0,0.7262,0.7262
RET_115,Exp 3: BM25 + Dense (Linear),Explain the decision in Sajjan Singh v State of Rajasthan on fundamental rights amendability,CASE_LAW_QUERY,parent_const_art_368; parent_case_sajjan; parent_case_sc_sajjan_singh_1965,parent_case_sc_sajjan_singh_1965; parent_case_sc_sukhdev_singh_1975; parent_const_art_037; parent_case_sc_shankari_prasad_1951; parent_amend_024,1,1.0,1.0,1.0,1.0,0.3333,0.3333,1.0,0.7262,0.7262
RET_116,Exp 3: BM25 + Dense (Linear),What was held in IC Golak Nath v State of Punjab regarding Parliament inability to abridge Part III rights?,CASE_LAW_QUERY,parent_case_golak; parent_const_art_368; parent_const_art_013; parent_const_art_13; parent_case_sc_golak_nath_1967,parent_case_sc_golak_nath_1967; parent_amend_024; parent_case_sc_kesavananda_1973; parent_case_sc_sajjan_singh_1965; parent_case_sc_punjab_governor_2023,1,1.0,1.0,1.0,1.0,0.2,0.2,1.0,0.6062,0.6062
RET_117,Exp 3: BM25 + Dense (Linear),Explain how Indira Nehru Gandhi v Raj Narain applied the basic structure doctrine to strike down the 39th Amendment,CASE_LAW_QUERY,parent_case_indira; parent_case_sc_indira_gandhi_1975,parent_case_sc_indira_gandhi_1975; parent_case_sc_kesavananda_1973; parent_case_sc_waman_rao_1981; parent_amend_073; parent_const_art_031c,1,1.0,1.0,1.0,1.0,0.5,0.5,1.0,0.8262,0.8262
RET_118,Exp 3: BM25 + Dense (Linear),What was established in Waman Rao v Union of India regarding the cutoff date for Ninth Schedule immunity?,CASE_LAW_QUERY,parent_case_sc_waman_rao_1981; parent_case_waman,parent_case_sc_waman_rao_1981; parent_case_sc_sita_soren_2024; parent_case_sc_ir_coelho_2007; parent_case_sc_sr_bommai_1994; parent_case_sc_chandra_kumar_1997,1,1.0,1.0,1.0,1.0,0.5,0.5,1.0,0.8262,0.8262
RET_119,Exp 3: BM25 + Dense (Linear),Explain the 9-judge bench decision in IR Coelho v State of Tamil Nadu on judicial review of Ninth Schedule laws,CASE_LAW_QUERY,parent_case_ir; parent_case_sc_ir_coelho_2007,parent_const_art_031b; parent_case_sc_ir_coelho_2007; parent_case_sc_kihoto_hollohan_1992; parent_case_sc_second_judges_1993; parent_case_sc_waman_rao_1981,2,0.0,1.0,1.0,1.0,0.5,0.5,0.5,0.5213,0.5213
RET_120,Exp 3: BM25 + Dense (Linear),What narrow interpretation of Article 21 and procedure established by law was adopted in AK Gopalan v State of Madras?,CASE_LAW_QUERY,parent_const_art_21; parent_case_sc_ak_gopalan_1950; parent_case_ak; parent_const_art_021,parent_case_sc_ak_gopalan_1950; parent_const_art_021; parent_case_sc_maneka_gandhi_1978; parent_case_sc_behram_khurshid_1955; parent_case_sc_pa_inamdar_2005,1,1.0,1.0,1.0,1.0,0.5,0.75,1.0,0.796,0.869
RET_121,Exp 3: BM25 + Dense (Linear),How did Kharak Singh v State of Uttar Pradesh examine police surveillance and personal liberty under Article 21?,CASE_LAW_QUERY,parent_case_sc_kharak_singh_1962; parent_const_art_21; parent_case_kharak; parent_const_art_021,parent_case_sc_kharak_singh_1963; parent_case_sc_maneka_gandhi_1978; parent_const_art_020; parent_const_art_021; parent_case_sc_puttaswamy_privacy_2017,4,0.0,0.0,1.0,1.0,0.25,0.25,0.25,0.0944,0.0944
RET_122,Exp 3: BM25 + Dense (Linear),What prisoner rights against solitary confinement were recognized in Sunil Batra v Delhi Administration?,CASE_LAW_QUERY,parent_case_sc_sunil_batra_1978; parent_case_sunil; parent_const_art_21; parent_const_art_021,parent_case_sc_sunil_batra_1978; parent_case_sc_r_rajagopal_1994; parent_const_art_022; parent_case_sc_dk_basu_1997; parent_case_sc_francis_coralie_1981,1,1.0,1.0,1.0,1.0,0.25,0.25,1.0,0.6577,0.6577
RET_123,Exp 3: BM25 + Dense (Linear),Explain the expansion of right to livelihood under Article 21 in Olga Tellis v Bombay Municipal Corporation,CASE_LAW_QUERY,parent_case_olga; parent_const_art_21; parent_case_sc_olga_tellis_1985; parent_const_art_021,parent_case_sc_olga_tellis_1985; parent_const_art_021; parent_case_sc_pucl_food_2001; parent_case_sc_francis_coralie_1981; parent_case_sc_subhash_kumar_1991,1,1.0,1.0,1.0,1.0,0.5,0.5,1.0,0.796,0.796
RET_124,Exp 3: BM25 + Dense (Linear),What did Francis Coralie Mullin hold regarding right to life with human dignity under Article 21?,CASE_LAW_QUERY,parent_case_francis; parent_const_art_21; parent_case_sc_francis_coralie_1981; parent_const_art_021,parent_case_sc_francis_coralie_1981; parent_case_sc_olga_tellis_1985; parent_case_sc_common_cause_2018; parent_case_sc_aruna_shanbaug_2011; parent_const_art_021,1,1.0,1.0,1.0,1.0,0.5,0.5,1.0,0.7425,0.7425
RET_125,Exp 3: BM25 + Dense (Linear),How did Bandhua Mukti Morcha v Union of India utilize public interest litigation to free bonded labourers?,CASE_LAW_QUERY,parent_case_sc_bandhua_mukti_1984; parent_const_art_021; parent_const_art_23; parent_const_art_023; parent_const_art_21; parent_case_bandhua,parent_case_sc_bandhua_mukti_1984; parent_case_sc_som_prakash_1981; parent_case_sc_indra_sawhney_1992; parent_case_sc_electoral_bonds_2024; parent_case_sc_chandra_kumar_1997,1,1.0,1.0,1.0,1.0,0.1667,0.1667,1.0,0.6062,0.5655
RET_126,Exp 3: BM25 + Dense (Linear),What guidelines on handcuffing and prisoner dignity were issued in Prem Shankar Shukla v Delhi Administration?,CASE_LAW_QUERY,parent_const_art_21; parent_case_prem; parent_const_art_021; parent_case_sc_prem_shankar_1980,parent_case_sc_sunil_batra_1978; parent_case_sc_r_rajagopal_1994; parent_case_sc_dk_basu_1997; parent_case_sc_francis_coralie_1981; parent_case_sc_adm_jabalpur_1976,Not Found (>10),0.0,0.0,0.0,0.0,0.0,0.0,0.0,0.0,0.0
RET_127,Exp 3: BM25 + Dense (Linear),What did the Supreme Court hold in State of Madras v Champakam Dorairajan regarding reservation and directive principles?,CASE_LAW_QUERY,parent_case_sc_champakam_dorairajan_1951; parent_const_art_15; parent_const_art_015; parent_case_champakam,parent_case_sc_champakam_1951; parent_case_sc_nagaraj_2006; parent_case_sc_maneka_gandhi_1978; parent_case_sc_pa_inamdar_2005; parent_case_sc_syedna_taher_1962,Not Found (>10),0.0,0.0,0.0,0.0,0.0,0.0,0.0,0.0,0.0
RET_128,Exp 3: BM25 + Dense (Linear),Explain the new doctrine of equality as an antithesis to arbitrariness articulated in EP Royappa v State of Tamil Nadu,CASE_LAW_QUERY,parent_case_ep; parent_case_sc_ep_royappa_1974; parent_const_art_14; parent_const_art_014,parent_case_sc_royappa_1974; parent_const_art_014; parent_const_art_016; parent_const_art_14; parent_case_sc_basheshar_nath_1959,2,0.0,1.0,1.0,1.0,0.5,0.5,0.5,0.2327,0.2327
RET_129,Exp 3: BM25 + Dense (Linear),"What were the major rulings in Indra Sawhney v Union of India regarding 27 percent OBC reservation, creamy layer, and 50 percent limit?",CASE_LAW_QUERY,parent_const_art_016; parent_case_indra; parent_const_art_16; parent_case_sc_indra_sawhney_1992,parent_case_sc_indra_sawhney_1992; parent_case_sc_janhit_abhiyan_2022; parent_case_sc_nagaraj_2006; parent_case_sc_bennett_coleman_1973,1,1.0,1.0,1.0,1.0,0.25,0.25,1.0,0.6577,0.6577
RET_130,Exp 3: BM25 + Dense (Linear),How did M Nagaraj v Union of India evaluate constitutional amendments regarding reservation in promotions for SC and ST?,CASE_LAW_QUERY,parent_case_sc_m_nagaraj_2006; parent_const_art_016; parent_const_art_16; parent_case_m,parent_case_sc_nagaraj_2006; parent_case_sc_janhit_abhiyan_2022; parent_case_sc_indra_sawhney_1992; parent_case_sc_jarnail_singh_2018; parent_case_sc_chandra_kumar_1997,Not Found (>10),0.0,0.0,0.0,0.0,0.0,0.0,0.0,0.0,0.0
RET_131,Exp 3: BM25 + Dense (Linear),What modifications to the quantifiable data requirement in SC/ST promotions were made in Jarnail Singh v Lachhmi Narain Gupta?,CASE_LAW_QUERY,parent_const_art_016; parent_case_jarnail; parent_const_art_16; parent_case_sc_jarnail_singh_2018,parent_case_sc_jarnail_singh_2018; parent_case_sc_nagaraj_2006; parent_case_sc_indra_sawhney_1992; parent_case_sc_first_judges_1981; parent_case_sc_janhit_abhiyan_2022,1,1.0,1.0,1.0,1.0,0.25,0.25,1.0,0.6577,0.6577
RET_132,Exp 3: BM25 + Dense (Linear),Explain the constitutional validity of the 103rd Amendment EWS reservation upheld in Janhit Abhiyan v Union of India,CASE_LAW_QUERY,parent_case_janhit; parent_case_sc_janhit_abhiyan_2022; parent_amend_103,parent_case_sc_janhit_abhiyan_2022; parent_amend_103; parent_const_art_015; parent_amend_104; parent_case_sc_indra_sawhney_1992,1,1.0,1.0,1.0,1.0,0.6667,0.6667,1.0,0.879,0.879
RET_133,Exp 3: BM25 + Dense (Linear),What test for reasonable restrictions on pre-censorship of press was established in Romesh Thappar v State of Madras?,CASE_LAW_QUERY,parent_case_sc_romesh_thappar_1950; parent_const_art_019; parent_const_art_19; parent_case_romesh,parent_case_sc_romesh_thappar_1950; parent_case_sc_r_rajagopal_1994; parent_case_sc_brij_bhushan_1950; parent_case_sc_bennett_coleman_1973; parent_case_sc_ka_abbas_1971,1,1.0,1.0,1.0,1.0,0.25,0.25,1.0,0.6577,0.6577
RET_134,Exp 3: BM25 + Dense (Linear),Explain the ruling in Brij Bhushan v State of Delhi regarding freedom of speech and pre-censorship of periodicals,CASE_LAW_QUERY,parent_case_brij; parent_case_sc_brij_bhushan_1950; parent_const_art_19; parent_const_art_019,parent_case_sc_brij_bhushan_1950; parent_case_sc_r_rajagopal_1994; parent_const_art_019,1,1.0,1.0,1.0,1.0,0.5,0.5,1.0,0.7673,0.7673
RET_135,Exp 3: BM25 + Dense (Linear),What did Bennett Coleman v Union of India decide on newsprint quota restrictions infringing press freedom?,CASE_LAW_QUERY,parent_case_sc_bennett_coleman_1972; parent_const_art_019; parent_const_art_19; parent_case_bennett,parent_case_sc_bennett_coleman_1973; parent_const_art_019; parent_case_sc_indian_express_1985; parent_case_sc_r_rajagopal_1994; parent_case_sc_sakal_papers_1962,2,0.0,1.0,1.0,1.0,0.25,0.25,0.5,0.1383,0.1383
RET_136,Exp 3: BM25 + Dense (Linear),Explain the invalidation of page price regulations on newspapers in Sakal Papers v Union of India,CASE_LAW_QUERY,parent_case_sc_sakal_papers_1962; parent_const_art_019; parent_case_sakal; parent_const_art_19,parent_case_sc_sakal_papers_1962; parent_case_sc_bennett_coleman_1973; parent_case_sc_indian_express_1985,1,1.0,1.0,1.0,1.0,0.25,0.25,1.0,0.6577,0.6577
RET_137,Exp 3: BM25 + Dense (Linear),What did the Supreme Court hold in Shreya Singhal v Union of India regarding vagueness and overbreadth in Section 66A IT Act?,CASE_LAW_QUERY,parent_const_art_019; parent_const_art_19; parent_case_sc_shreya_singhal_2015; parent_case_shreya,parent_case_sc_shreya_singhal_2015; parent_case_sc_chandra_kumar_1997; parent_case_sc_ka_abbas_1971; parent_case_sc_second_judges_1993; parent_const_art_134,1,1.0,1.0,1.0,1.0,0.25,0.25,1.0,0.6577,0.6577
RET_138,Exp 3: BM25 + Dense (Linear),Explain the judgment in Anuradha Bhasin v Union of India regarding internet shutdowns and press freedom in Jammu & Kashmir,CASE_LAW_QUERY,parent_const_art_019; parent_case_anuradha; parent_const_art_19; parent_case_sc_anuradha_bhasin_2020,parent_case_sc_anuradha_bhasin_2020; parent_const_art_370; parent_case_sc_shreya_singhal_2015; parent_const_art_019; parent_case_sc_puttaswamy_privacy_2017,1,1.0,1.0,1.0,1.0,0.5,0.5,1.0,0.7521,0.7521
RET_139,Exp 3: BM25 + Dense (Linear),What is the essential religious practices test formulated in Commissioner Hindu Religious Endowments Madras v Sri Lakshmindra Thirtha Swamiar Shirur Mutt?,CASE_LAW_QUERY,parent_const_art_026; parent_case_shirur; parent_const_art_26; parent_const_art_025; parent_case_sc_shirur_mutt_1954; parent_const_art_25,parent_case_sc_shirur_mutt_1954; parent_const_art_025; parent_case_sc_sabarimala_2018; parent_case_sc_syedna_taher_1962; parent_const_art_027,1,1.0,1.0,1.0,1.0,0.3333,0.3333,1.0,0.7337,0.6845
RET_140,Exp 3: BM25 + Dense (Linear),What did the Supreme Court decide in Dr M Ismail Faruqui v Union of India regarding state acquisition of places of worship and mosques?,CASE_LAW_QUERY,parent_case_ismail; parent_case_sc_ismail_faruqui_1994; parent_const_art_025; parent_const_art_25,parent_case_sc_subodh_gopal_1954; parent_const_art_049; parent_case_sc_ka_abbas_1971; parent_case_sc_second_judges_1993; parent_case_sc_mc_mehta_oleum_1987,Not Found (>10),0.0,0.0,0.0,0.0,0.0,0.0,0.0,0.0,0.0
RET_141,Exp 3: BM25 + Dense (Linear),Explain the constitutional invalidation of instant triple talaq in Shayara Bano v Union of India,CASE_LAW_QUERY,parent_case_shayara; parent_case_sc_shayara_bano_2017; parent_const_art_14; parent_const_art_014,parent_case_sc_shayara_bano_2017; parent_case_sc_sarbananda_sonowal_2005; parent_case_sc_naveen_jindal_2004; parent_case_sc_chandra_kumar_1997; parent_case_sc_nagaraj_2006,1,1.0,1.0,1.0,1.0,0.25,0.25,1.0,0.6577,0.6577
RET_142,Exp 3: BM25 + Dense (Linear),What was ruled in Indian Young Lawyers Association v State of Kerala regarding women entry into Sabarimala Temple?,CASE_LAW_QUERY,parent_case_sabarimala; parent_case_sc_sabarimala_2018; parent_const_art_014; parent_const_art_025; parent_const_art_14; parent_const_art_25,parent_case_sc_sabarimala_2018; parent_case_sc_kesavananda_1973; parent_case_sc_vishaka_1997,1,1.0,1.0,1.0,1.0,0.1667,0.1667,1.0,0.6062,0.5655
RET_143,Exp 3: BM25 + Dense (Linear),How did Bijoe Emmanuel v State of Kerala protect Jehovah Witnesses students refusing to sing the National Anthem?,CASE_LAW_QUERY,parent_case_sc_bijoe_emmanuel_1986; parent_const_art_019; parent_const_art_19; parent_case_bijoe; parent_const_art_025; parent_const_art_25,parent_case_sc_bijoe_emmanuel_1986; parent_case_sc_kesavananda_1973; parent_case_sc_sabarimala_2018; parent_case_sc_kerala_education_1958; parent_const_art_028,1,1.0,1.0,1.0,1.0,0.1667,0.1667,1.0,0.6062,0.5655
RET_144,Exp 3: BM25 + Dense (Linear),Explain the First Judges Case SP Gupta v Union of India regarding executive primacy in judicial appointments,CASE_LAW_QUERY,parent_const_art_124; parent_case_sp; parent_case_sc_sp_gupta_1981,parent_case_sc_first_judges_1981; parent_case_sc_second_judges_1993; parent_case_sc_fourth_judges_njac_2015,Not Found (>10),0.0,0.0,0.0,0.0,0.0,0.0,0.0,0.0,0.0
RET_145,Exp 3: BM25 + Dense (Linear),How was the collegium system established in the Second Judges Case Supreme Court Advocates on Record Association 1993?,CASE_LAW_QUERY,parent_const_art_124; parent_case_sc_scara_second_judges_1993; parent_case_scara,parent_case_sc_second_judges_1993; parent_const_art_124; parent_case_sc_fourth_judges_njac_2015; parent_case_sc_third_judges_1998,2,0.0,1.0,1.0,1.0,0.3333,0.3333,0.5,0.1527,0.1527
RET_146,Exp 3: BM25 + Dense (Linear),Explain the advisory opinion in the Third Judges Case Special Reference 1 of 1998 on consultation procedures,CASE_LAW_QUERY,parent_const_art_124; parent_case_third; parent_const_art_143; parent_case_sc_third_judges_1998,parent_case_sc_third_judges_1998; parent_case_sc_first_judges_1981; parent_case_sc_second_judges_1993; parent_const_art_143; parent_case_sc_fourth_judges_njac_2015,1,1.0,1.0,1.0,1.0,0.5,0.5,1.0,0.7521,0.7521
RET_147,Exp 3: BM25 + Dense (Linear),Why did the Supreme Court strike down the National Judicial Appointments Commission in the Fourth Judges Case 2015?,CASE_LAW_QUERY,parent_const_art_124; parent_amend_099; parent_case_njac; parent_case_sc_njac_fourth_judges_2015,parent_amend_099; parent_const_art_124; parent_case_sc_fourth_judges_njac_2015; parent_case_sc_second_judges_1993; parent_case_sc_third_judges_1998,1,1.0,1.0,1.0,1.0,0.5,0.5,1.0,0.3575,0.3575
RET_148,Exp 3: BM25 + Dense (Linear),What was the ruling and famous dissent of Justice HR Khanna in ADM Jabalpur v Shivkant Shukla on habeas corpus during emergency?,CASE_LAW_QUERY,parent_const_art_359; parent_const_art_021; parent_case_adm; parent_case_sc_adm_jabalpur_1976; parent_const_art_21,parent_case_sc_adm_jabalpur_1976; parent_case_sc_puttaswamy_privacy_2017; parent_const_art_032; parent_const_art_359; parent_case_sc_dc_wadhwa_1987,1,1.0,1.0,1.0,1.0,0.4,0.4,1.0,0.6933,0.6933
RET_149,Exp 3: BM25 + Dense (Linear),Explain the mandatory arrest and detention guidelines formulated in DK Basu v State of West Bengal to prevent custodial torture,CASE_LAW_QUERY,parent_case_sc_dk_basu_1997; parent_case_dk; parent_const_art_21; parent_const_art_021,parent_case_sc_dk_basu_1997; parent_const_art_022; parent_case_sc_wb_v_uoi_1963; parent_case_sc_subodh_gopal_1954,1,1.0,1.0,1.0,1.0,0.25,0.25,1.0,0.6577,0.6577
RET_150,Exp 3: BM25 + Dense (Linear),What binding workplace sexual harassment guidelines were laid down in Vishaka v State of Rajasthan?,CASE_LAW_QUERY,parent_const_art_019; parent_const_art_021; parent_const_art_19; parent_const_art_014; parent_case_vishaka; parent_const_art_21; parent_case_sc_vishaka_1997; parent_const_art_14,parent_case_sc_vishaka_1997; parent_case_sc_dk_basu_1997; parent_case_sc_navtej_johar_2018; parent_case_sc_sr_bommai_1994,1,1.0,1.0,1.0,1.0,0.125,0.125,1.0,0.6062,0.5039
RET_151,Exp 3: BM25 + Dense (Linear),How did Navtej Singh Johar v Union of India decriminalize consensual homosexual relations under Section 377 IPC?,CASE_LAW_QUERY,parent_const_art_15; parent_const_art_021; parent_case_sc_navtej_johar_2018; parent_const_art_014; parent_const_art_015; parent_const_art_21; parent_case_navtej; parent_const_art_14,parent_case_sc_navtej_johar_2018; parent_case_sc_joseph_shine_2018; parent_case_sc_shankari_prasad_1951,1,1.0,1.0,1.0,1.0,0.125,0.125,1.0,0.6062,0.5039
RET_152,Exp 3: BM25 + Dense (Linear),Explain the striking down of criminal adultery in Section 497 IPC as unconstitutional in Joseph Shine v Union of India,CASE_LAW_QUERY,parent_const_art_021; parent_case_joseph; parent_const_art_014; parent_case_sc_joseph_shine_2018; parent_const_art_21; parent_const_art_14,parent_case_sc_joseph_shine_2018; parent_case_sc_shreya_singhal_2015; parent_case_sc_navtej_johar_2018; parent_case_sc_dc_wadhwa_1987; parent_case_sc_shayara_bano_2017,1,1.0,1.0,1.0,1.0,0.1667,0.1667,1.0,0.6062,0.5655
RET_153,Exp 3: BM25 + Dense (Linear),What was held in Common Cause A Registered Society v Union of India regarding passive euthanasia and living wills?,CASE_LAW_QUERY,parent_case_common; parent_const_art_21; parent_case_sc_common_cause_2018; parent_const_art_021,parent_case_sc_common_cause_2018; parent_case_sc_aruna_shanbaug_2011; parent_case_sc_jallikattu_2014; parent_case_sc_chandra_kumar_1997; parent_case_sc_ka_abbas_1971,1,1.0,1.0,1.0,1.0,0.25,0.25,1.0,0.6577,0.6577
RET_154,Exp 3: BM25 + Dense (Linear),Explain the landmark ruling on passive euthanasia and advance medical directives in Aruna Ramchandra Shanbaug v Union of India,CASE_LAW_QUERY,parent_case_sc_aruna_shanbaug_2011; parent_const_art_21; parent_case_aruna; parent_const_art_021,parent_case_sc_aruna_shanbaug_2011; parent_case_sc_common_cause_2018; parent_case_sc_dk_basu_1997; parent_case_sc_dc_wadhwa_1987,1,1.0,1.0,1.0,1.0,0.25,0.25,1.0,0.6577,0.6577
RET_155,Exp 3: BM25 + Dense (Linear),What did Animal Welfare Board of India v A Nagaraja hold regarding prevention of animal cruelty in Jallikattu under Article 21?,CASE_LAW_QUERY,parent_case_sc_jallikattu_2014; parent_const_art_021; parent_const_art_51a; parent_const_art_051a; parent_case_jallikattu; parent_const_art_21,parent_case_sc_jallikattu_2014; parent_const_art_048; parent_case_sc_vellore_citizens_1996; parent_case_sc_pucl_food_2001; parent_case_sc_zee_telefilms_2005,1,1.0,1.0,1.0,1.0,0.1667,0.1667,1.0,0.6062,0.5655
RET_156,Exp 3: BM25 + Dense (Linear),Explain the unconstitutionality of involuntary narco-analysis and brain mapping under Article 20(3) and 21 in Selvi v State of Karnataka,CASE_LAW_QUERY,parent_const_art_021; parent_const_art_20; parent_case_selvi; parent_const_art_21; parent_case_sc_selvi_2010; parent_const_art_020,parent_const_art_020; parent_case_sc_selvi_2010; parent_case_sc_tma_pai_2002; parent_case_sc_syedna_taher_1962; parent_case_sc_s_rangarajan_1989,1,1.0,1.0,1.0,1.0,0.3333,0.3333,1.0,0.5846,0.5453
RET_157,Exp 3: BM25 + Dense (Linear),What principles on governor pardoning power and judicial review were established in KM Nanavati v State of Bombay?,CASE_LAW_QUERY,parent_const_art_161; parent_case_sc_nanavati_1961; parent_case_nanavati; parent_const_art_142,parent_const_art_072; parent_const_art_161; parent_case_sc_fn_balsara_1951; parent_case_sc_kihoto_hollohan_1992; parent_case_sc_naresh_mirajkar_1967,2,0.0,1.0,1.0,1.0,0.25,0.25,0.5,0.1383,0.1383
RET_158,Exp 3: BM25 + Dense (Linear),How did Lily Thomas v Union of India strike down Section 8(4) RPA to disqualify convicted lawmakers immediately?,CASE_LAW_QUERY,parent_const_art_102; parent_const_art_191; parent_case_lily; parent_case_sc_lily_thomas_2013,parent_case_sc_lily_thomas_2013; parent_case_sc_minerva_mills_1980; parent_case_sc_shreya_singhal_2015; parent_case_sc_sarbananda_sonowal_2005; parent_const_art_102,1,1.0,1.0,1.0,1.0,0.5,0.5,1.0,0.7425,0.7425
RET_159,Exp 3: BM25 + Dense (Linear),What voter right to candidate criminal antecedent disclosure was established in Association for Democratic Reforms ADR 2002?,CASE_LAW_QUERY,parent_const_art_019; parent_const_art_19; parent_case_adr; parent_case_sc_adr_voter_rights_2002,parent_case_sc_adr_2002; parent_case_sc_electoral_bonds_2024; parent_case_sc_pucl_nota_2013,Not Found (>10),0.0,0.0,0.0,0.0,0.0,0.0,0.0,0.0,0.0
RET_160,Exp 3: BM25 + Dense (Linear),Explain the introduction of the None of the Above NOTA option in ballot papers in PUCL v Union of India 2013,CASE_LAW_QUERY,parent_case_pucl; parent_const_art_019; parent_const_art_19; parent_case_sc_pucl_nota_2013,parent_case_sc_pucl_nota_2013; parent_case_sc_adr_2002; parent_const_art_055; parent_const_art_100; parent_const_art_058,1,1.0,1.0,1.0,1.0,0.25,0.25,1.0,0.6577,0.6577
RET_161,Exp 3: BM25 + Dense (Linear),What did Kihoto Hollohan v Zachillhu hold regarding the Speaker powers under Tenth Schedule and judicial review?,CASE_LAW_QUERY,parent_case_sc_kihoto_hollohan_1992; parent_amend_052; parent_case_kihoto,parent_case_sc_kihoto_hollohan_1992; parent_const_art_031b; parent_case_sc_ir_coelho_2007; parent_const_art_137; parent_case_sc_fourth_judges_njac_2015,1,1.0,1.0,1.0,1.0,0.3333,0.3333,1.0,0.7262,0.7262
RET_162,Exp 3: BM25 + Dense (Linear),Explain the restoration of the elected government in Arunachal Pradesh and Governor power limits in Nabam Rebia 2016,CASE_LAW_QUERY,parent_case_sc_nabam_rebia_2016; parent_case_nabam; parent_const_art_174; parent_const_art_163,parent_case_sc_nct_delhi_2018; parent_case_sc_punjab_governor_2023; parent_const_art_161; parent_const_art_213; parent_case_sc_dc_wadhwa_1987,7,0.0,0.0,0.0,1.0,0.0,0.25,0.1429,0.0,0.0731
RET_163,Exp 3: BM25 + Dense (Linear),What guidelines on Governor discretionary powers during floor tests were established in Subhash Desai v Principal Secretary Maharashtra 2023?,CASE_LAW_QUERY,parent_case_subhash; parent_const_art_163; parent_case_sc_subhash_desai_2023,parent_case_sc_punjab_governor_2023; parent_const_art_213; parent_const_art_371; parent_const_art_200; parent_case_bommai,Not Found (>10),0.0,0.0,0.0,0.0,0.0,0.0,0.0,0.0,0.0
RET_164,Exp 3: BM25 + Dense (Linear),How did Government of NCT of Delhi v Union of India 2018 interpret the constitutional status and powers of the elected Delhi Government?,CASE_LAW_QUERY,parent_case_nct; parent_case_sc_nct_delhi_2018; parent_const_art_239aa,parent_case_sc_nct_delhi_2018; parent_const_art_077; parent_const_art_080; parent_const_art_073; parent_amend_106,1,1.0,1.0,1.0,1.0,0.3333,0.3333,1.0,0.7262,0.7262
RET_165,Exp 3: BM25 + Dense (Linear),What did State of Rajasthan v Union of India 1977 establish on judicial review of President Rule proclamations under Article 356?,CASE_LAW_QUERY,parent_case_state; parent_const_art_356; parent_case_sc_state_of_rajasthan_1977,parent_case_sc_sr_bommai_1994; parent_const_art_356; parent_case_sc_sajjan_singh_1965; parent_case_sc_chandra_kumar_1997; parent_const_art_145,2,0.0,1.0,1.0,1.0,0.3333,0.3333,0.5,0.1527,0.1527
RET_166,Exp 3: BM25 + Dense (Linear),"How do Articles 14, 19, and 21 interact with Kesavananda Bharati to safeguard fundamental rights against amendment?",MULTI_DOCUMENT_QUERY,parent_const_art_019; parent_case_sc_kesavananda_1973; parent_const_art_021; parent_const_art_19; parent_case_kesavananda; parent_const_art_014; parent_const_art_21; parent_const_art_14,parent_const_art_013; parent_const_art_031c; parent_const_art_037; parent_case_sc_kesavananda_1973; parent_amend_044,4,0.0,0.0,1.0,1.0,0.125,0.625,0.25,0.2611,0.4364
RET_167,Exp 3: BM25 + Dense (Linear),Compare the scope of judicial review in Article 32 writ petitions before the Supreme Court and Article 226 before High Courts,CASE_COMPARISON,parent_const_art_32; parent_const_art_032; parent_const_art_226,parent_const_art_226; parent_case_sc_chandra_kumar_1997; parent_const_art_133; parent_const_art_137; parent_const_art_214,1,1.0,1.0,1.0,1.0,0.3333,0.6667,1.0,0.2421,0.4712
RET_168,Exp 3: BM25 + Dense (Linear),How did the 42nd Amendment attempt to prioritize Directive Principles over Fundamental Rights and how did Minerva Mills strike it down?,MULTI_DOCUMENT_QUERY,parent_case_minerva; parent_const_art_368; parent_amend_042; parent_case_sc_minerva_mills_1980,parent_const_art_031c; parent_case_sc_minerva_mills_1980; parent_amend_042; parent_const_art_039; parent_amend_025,2,0.0,1.0,1.0,1.0,0.5,0.5,0.5,0.4671,0.4671
RET_169,Exp 3: BM25 + Dense (Linear),Explain the evolution of right to education from Mohini Jain and Unni Krishnan to the 86th Amendment and Article 21A,MULTI_DOCUMENT_QUERY,parent_const_art_21a; parent_const_art_021a; parent_amend_086; parent_case_puttaswamy; parent_case_sc_puttaswamy_privacy_2017,parent_const_art_021a; parent_case_sc_unni_krishnan_1993; parent_amend_086; parent_case_sc_pramati_trust_2014,1,1.0,1.0,1.0,1.0,0.4,0.4,1.0,0.5052,0.5052
RET_170,Exp 3: BM25 + Dense (Linear),Compare the constitutional tests for creamy layer exclusion in Indra Sawhney with the quantifiable backwardness requirements in M Nagaraj,CASE_COMPARISON,parent_case_sc_indra_sawhney_1992; parent_case_indra; parent_case_sc_m_nagaraj_2006; parent_case_m; parent_const_art_16; parent_const_art_016,parent_case_sc_indra_sawhney_1992; parent_case_sc_jarnail_singh_2018; parent_case_sc_nagaraj_2006,1,1.0,1.0,1.0,1.0,0.1667,0.1667,1.0,0.6062,0.5655
RET_171,Exp 3: BM25 + Dense (Linear),What constitutional principles govern federalism and legislative competence under Article 246 and the Seventh Schedule lists?,LEGAL_EXPLANATION,parent_case_sr; parent_const_art_246; parent_case_sc_sr_bommai_1994,parent_const_art_246; parent_const_art_037; parent_const_art_368; parent_amend_042; parent_const_art_080,1,1.0,1.0,1.0,1.0,0.3333,0.3333,1.0,0.4693,0.4693
RET_172,Exp 3: BM25 + Dense (Linear),How did the Puttaswamy privacy judgment overrule MP Sharma 1954 and Kharak Singh 1962?,PRECEDENT_QUERY,parent_const_art_021; parent_case_sc_kharak_singh_1962; parent_const_art_21; parent_case_kharak; parent_case_puttaswamy; parent_case_sc_puttaswamy_privacy_2017,parent_case_sc_puttaswamy_privacy_2017; parent_case_sc_mp_sharma_1954; parent_case_sc_kharak_singh_1963,1,1.0,1.0,1.0,1.0,0.1667,0.1667,1.0,0.6062,0.5655
RET_173,Exp 3: BM25 + Dense (Linear),Explain the three-pronged proportionality test for State limitations on fundamental rights under Article 21 formulated in Puttaswamy,LEGAL_EXPLANATION,parent_const_art_21; parent_case_puttaswamy; parent_case_sc_puttaswamy_privacy_2017; parent_const_art_021,parent_const_art_012; parent_const_art_021; parent_const_art_032; parent_case_sc_hussainara_khatoon_1979; parent_case_sc_puttaswamy_privacy_2017,2,0.0,1.0,1.0,1.0,0.5,1.0,0.5,0.3927,0.5368
RET_174,Exp 3: BM25 + Dense (Linear),How did Maneka Gandhi overrule the strict literal interpretation of personal liberty established in AK Gopalan?,PRECEDENT_QUERY,parent_case_sc_maneka_gandhi_1978; parent_const_art_021; parent_case_ak; parent_case_maneka; parent_case_sc_ak_gopalan_1950; parent_const_art_21,parent_case_sc_maneka_gandhi_1978; parent_const_art_021; parent_case_sc_ak_gopalan_1950; parent_const_art_017; parent_case_sc_kharak_singh_1963,1,1.0,1.0,1.0,1.0,0.5,0.6667,1.0,0.8348,0.8459
RET_175,Exp 3: BM25 + Dense (Linear),What constitutional checks exist against arbitrary proclamation of emergency under Article 352 after the 44th Amendment?,CONSTITUTIONAL_PROCEDURE,parent_const_art_352; parent_amend_044,parent_const_art_352; parent_amend_044; parent_const_art_020; parent_const_art_359; parent_case_sc_sr_bommai_1994,1,1.0,1.0,1.0,1.0,1.0,1.0,1.0,1.0,1.0
RET_176,Exp 3: BM25 + Dense (Linear),Explain how the Supreme Court used Article 142 complete justice power in the Union Carbide Bhopal Gas tragedy settlement,LEGAL_EXPLANATION,parent_const_art_142,parent_const_art_142; parent_const_art_137; parent_const_art_144; parent_const_art_143; parent_const_art_129,1,1.0,1.0,1.0,1.0,1.0,1.0,1.0,1.0,1.0
RET_177,Exp 3: BM25 + Dense (Linear),What are the constitutional requirements for a Money Bill under Article 110 and judicial review of Speaker certification?,CONSTITUTIONAL_PROCEDURE,parent_case_puttaswamy; parent_case_sc_puttaswamy_privacy_2017; parent_const_art_110,parent_const_art_110; parent_const_art_356; parent_const_art_144; parent_const_art_201; parent_const_art_114,1,1.0,1.0,1.0,1.0,0.3333,0.3333,1.0,0.4693,0.4693
RET_178,Exp 3: BM25 + Dense (Linear),Compare the judicial appointment mechanisms under the collegium system and the invalidated NJAC Act under Article 124,CASE_COMPARISON,parent_case_njac; parent_const_art_124; parent_case_scara; parent_case_sc_njac_fourth_judges_2015; parent_case_sc_scara_second_judges_1993,parent_amend_099; parent_const_art_124; parent_const_art_217; parent_case_sc_fourth_judges_njac_2015; parent_case_sc_third_judges_1998,2,0.0,1.0,1.0,1.0,0.2,0.2,0.5,0.1275,0.1275
RET_179,Exp 3: BM25 + Dense (Linear),"How does the doctrine of basic structure protect secularism, democracy, judicial review, and rule of law?",LEGAL_EXPLANATION,parent_case_minerva; parent_case_sc_kesavananda_1973; parent_case_sr; parent_case_sc_sr_bommai_1994; parent_case_kesavananda; parent_case_sc_minerva_mills_1980,parent_case_sc_indira_gandhi_1975; parent_const_art_356; parent_case_kesavananda; parent_const_art_037; parent_const_art_025,3,0.0,1.0,1.0,1.0,0.1667,0.1667,0.3333,0.101,0.0943
RET_180,Exp 3: BM25 + Dense (Linear),What role does the Preamble play in interpreting ambiguous constitutional provisions according to Kesavananda Bharati?,LEGAL_EXPLANATION,parent_case_kesavananda; parent_const_preamble; parent_case_sc_kesavananda_1973,parent_const_preamble; parent_case_sc_kesavananda_1973; parent_const_art_037; parent_const_art_013; parent_const_art_368,1,1.0,1.0,1.0,1.0,0.6667,0.6667,1.0,0.879,0.879
RET_181,Exp 3: BM25 + Dense (Linear),"Explain the scope of freedom of trade, commerce and intercourse throughout India under Article 301",ARTICLE_LOOKUP,parent_const_art_301,parent_const_art_301; parent_const_art_019; parent_const_art_077; parent_const_art_19; parent_const_art_037,1,1.0,1.0,1.0,1.0,1.0,1.0,1.0,1.0,1.0
RET_182,Exp 3: BM25 + Dense (Linear),What restrictions on freedom of trade and commerce can be imposed by Parliament and State legislatures under Articles 302 to 304?,CONSTITUTIONAL_PROCEDURE,parent_const_art_304; parent_const_art_302,parent_const_art_301; parent_const_art_245; parent_const_art_033; parent_const_art_246; parent_const_art_265,Not Found (>10),0.0,0.0,0.0,0.0,0.0,0.0,0.0,0.0,0.0
RET_183,Exp 3: BM25 + Dense (Linear),How does the Finance Commission function and make recommendations on tax devolution under Article 280?,CONSTITUTIONAL_PROCEDURE,parent_const_art_280,parent_amend_101; parent_const_art_324; parent_const_art_265; parent_const_art_112; parent_const_art_051a,Not Found (>10),0.0,0.0,0.0,0.0,0.0,0.0,0.0,0.0,0.0
RET_184,Exp 3: BM25 + Dense (Linear),Explain the duties of the Comptroller and Auditor-General of India regarding public accounts audits under Article 148 and 149,CONSTITUTIONAL_PROCEDURE,parent_const_art_148,parent_const_art_076; parent_const_art_051a; parent_const_art_019; parent_const_art_077; parent_const_art_154,Not Found (>10),0.0,0.0,0.0,0.0,0.0,0.0,0.0,0.0,0.0
RET_185,Exp 3: BM25 + Dense (Linear),What are the rules governing the Consolidated Fund of India and Contingency Fund under Articles 266 and 267?,CONSTITUTIONAL_PROCEDURE,parent_const_art_266; parent_const_art_267,parent_const_art_114; parent_const_art_077; parent_const_art_145; parent_const_art_125; parent_const_art_110,Not Found (>10),0.0,0.0,0.0,0.0,0.0,0.0,0.0,0.0,0.0
RET_186,Exp 3: BM25 + Dense (Linear),Explain the powers and privileges of Parliament and its members and committees under Article 105,CONSTITUTIONAL_PROCEDURE,parent_const_art_105,parent_const_art_105; parent_const_art_033; parent_const_art_246; parent_const_art_245; parent_const_art_368,1,1.0,1.0,1.0,1.0,1.0,1.0,1.0,1.0,1.0
RET_187,Exp 3: BM25 + Dense (Linear),"What are the powers, privileges and immunities of State Legislative Assemblies and their members under Article 194?",CONSTITUTIONAL_PROCEDURE,parent_const_art_194,parent_const_art_105; parent_const_art_033; parent_amend_091; parent_const_art_245; parent_case_kesavananda,Not Found (>10),0.0,0.0,0.0,0.0,0.0,0.0,0.0,0.0,0.0
RET_188,Exp 3: BM25 + Dense (Linear),Explain the constitutional procedure for impeachment and removal of the President of India under Article 61,CONSTITUTIONAL_PROCEDURE,parent_const_art_61; parent_const_art_061,parent_const_art_061; parent_const_art_063; parent_const_art_124; parent_const_art_056; parent_const_art_055,1,1.0,1.0,1.0,1.0,0.5,0.5,1.0,0.8262,0.8262
RET_189,Exp 3: BM25 + Dense (Linear),What is the procedure for removal of a Supreme Court judge on grounds of proved misbehaviour or incapacity under Article 124(4)?,CONSTITUTIONAL_PROCEDURE,parent_const_art_124,parent_const_art_124; parent_const_art_129; parent_const_art_217; parent_const_art_145; parent_const_art_137,1,1.0,1.0,1.0,1.0,1.0,1.0,1.0,1.0,1.0
RET_190,Exp 3: BM25 + Dense (Linear),How does Article 312 govern the creation of All-India Services by the Council of States Rajya Sabha?,CONSTITUTIONAL_PROCEDURE,parent_const_art_312,parent_const_art_080; parent_const_art_163; parent_const_art_245; parent_const_art_246; parent_const_art_153,Not Found (>10),0.0,0.0,0.0,0.0,0.0,0.0,0.0,0.0,0.0
RET_191,Exp 3: BM25 + Dense (Linear),Explain the functions of the Union Public Service Commission and State PSCs under Article 320,CONSTITUTIONAL_PROCEDURE,parent_const_art_320,parent_const_art_309; parent_const_art_051a; parent_const_art_324; parent_const_art_023; parent_const_art_355,Not Found (>10),0.0,0.0,0.0,0.0,0.0,0.0,0.0,0.0,0.0
RET_192,Exp 3: BM25 + Dense (Linear),What is the constitutional provision for the Special Officer for Linguistic Minorities under Article 350B?,ARTICLE_LOOKUP,parent_const_art_350b,parent_const_art_029; parent_const_art_030; parent_const_art_015; parent_const_art_016; parent_case_sc_third_judges_1998,Not Found (>10),0.0,0.0,0.0,0.0,0.0,0.0,0.0,0.0,0.0
RET_193,Exp 3: BM25 + Dense (Linear),Explain the official language of the Union and devanagari script provisions under Article 343,ARTICLE_LOOKUP,parent_const_art_343,parent_const_art_029; parent_const_art_355; parent_const_art_371d; parent_const_art_371; parent_const_art_371a,Not Found (>10),0.0,0.0,0.0,0.0,0.0,0.0,0.0,0.0,0.0
RET_194,Exp 3: BM25 + Dense (Linear),What language is mandated for proceedings in the Supreme Court and High Courts under Article 348?,CONSTITUTIONAL_PROCEDURE,parent_const_art_348,parent_const_art_214; parent_const_art_215; parent_const_art_032; parent_const_art_132; parent_const_art_217,Not Found (>10),0.0,0.0,0.0,0.0,0.0,0.0,0.0,0.0,0.0
RET_195,Exp 3: BM25 + Dense (Linear),Explain the duty of the Union to promote the spread of the Hindi language under Article 351,ARTICLE_LOOKUP,parent_const_art_351,parent_const_art_029; parent_const_art_051a; parent_const_art_355; parent_const_art_047; parent_const_art_038,Not Found (>10),0.0,0.0,0.0,0.0,0.0,0.0,0.0,0.0,0.0
RET_196,Exp 3: BM25 + Dense (Linear),What are the residuary legislative powers of Parliament under Article 248?,CONSTITUTIONAL_PROCEDURE,parent_const_art_248,parent_const_art_248; parent_const_art_245; parent_const_art_105; parent_const_art_246,1,1.0,1.0,1.0,1.0,1.0,1.0,1.0,1.0,1.0
RET_197,Exp 3: BM25 + Dense (Linear),How can Parliament legislate on State List matters in national interest under Article 249 with Rajya Sabha resolution?,CONSTITUTIONAL_PROCEDURE,parent_const_art_249,parent_const_art_246; parent_const_art_248; parent_const_art_080; parent_const_art_254; parent_case_sc_kesavananda_1973,Not Found (>10),0.0,0.0,0.0,0.0,0.0,0.0,0.0,0.0,0.0
RET_198,Exp 3: BM25 + Dense (Linear),Explain the power of Parliament to legislate for two or more States by consent under Article 252,CONSTITUTIONAL_PROCEDURE,parent_const_art_252,parent_const_art_003; parent_const_art_246; parent_const_art_245; parent_const_art_248; parent_const_art_254,Not Found (>10),0.0,0.0,0.0,0.0,0.0,0.0,0.0,0.0,0.0
RET_199,Exp 3: BM25 + Dense (Linear),What power does Parliament have to make laws implementing international treaties and conventions under Article 253?,CONSTITUTIONAL_PROCEDURE,parent_const_art_253,parent_const_art_246; parent_const_art_035; parent_const_art_248; parent_const_art_245; parent_const_art_011,Not Found (>10),0.0,0.0,0.0,0.0,0.0,0.0,0.0,0.0,0.0
RET_200,Exp 3: BM25 + Dense (Linear),Explain the constitutional guarantee and jurisdiction regarding suits against the Government under Article 300,ARTICLE_LOOKUP,parent_const_art_300,parent_const_art_131; parent_const_art_132; parent_const_art_226; parent_amend_044; parent_const_art_012,Not Found (>10),0.0,0.0,0.0,0.0,0.0,0.0,0.0,0.0,0.0
RET_001,Exp 4: BM25 + Dense + RRF,What constitutional remedies are available under Article 32 for fundamental rights violations?,RIGHTS_QUERY,parent_const_art_32; parent_const_art_032,parent_const_art_032; parent_const_art_035; parent_const_art_013; parent_case_sc_sajjan_singh_1965; parent_amend_044,1,1.0,1.0,1.0,1.0,0.5,0.5,1.0,0.2754,0.2754
RET_002,Exp 4: BM25 + Dense + RRF,What does Article 21 guarantee regarding protection of life and personal liberty?,ARTICLE_LOOKUP,parent_const_art_21; parent_const_art_021,parent_const_art_021; parent_case_sc_francis_coralie_1981; parent_const_art_020; parent_case_sc_pucl_food_2001; parent_const_art_019,1,1.0,1.0,1.0,1.0,0.5,0.5,1.0,0.2754,0.2754
RET_003,Exp 4: BM25 + Dense + RRF,Explain equality before law and equal protection of the laws under Article 14,ARTICLE_LOOKUP,parent_const_art_014; parent_const_art_14,parent_const_art_014; parent_case_sc_royappa_1974; parent_const_art_013; parent_const_art_039a; parent_const_art_031c,1,1.0,1.0,1.0,1.0,0.5,0.5,1.0,0.2754,0.2754
RET_004,Exp 4: BM25 + Dense + RRF,What six fundamental freedoms are guaranteed to citizens under Article 19?,RIGHTS_QUERY,parent_const_art_019; parent_const_art_19,parent_const_art_358; parent_const_art_019; parent_case_sc_shirur_mutt_1954; parent_const_art_051a; parent_case_sc_chintaman_rao_1951,2,0.0,1.0,1.0,1.0,0.5,1.0,0.5,0.1738,0.4492
RET_005,Exp 4: BM25 + Dense + RRF,What are the core ideals and objectives set out in the Preamble of the Constitution?,ARTICLE_LOOKUP,parent_const_preamble,parent_const_preamble; parent_const_art_051a; parent_amend_042; parent_const_art_039; parent_const_art_368,1,1.0,1.0,1.0,1.0,1.0,1.0,1.0,1.0,1.0
RET_006,Exp 4: BM25 + Dense + RRF,How is the term State defined under Article 12 for the purpose of Part III?,ARTICLE_LOOKUP,parent_const_art_012; parent_const_art_12,parent_const_art_036; parent_const_art_012; parent_const_art_003; parent_const_art_201; parent_const_art_056,2,0.0,1.0,1.0,1.0,0.5,0.5,0.5,0.1738,0.1738
RET_007,Exp 4: BM25 + Dense + RRF,What does Article 21A provide regarding the fundamental right to free and compulsory education?,RIGHTS_QUERY,parent_const_art_21A; parent_const_art_021a,parent_const_art_021a; parent_amend_086; parent_const_art_041; parent_case_sc_hussainara_khatoon_1979; parent_const_art_028,1,1.0,1.0,1.0,1.0,0.5,0.5,1.0,0.2754,0.2754
RET_008,Exp 4: BM25 + Dense + RRF,Explain the power of Parliament to amend the Constitution and procedure under Article 368,AMENDMENT_QUERY,parent_const_art_368,parent_const_art_368; parent_amend_024; parent_case_sc_kesavananda_1973; parent_const_art_105; parent_const_art_246,1,1.0,1.0,1.0,1.0,1.0,1.0,1.0,1.0,1.0
RET_009,Exp 4: BM25 + Dense + RRF,What was the historical scope and special status granted under Article 370?,ARTICLE_LOOKUP,parent_const_art_370,parent_case_sc_article_370_2023; parent_const_art_370; parent_const_art_371; parent_const_art_371d,2,0.0,1.0,1.0,1.0,1.0,1.0,0.5,0.6309,0.6309
RET_010,Exp 4: BM25 + Dense + RRF,Explain the landmark ruling in Kesavananda Bharati regarding the basic structure doctrine,CASE_LAW_QUERY,parent_case_kesavananda; parent_const_art_368; parent_case_sc_kesavananda_1973,parent_case_sc_kesavananda_1973; parent_case_sc_waman_rao_1981; parent_const_art_037; parent_const_art_013; parent_const_art_368,1,1.0,1.0,1.0,1.0,0.6667,0.6667,1.0,0.3357,0.3357
RET_011,Exp 4: BM25 + Dense + RRF,What did the Supreme Court hold in Justice KS Puttaswamy regarding right to privacy under Article 21?,CASE_LAW_QUERY,parent_const_art_21; parent_case_puttaswamy; parent_case_sc_puttaswamy_privacy_2017; parent_const_art_021,parent_case_sc_puttaswamy_privacy_2017; parent_const_art_021; parent_case_sc_mp_sharma_1954; parent_case_sc_r_rajagopal_1994; parent_case_sc_pucl_phone_tapping_1997,1,1.0,1.0,1.0,1.0,0.5,0.5,1.0,0.3575,0.3575
RET_012,Exp 4: BM25 + Dense + RRF,What were the facts and ratio decidendi of Maneka Gandhi v Union of India on personal liberty?,CASE_LAW_QUERY,parent_const_art_019; parent_case_sc_maneka_gandhi_1978; parent_const_art_021; parent_const_art_19; parent_case_maneka; parent_const_art_014; parent_const_art_21; parent_const_art_14,parent_case_sc_maneka_gandhi_1978; parent_case_sc_indira_gandhi_1975; parent_case_sc_nagaraj_2006; parent_const_art_021; parent_case_sc_chandra_kumar_1997,1,1.0,1.0,1.0,1.0,0.25,0.25,1.0,0.2891,0.2403
RET_013,Exp 4: BM25 + Dense + RRF,How did Minerva Mills v Union of India reinforce Kesavananda Bharati and strike down unamendable clauses?,CASE_LAW_QUERY,parent_case_minerva; parent_const_art_368; parent_case_sc_kesavananda_1973; parent_case_kesavananda; parent_case_sc_minerva_mills_1980,parent_case_sc_minerva_mills_1980; parent_const_art_031c; parent_case_sc_kesavananda_1973; parent_case_sc_waman_rao_1981,1,1.0,1.0,1.0,1.0,0.4,0.4,1.0,0.3031,0.3031
RET_014,Exp 4: BM25 + Dense + RRF,What guidelines were established in SR Bommai regarding President Rule and secularism?,CASE_LAW_QUERY,parent_case_bommai; parent_case_sc_sr_bommai_1994,parent_const_art_356; parent_case_sc_sr_bommai_1994; parent_const_art_025; parent_case_sc_shirur_mutt_1954; parent_case_bommai,2,0.0,1.0,1.0,1.0,1.0,1.0,0.5,0.4934,0.4934
RET_015,Exp 4: BM25 + Dense + RRF,Can Parliament amend fundamental rights to destroy the basic structure of the Constitution?,AMENDMENT_QUERY,parent_case_kesavananda; parent_const_art_368; parent_case_sc_kesavananda_1973,parent_const_art_368; parent_amend_024; parent_case_sc_kesavananda_1973; parent_case_sc_golak_nath_1967; parent_case_sc_minerva_mills_1980,1,1.0,1.0,1.0,1.0,0.6667,0.6667,1.0,0.3631,0.3631
RET_016,Exp 4: BM25 + Dense + RRF,Is privacy recognized as an intrinsic part of the right to life and liberty in India?,RIGHTS_QUERY,parent_case_puttaswamy; parent_const_art_21; parent_case_sc_puttaswamy_privacy_2017; parent_const_art_021,parent_case_sc_puttaswamy_privacy_2017; parent_const_art_021; parent_case_sc_kharak_singh_1963; parent_case_sc_maneka_gandhi_1978; parent_case_sc_r_rajagopal_1994,1,1.0,1.0,1.0,1.0,0.5,0.5,1.0,0.3575,0.3575
RET_017,Exp 4: BM25 + Dense + RRF,"Explain the interconnected golden triangle of fundamental rights under Articles 14, 19 and 21",LEGAL_EXPLANATION,parent_const_art_019; parent_case_sc_maneka_gandhi_1978; parent_const_art_021; parent_const_art_19; parent_case_maneka; parent_const_art_014; parent_const_art_21; parent_const_art_14,parent_const_art_021; parent_const_art_013; parent_case_sc_maneka_gandhi_1978; parent_case_maneka; parent_case_sc_kharak_singh_1963,1,1.0,1.0,1.0,1.0,0.375,0.375,1.0,0.3902,0.3243
RET_018,Exp 4: BM25 + Dense + RRF,How is secularism protected under the Constitution as affirmed in SR Bommai and Preamble?,LEGAL_EXPLANATION,parent_const_preamble; parent_case_bommai; parent_case_sc_sr_bommai_1994,parent_case_sc_sr_bommai_1994; parent_const_art_356; parent_const_preamble; parent_const_art_025; parent_amend_042,1,1.0,1.0,1.0,1.0,0.6667,0.6667,1.0,0.6052,0.6052
RET_019,Exp 4: BM25 + Dense + RRF,"Writ jurisdiction of the Supreme Court to issue directions, orders or writs under Article 32",RIGHTS_QUERY,parent_const_art_32; parent_const_art_032,parent_const_art_032; parent_const_art_226; parent_const_art_144; parent_const_art_142; parent_const_art_131,1,1.0,1.0,1.0,1.0,0.5,0.5,1.0,0.2754,0.2754
RET_020,Exp 4: BM25 + Dense + RRF,What is the procedure established by law versus substantive due process post Maneka Gandhi?,CASE_COMPARISON,parent_const_art_21; parent_case_sc_maneka_gandhi_1978; parent_const_art_021; parent_case_maneka,parent_case_sc_maneka_gandhi_1978; parent_case_sc_ak_gopalan_1950; parent_const_art_021; parent_case_sc_indira_gandhi_1975; parent_const_art_21,1,1.0,1.0,1.0,1.0,0.75,0.75,1.0,0.4136,0.4136
RET_021,Exp 4: BM25 + Dense + RRF,What does Article 13 provide regarding laws inconsistent with or in derogation of fundamental rights?,RIGHTS_QUERY,parent_const_art_013; parent_const_art_13,parent_const_art_013; parent_const_art_031c; parent_const_art_035; parent_case_sc_golak_nath_1967; parent_const_art_019,1,1.0,1.0,1.0,1.0,0.5,0.5,1.0,0.8262,0.8262
RET_022,Exp 4: BM25 + Dense + RRF,"What protections against discrimination on grounds of religion, race, caste, sex or place of birth are provided in Article 15?",RIGHTS_QUERY,parent_const_art_15; parent_const_art_015,parent_const_art_015; parent_const_art_016; parent_const_art_023,1,1.0,1.0,1.0,1.0,0.5,0.5,1.0,0.8262,0.8262
RET_023,Exp 4: BM25 + Dense + RRF,Explain equality of opportunity in matters of public employment and reservation under Article 16,RIGHTS_QUERY,parent_const_art_16; parent_const_art_016,parent_const_art_016; parent_amend_103; parent_const_art_371d,1,1.0,1.0,1.0,1.0,0.5,0.5,1.0,0.8262,0.8262
RET_024,Exp 4: BM25 + Dense + RRF,What does Article 17 state regarding the abolition of untouchability and its enforcement?,RIGHTS_QUERY,parent_const_art_17; parent_const_art_017,parent_const_art_017; parent_const_art_035; parent_const_art_019; parent_const_art_359; parent_const_art_015,1,1.0,1.0,1.0,1.0,0.5,0.5,1.0,0.8262,0.8262
RET_025,Exp 4: BM25 + Dense + RRF,Explain the abolition of titles and prohibitions on accepting foreign titles under Article 18,ARTICLE_LOOKUP,parent_const_art_018; parent_const_art_18,parent_const_art_018; parent_const_art_002; parent_const_art_358; parent_case_sc_berubari_1960; parent_const_art_015,1,1.0,1.0,1.0,1.0,0.5,0.5,1.0,0.8262,0.8262
RET_026,Exp 4: BM25 + Dense + RRF,What protections in respect of conviction for offences including ex-post facto laws and double jeopardy are in Article 20?,RIGHTS_QUERY,parent_const_art_20; parent_const_art_020,parent_const_art_020; parent_const_art_035; parent_const_art_022; parent_const_art_245; parent_const_art_246,1,1.0,1.0,1.0,1.0,0.5,0.5,1.0,0.8262,0.8262
RET_027,Exp 4: BM25 + Dense + RRF,What safeguards against arrest and preventive detention are guaranteed under Article 22?,RIGHTS_QUERY,parent_const_art_022; parent_const_art_22,parent_const_art_022; parent_case_sc_dk_basu_1997; parent_const_art_358; parent_const_art_032; parent_case_sc_ak_gopalan_1950,1,1.0,1.0,1.0,1.0,0.5,0.5,1.0,0.8262,0.8262
RET_028,Exp 4: BM25 + Dense + RRF,Explain the prohibition of traffic in human beings and forced labour under Article 23,RIGHTS_QUERY,parent_const_art_23; parent_const_art_023,parent_const_art_023; parent_const_art_024; parent_const_art_035; parent_const_art_015,1,1.0,1.0,1.0,1.0,0.5,0.5,1.0,0.8262,0.8262
RET_029,Exp 4: BM25 + Dense + RRF,What does Article 24 prescribe regarding prohibition of employment of children in factories and hazardous work?,RIGHTS_QUERY,parent_const_art_024; parent_const_art_24,parent_const_art_024; parent_const_art_042; parent_const_art_015; parent_const_art_039; parent_const_art_041,1,1.0,1.0,1.0,1.0,0.5,0.5,1.0,0.8262,0.8262
RET_030,Exp 4: BM25 + Dense + RRF,"Explain freedom of conscience and free profession, practice and propagation of religion under Article 25",RIGHTS_QUERY,parent_const_art_025; parent_const_art_25,parent_const_art_025; parent_const_art_019; parent_const_art_027; parent_const_art_015; parent_case_sc_romesh_thappar_1950,1,1.0,1.0,1.0,1.0,0.5,0.5,1.0,0.8262,0.8262
RET_031,Exp 4: BM25 + Dense + RRF,What rights are guaranteed to religious denominations to manage religious affairs under Article 26?,RIGHTS_QUERY,parent_const_art_026; parent_const_art_26,parent_const_art_026; parent_case_sc_shirur_mutt_1954; parent_const_art_025; parent_const_art_028; parent_const_art_027,1,1.0,1.0,1.0,1.0,0.5,0.5,1.0,0.8262,0.8262
RET_032,Exp 4: BM25 + Dense + RRF,Explain freedom as to payment of taxes for promotion of any particular religion under Article 27,RIGHTS_QUERY,parent_const_art_27; parent_const_art_027,parent_const_art_027; parent_const_art_025; parent_const_art_265; parent_const_art_015; parent_const_art_028,1,1.0,1.0,1.0,1.0,0.5,0.5,1.0,0.8262,0.8262
RET_033,Exp 4: BM25 + Dense + RRF,What provisions govern attendance at religious instruction or religious worship in educational institutions under Article 28?,ARTICLE_LOOKUP,parent_const_art_28; parent_const_art_028,parent_const_art_028; parent_const_art_030; parent_const_art_015; parent_const_art_026; parent_const_art_025,1,1.0,1.0,1.0,1.0,0.5,0.5,1.0,0.8262,0.8262
RET_034,Exp 4: BM25 + Dense + RRF,"How does Article 29 protect the interests of minorities having distinct language, script or culture?",RIGHTS_QUERY,parent_const_art_29; parent_const_art_029,parent_const_art_029; parent_const_art_030; parent_const_art_019; parent_const_art_015; parent_const_art_051a,1,1.0,1.0,1.0,1.0,0.5,0.5,1.0,0.8262,0.8262
RET_035,Exp 4: BM25 + Dense + RRF,What rights are conferred on religious and linguistic minorities to establish and administer educational institutions under Article 30?,RIGHTS_QUERY,parent_const_art_30; parent_const_art_030,parent_const_art_030; parent_const_art_028; parent_const_art_015; parent_case_sc_tma_pai_2002; parent_const_art_029,1,1.0,1.0,1.0,1.0,0.5,0.5,1.0,0.8262,0.8262
RET_036,Exp 4: BM25 + Dense + RRF,What power does Parliament have to modify fundamental rights in their application to armed forces under Article 33?,CONSTITUTIONAL_PROCEDURE,parent_const_art_33; parent_const_art_033,parent_const_art_033; parent_amend_024; parent_case_sc_minerva_mills_1980; parent_const_art_035; parent_const_art_013,1,1.0,1.0,1.0,1.0,0.5,0.5,1.0,0.8262,0.8262
RET_037,Exp 4: BM25 + Dense + RRF,Explain restrictions on fundamental rights while martial law is in force in any area under Article 34,CONSTITUTIONAL_PROCEDURE,parent_const_art_34; parent_const_art_034,parent_const_art_034; parent_const_art_013; parent_const_art_031c; parent_const_art_033; parent_case_sc_golak_nath_1967,1,1.0,1.0,1.0,1.0,0.5,0.5,1.0,0.8262,0.8262
RET_038,Exp 4: BM25 + Dense + RRF,What legislation is required to give effect to the provisions of Part III under Article 35?,CONSTITUTIONAL_PROCEDURE,parent_const_art_035; parent_const_art_35,parent_const_art_035; parent_const_art_031c; parent_const_art_031b; parent_const_art_359; parent_const_art_033,1,1.0,1.0,1.0,1.0,0.5,0.5,1.0,0.8262,0.8262
RET_039,Exp 4: BM25 + Dense + RRF,How is the definition of State applied to Part IV Directive Principles under Article 36?,DEFINITION_QUERY,parent_const_art_36; parent_const_art_036,parent_const_art_036; parent_const_art_031c; parent_const_art_012; parent_const_art_037; parent_const_art_039,1,1.0,1.0,1.0,1.0,0.5,0.5,1.0,0.8262,0.8262
RET_040,Exp 4: BM25 + Dense + RRF,Explain the application and non-justiciability of the principles contained in Part IV under Article 37,LEGAL_EXPLANATION,parent_const_art_037; parent_const_art_37,parent_const_art_037; parent_const_art_031c; parent_const_art_039; parent_const_art_035; parent_case_minerva,1,1.0,1.0,1.0,1.0,0.5,0.5,1.0,0.8262,0.8262
RET_041,Exp 4: BM25 + Dense + RRF,What does Article 38 mandate regarding the State securing a social order for the promotion of welfare of the people?,LEGAL_EXPLANATION,parent_const_art_38; parent_const_art_038,parent_const_art_038; parent_const_art_039; parent_const_art_046; parent_const_art_047; parent_const_art_042,1,1.0,1.0,1.0,1.0,0.5,0.5,1.0,0.8262,0.8262
RET_042,Exp 4: BM25 + Dense + RRF,What specific principles of policy such as distribution of material resources and equal pay are laid down in Article 39?,LEGAL_EXPLANATION,parent_const_art_039; parent_const_art_39,parent_const_art_039; parent_const_art_037; parent_const_art_031c; parent_const_art_039a; parent_const_art_043,1,1.0,1.0,1.0,1.0,0.5,0.5,1.0,0.8262,0.8262
RET_043,Exp 4: BM25 + Dense + RRF,Explain the mandate for equal justice and free legal aid under Article 39A,RIGHTS_QUERY,parent_const_art_39a; parent_const_art_039a,parent_const_art_039a; parent_const_art_014; parent_const_art_039; parent_case_sc_hussainara_khatoon_1979; parent_const_art_144,1,1.0,1.0,1.0,1.0,0.5,0.5,1.0,0.8262,0.8262
RET_044,Exp 4: BM25 + Dense + RRF,What does Article 40 direct the State to do regarding the organisation of village panchayats?,CONSTITUTIONAL_PROCEDURE,parent_const_art_040; parent_const_art_40,parent_const_art_040; parent_const_art_039; parent_amend_073; parent_case_sc_kesavananda_1973; parent_case_sc_francis_coralie_1981,1,1.0,1.0,1.0,1.0,0.5,0.5,1.0,0.8262,0.8262
RET_045,Exp 4: BM25 + Dense + RRF,"Explain the right to work, to education and to public assistance in cases of unemployment or old age under Article 41",LEGAL_EXPLANATION,parent_const_art_41; parent_const_art_041,parent_const_art_041; parent_const_art_021a; parent_const_art_043; parent_const_art_039; parent_const_art_045,1,1.0,1.0,1.0,1.0,0.5,0.5,1.0,0.8262,0.8262
RET_046,Exp 4: BM25 + Dense + RRF,What provision does Article 42 make for just and humane conditions of work and maternity relief?,LEGAL_EXPLANATION,parent_const_art_042; parent_const_art_42,parent_const_art_042; parent_const_art_041; parent_const_art_043; parent_const_art_039; parent_case_sc_francis_coralie_1981,1,1.0,1.0,1.0,1.0,0.5,0.5,1.0,0.8262,0.8262
RET_047,Exp 4: BM25 + Dense + RRF,Explain the concept of living wage and decent standard of life for workers under Article 43,LEGAL_EXPLANATION,parent_const_art_43; parent_const_art_043,parent_const_art_043; parent_const_art_047; parent_const_art_023; parent_const_art_043a; parent_const_art_042,1,1.0,1.0,1.0,1.0,0.5,0.5,1.0,0.8262,0.8262
RET_048,Exp 4: BM25 + Dense + RRF,What does Article 43A provide regarding participation of workers in management of industries?,LEGAL_EXPLANATION,parent_const_art_43a; parent_const_art_043a,parent_const_art_043a; parent_const_art_043; parent_const_art_042; parent_const_art_023; parent_amend_042,1,1.0,1.0,1.0,1.0,0.5,0.5,1.0,0.8262,0.8262
RET_049,Exp 4: BM25 + Dense + RRF,Explain the promotion of cooperative societies under Article 43B,LEGAL_EXPLANATION,parent_const_art_43b; parent_const_art_043b,parent_const_art_038; parent_const_art_046; parent_const_art_051; parent_const_art_080; parent_case_sc_pradeep_biswas_2002,Not Found (>10),0.0,0.0,0.0,0.0,0.0,0.0,0.0,0.0,0.0
RET_050,Exp 4: BM25 + Dense + RRF,What directive does Article 44 provide regarding securing a Uniform Civil Code for citizens?,LEGAL_EXPLANATION,parent_const_art_044; parent_const_art_44,parent_const_art_044; parent_const_art_031c; parent_const_art_039; parent_case_sc_shah_bano_1985; parent_const_art_051a,1,1.0,1.0,1.0,1.0,0.5,0.5,1.0,0.8262,0.8262
RET_051,Exp 4: BM25 + Dense + RRF,What does Article 45 direct regarding early childhood care and education to children below age six?,LEGAL_EXPLANATION,parent_const_art_45; parent_const_art_045,parent_const_art_045; parent_amend_086; parent_const_art_051a; parent_const_art_021a; parent_const_art_039,1,1.0,1.0,1.0,1.0,0.5,0.5,1.0,0.8262,0.8262
RET_052,Exp 4: BM25 + Dense + RRF,How does Article 46 mandate promotion of educational and economic interests of Scheduled Castes and Scheduled Tribes?,LEGAL_EXPLANATION,parent_const_art_046; parent_const_art_46,parent_const_art_046; parent_const_art_016; parent_const_art_015; parent_amend_104; parent_const_art_029,1,1.0,1.0,1.0,1.0,0.5,0.5,1.0,0.8262,0.8262
RET_053,Exp 4: BM25 + Dense + RRF,"Explain the duty of the State to raise the level of nutrition, standard of living and improve public health under Article 47",LEGAL_EXPLANATION,parent_const_art_47; parent_const_art_047,parent_const_art_047; parent_const_art_043; parent_const_art_039; parent_const_art_041; parent_const_art_048a,1,1.0,1.0,1.0,1.0,0.5,0.5,1.0,0.8262,0.8262
RET_054,Exp 4: BM25 + Dense + RRF,What does Article 48 direct regarding organisation of agriculture and animal husbandry and slaughter prohibition?,LEGAL_EXPLANATION,parent_const_art_048; parent_const_art_48,parent_const_art_048; parent_case_sc_jallikattu_2014; parent_const_art_047; parent_const_art_039; parent_const_art_024,1,1.0,1.0,1.0,1.0,0.5,0.5,1.0,0.8262,0.8262
RET_055,Exp 4: BM25 + Dense + RRF,Explain the mandate under Article 48A for protection and improvement of environment and safeguarding of forests and wildlife,LEGAL_EXPLANATION,parent_const_art_48a; parent_const_art_048a,parent_const_art_048a; parent_const_art_051a; parent_const_art_048; parent_const_art_047; parent_const_art_049,1,1.0,1.0,1.0,1.0,0.5,0.5,1.0,0.8262,0.8262
RET_056,Exp 4: BM25 + Dense + RRF,What obligation does Article 49 place on the State to protect monuments and places of national importance?,ARTICLE_LOOKUP,parent_const_art_049; parent_const_art_49,parent_const_art_049; parent_const_art_048a; parent_const_art_051a; parent_const_art_047; parent_const_art_038,1,1.0,1.0,1.0,1.0,0.5,0.5,1.0,0.8262,0.8262
RET_057,Exp 4: BM25 + Dense + RRF,Explain the constitutional principle of separation of judiciary from executive in the public services under Article 50,LEGAL_EXPLANATION,parent_const_art_050; parent_const_art_50,parent_const_art_050; parent_const_art_154; parent_const_art_077; parent_const_art_356; parent_const_art_016,1,1.0,1.0,1.0,1.0,0.5,0.5,1.0,0.8262,0.8262
RET_058,Exp 4: BM25 + Dense + RRF,What objectives does Article 51 set out for promotion of international peace and security and treaty obligations?,LEGAL_EXPLANATION,parent_const_art_51; parent_const_art_051,parent_const_art_051; parent_const_art_047; parent_const_art_046; parent_const_art_051a; parent_case_sc_pramati_trust_2014,1,1.0,1.0,1.0,1.0,0.5,0.5,1.0,0.8262,0.8262
RET_059,Exp 4: BM25 + Dense + RRF,List the fundamental duties of citizens enumerated under Article 51A of Part IVA,ARTICLE_LOOKUP,parent_const_art_51a; parent_const_art_051a,parent_const_art_051a,1,1.0,1.0,1.0,1.0,0.5,0.5,1.0,0.8262,0.8262
RET_060,Exp 4: BM25 + Dense + RRF,How did the 42nd Amendment introduce Fundamental Duties under Part IVA?,AMENDMENT_QUERY,parent_amend_042; parent_const_art_51a; parent_const_art_051a,parent_const_art_051a; parent_amend_042; parent_const_art_043a; parent_amend_099; parent_const_art_039,1,1.0,1.0,1.0,1.0,0.6667,0.6667,1.0,0.879,0.879
RET_061,Exp 4: BM25 + Dense + RRF,What does Article 52 declare regarding the President of India?,ARTICLE_LOOKUP,parent_const_art_52; parent_const_art_052,parent_const_art_052; parent_const_art_077; parent_const_art_063; parent_const_art_076; parent_const_art_201,1,1.0,1.0,1.0,1.0,0.5,0.5,1.0,0.8262,0.8262
RET_062,Exp 4: BM25 + Dense + RRF,In whom is the executive power of the Union vested under Article 53?,CONSTITUTIONAL_PROCEDURE,parent_const_art_053; parent_const_art_53,parent_const_art_053; parent_const_art_154; parent_const_art_073,1,1.0,1.0,1.0,1.0,0.5,0.5,1.0,0.8262,0.8262
RET_063,Exp 4: BM25 + Dense + RRF,Explain the pardoning powers of the President under Article 72 including suspension or remission of sentence,CONSTITUTIONAL_PROCEDURE,parent_const_art_072; parent_const_art_72,parent_const_art_072; parent_const_art_359; parent_const_art_356; parent_const_art_071; parent_const_art_129,1,1.0,1.0,1.0,1.0,0.5,0.5,1.0,0.8262,0.8262
RET_064,Exp 4: BM25 + Dense + RRF,What role does the Council of Ministers play in aiding and advising the President under Article 74?,CONSTITUTIONAL_PROCEDURE,parent_const_art_074; parent_const_art_74,parent_const_art_074; parent_const_art_075; parent_const_art_163,1,1.0,1.0,1.0,1.0,0.5,0.5,1.0,0.8262,0.8262
RET_065,Exp 4: BM25 + Dense + RRF,Explain the appointment and tenure of the Prime Minister and Ministers under Article 75,CONSTITUTIONAL_PROCEDURE,parent_const_art_075; parent_const_art_75,parent_const_art_075; parent_const_art_078; parent_const_art_074; parent_const_art_163,1,1.0,1.0,1.0,1.0,0.5,0.5,1.0,0.8262,0.8262
RET_066,Exp 4: BM25 + Dense + RRF,What are the duties and qualifications of the Attorney-General for India under Article 76?,ARTICLE_LOOKUP,parent_const_art_076; parent_const_art_76,parent_const_art_076; parent_const_art_165; parent_const_art_051a; parent_const_art_058,1,1.0,1.0,1.0,1.0,0.5,0.5,1.0,0.8262,0.8262
RET_067,Exp 4: BM25 + Dense + RRF,How is the Supreme Court of India established and judges appointed under Article 124?,CONSTITUTIONAL_PROCEDURE,parent_const_art_124,parent_const_art_124; parent_case_sc_second_judges_1993; parent_const_art_145; parent_case_sc_third_judges_1998; parent_const_art_076,1,1.0,1.0,1.0,1.0,1.0,1.0,1.0,1.0,1.0
RET_068,Exp 4: BM25 + Dense + RRF,Explain the status of the Supreme Court as a Court of Record and power to punish for contempt under Article 129,ARTICLE_LOOKUP,parent_const_art_129,parent_const_art_129; parent_const_art_215; parent_const_art_137; parent_const_art_124; parent_const_art_143,1,1.0,1.0,1.0,1.0,1.0,1.0,1.0,1.0,1.0
RET_069,Exp 4: BM25 + Dense + RRF,What is the original jurisdiction of the Supreme Court in federal disputes under Article 131?,CONSTITUTIONAL_PROCEDURE,parent_const_art_131,parent_const_art_131; parent_const_art_132; parent_const_art_134; parent_const_art_124; parent_const_art_133,1,1.0,1.0,1.0,1.0,1.0,1.0,1.0,1.0,1.0
RET_070,Exp 4: BM25 + Dense + RRF,Explain the appellate jurisdiction of the Supreme Court in constitutional cases under Article 132,CONSTITUTIONAL_PROCEDURE,parent_const_art_132,parent_const_art_132; parent_const_art_134; parent_const_art_133; parent_const_art_131,1,1.0,1.0,1.0,1.0,1.0,1.0,1.0,1.0,1.0
RET_071,Exp 4: BM25 + Dense + RRF,What is Special Leave to Appeal under Article 136 and when can the Supreme Court exercise it?,CONSTITUTIONAL_PROCEDURE,parent_const_art_136,parent_const_art_136; parent_const_art_134; parent_const_art_132; parent_const_art_137; parent_const_art_144,1,1.0,1.0,1.0,1.0,1.0,1.0,1.0,1.0,1.0
RET_072,Exp 4: BM25 + Dense + RRF,What is the power of the Supreme Court to review its own judgments or orders under Article 137?,CONSTITUTIONAL_PROCEDURE,parent_const_art_137,parent_const_art_137; parent_const_art_144; parent_const_art_129; parent_const_art_143; parent_const_art_141,1,1.0,1.0,1.0,1.0,1.0,1.0,1.0,1.0,1.0
RET_073,Exp 4: BM25 + Dense + RRF,Explain the binding nature of law declared by the Supreme Court on all courts in India under Article 141,LEGAL_EXPLANATION,parent_const_art_141,parent_const_art_141; parent_const_art_132; parent_const_art_144; parent_const_art_133; parent_const_art_143,1,1.0,1.0,1.0,1.0,1.0,1.0,1.0,1.0,1.0
RET_074,Exp 4: BM25 + Dense + RRF,What is the plenary power of the Supreme Court to do complete justice under Article 142?,RIGHTS_QUERY,parent_const_art_142,parent_const_art_142; parent_const_art_137; parent_const_art_129; parent_const_art_143; parent_const_art_144,1,1.0,1.0,1.0,1.0,1.0,1.0,1.0,1.0,1.0
RET_075,Exp 4: BM25 + Dense + RRF,Explain the advisory jurisdiction of the Supreme Court upon reference by the President under Article 143,CONSTITUTIONAL_PROCEDURE,parent_const_art_143,parent_const_art_143; parent_const_art_131; parent_const_art_134; parent_const_art_136; parent_const_art_132,1,1.0,1.0,1.0,1.0,1.0,1.0,1.0,1.0,1.0
RET_076,Exp 4: BM25 + Dense + RRF,What obligation does Article 144 impose on civil and judicial authorities to act in aid of the Supreme Court?,ARTICLE_LOOKUP,parent_const_art_144,parent_const_art_144; parent_const_art_143; parent_const_art_133; parent_const_art_129; parent_const_art_141,1,1.0,1.0,1.0,1.0,1.0,1.0,1.0,1.0,1.0
RET_077,Exp 4: BM25 + Dense + RRF,What does Article 214 provide regarding High Courts for each State?,ARTICLE_LOOKUP,parent_const_art_214,parent_const_art_214; parent_const_art_215; parent_const_art_227; parent_const_art_226,1,1.0,1.0,1.0,1.0,1.0,1.0,1.0,1.0,1.0
RET_078,Exp 4: BM25 + Dense + RRF,Explain the power of High Courts as Courts of Record with contempt powers under Article 215,ARTICLE_LOOKUP,parent_const_art_215,parent_const_art_215; parent_const_art_129; parent_const_art_227; parent_const_art_214; parent_const_art_226,1,1.0,1.0,1.0,1.0,1.0,1.0,1.0,1.0,1.0
RET_079,Exp 4: BM25 + Dense + RRF,What is the writ jurisdiction of High Courts under Article 226 for enforcement of fundamental rights and other purposes?,RIGHTS_QUERY,parent_const_art_226,parent_const_art_226; parent_case_sc_chandra_kumar_1997; parent_const_art_215; parent_const_art_132; parent_const_art_227,1,1.0,1.0,1.0,1.0,1.0,1.0,1.0,1.0,1.0
RET_080,Exp 4: BM25 + Dense + RRF,Explain the power of superintendence of High Courts over all subordinate courts and tribunals under Article 227,CONSTITUTIONAL_PROCEDURE,parent_const_art_227,parent_const_art_227; parent_const_art_215; parent_case_sc_chandra_kumar_1997; parent_const_art_214; parent_const_art_226,1,1.0,1.0,1.0,1.0,1.0,1.0,1.0,1.0,1.0
RET_081,Exp 4: BM25 + Dense + RRF,What are the legislative territorial powers of Parliament and State Legislatures under Article 245?,CONSTITUTIONAL_PROCEDURE,parent_const_art_245,parent_const_art_245; parent_const_art_246; parent_const_art_105,1,1.0,1.0,1.0,1.0,1.0,1.0,1.0,1.0,1.0
RET_082,Exp 4: BM25 + Dense + RRF,"Explain the distribution of legislative powers between Union, State and Concurrent Lists under Article 246",CONSTITUTIONAL_PROCEDURE,parent_const_art_246,parent_const_art_246; parent_const_art_248; parent_const_art_254; parent_const_art_245; parent_const_art_073,1,1.0,1.0,1.0,1.0,1.0,1.0,1.0,1.0,1.0
RET_083,Exp 4: BM25 + Dense + RRF,How does Article 254 resolve inconsistency and repugnancy between central laws and state laws?,LEGAL_EXPLANATION,parent_const_art_254,parent_const_art_254; parent_const_art_245; parent_const_art_246; parent_const_art_355,1,1.0,1.0,1.0,1.0,1.0,1.0,1.0,1.0,1.0
RET_084,Exp 4: BM25 + Dense + RRF,Explain the constitutional right to property and guarantee against deprivation save by authority of law under Article 300A,RIGHTS_QUERY,parent_const_art_300a,parent_const_art_300a; parent_amend_044; parent_const_art_265; parent_const_art_019; parent_const_art_010,1,1.0,1.0,1.0,1.0,1.0,1.0,1.0,1.0,1.0
RET_085,Exp 4: BM25 + Dense + RRF,What constitutional protections against arbitrary dismissal or reduction in rank are given to civil servants under Article 311?,RIGHTS_QUERY,parent_const_art_311,parent_const_art_309; parent_const_art_125; parent_case_sc_royappa_1974; parent_const_art_300a; parent_case_sc_shirur_mutt_1954,Not Found (>10),0.0,0.0,0.0,0.0,0.0,0.0,0.0,0.0,0.0
RET_086,Exp 4: BM25 + Dense + RRF,Explain the establishment and powers of administrative tribunals under Article 323A,CONSTITUTIONAL_PROCEDURE,parent_const_art_323a,parent_case_sc_chandra_kumar_1997; parent_const_art_227; parent_const_art_355; parent_amend_074; parent_const_art_142,Not Found (>10),0.0,0.0,0.0,0.0,0.0,0.0,0.0,0.0,0.0
RET_087,Exp 4: BM25 + Dense + RRF,"What are the superintendence, direction and control powers of the Election Commission of India under Article 324?",CONSTITUTIONAL_PROCEDURE,parent_const_art_324,parent_const_art_324; parent_case_sc_mohinder_gill_1978; parent_const_art_054; parent_const_art_055; parent_case_sc_kesavananda_1973,1,1.0,1.0,1.0,1.0,1.0,1.0,1.0,1.0,1.0
RET_088,Exp 4: BM25 + Dense + RRF,Explain adult suffrage as the basis of elections to the House of the People and Legislative Assemblies under Article 326,RIGHTS_QUERY,parent_const_art_326,parent_const_art_326; parent_const_art_081; parent_amend_061; parent_const_art_368; parent_const_art_079,1,1.0,1.0,1.0,1.0,1.0,1.0,1.0,1.0,1.0
RET_089,Exp 4: BM25 + Dense + RRF,What conditions justify the proclamation of National Emergency by the President under Article 352?,CONSTITUTIONAL_PROCEDURE,parent_const_art_352,parent_const_art_352; parent_amend_044; parent_const_art_360; parent_const_art_359; parent_const_art_356,1,1.0,1.0,1.0,1.0,1.0,1.0,1.0,1.0,1.0
RET_090,Exp 4: BM25 + Dense + RRF,Explain the effect of proclamation of emergency on Union and State relations under Article 353,CONSTITUTIONAL_PROCEDURE,parent_const_art_353,parent_const_art_352; parent_const_art_358; parent_const_art_355; parent_const_art_360; parent_const_art_359,Not Found (>10),0.0,0.0,0.0,0.0,0.0,0.0,0.0,0.0,0.0
RET_091,Exp 4: BM25 + Dense + RRF,What is the duty of the Union to protect States against external aggression and internal disturbance under Article 355?,CONSTITUTIONAL_PROCEDURE,parent_const_art_355,parent_const_art_355; parent_const_art_051a; parent_const_art_047; parent_const_art_003; parent_case_sc_sarbananda_sonowal_2005,1,1.0,1.0,1.0,1.0,1.0,1.0,1.0,1.0,1.0
RET_092,Exp 4: BM25 + Dense + RRF,Explain the imposition of President Rule in case of failure of constitutional machinery in States under Article 356,CONSTITUTIONAL_PROCEDURE,parent_const_art_356,parent_const_art_356; parent_case_sc_article_370_2023; parent_const_art_201; parent_const_art_003; parent_const_art_054,1,1.0,1.0,1.0,1.0,1.0,1.0,1.0,1.0,1.0
RET_093,Exp 4: BM25 + Dense + RRF,How does proclamation of emergency suspend the provisions of Article 19 under Article 358?,RIGHTS_QUERY,parent_const_art_019; parent_const_art_19; parent_const_art_358,parent_const_art_358; parent_const_art_352; parent_const_art_359; parent_amend_044; parent_const_art_360,1,1.0,1.0,1.0,1.0,0.3333,0.3333,1.0,0.4693,0.4693
RET_094,Exp 4: BM25 + Dense + RRF,What is the power to suspend the enforcement of fundamental rights during emergencies under Article 359 and post-44th Amendment protections?,RIGHTS_QUERY,parent_const_art_359; parent_amend_044,parent_const_art_359; parent_amend_044; parent_const_art_032; parent_const_art_352; parent_const_art_358,1,1.0,1.0,1.0,1.0,1.0,1.0,1.0,1.0,1.0
RET_095,Exp 4: BM25 + Dense + RRF,Explain the provisions for proclamation of Financial Emergency under Article 360,CONSTITUTIONAL_PROCEDURE,parent_const_art_360,parent_const_art_360; parent_const_art_352; parent_const_art_358; parent_amend_044,1,1.0,1.0,1.0,1.0,1.0,1.0,1.0,1.0,1.0
RET_096,Exp 4: BM25 + Dense + RRF,What changes did the First Constitutional Amendment 1951 introduce regarding Article 19(2) and the Ninth Schedule?,AMENDMENT_QUERY,parent_amend_001,parent_amend_001; parent_const_art_004; parent_amend_099; parent_case_sc_shankari_prasad_1951; parent_const_art_031b,1,1.0,1.0,1.0,1.0,1.0,1.0,1.0,1.0,1.0
RET_097,Exp 4: BM25 + Dense + RRF,"Explain the reorganization of States and abolition of Part A, B, C categories under the 7th Amendment 1956",AMENDMENT_QUERY,parent_amend_007,parent_amend_001; parent_const_art_003; parent_const_art_031b; parent_const_art_001; parent_amend_105,Not Found (>10),0.0,0.0,0.0,0.0,0.0,0.0,0.0,0.0,0.0
RET_098,Exp 4: BM25 + Dense + RRF,How did the 24th Amendment 1971 affirm Parliament power to amend fundamental rights under Article 368?,AMENDMENT_QUERY,parent_const_art_368; parent_amend_024,parent_amend_024; parent_case_sc_sajjan_singh_1965; parent_const_art_368; parent_case_sc_minerva_mills_1980; parent_case_sc_kesavananda_1973,1,1.0,1.0,1.0,1.0,1.0,1.0,1.0,0.9639,0.9639
RET_099,Exp 4: BM25 + Dense + RRF,Explain the insertion of Article 31C and restrictions on judicial review by the 25th Amendment 1971,AMENDMENT_QUERY,parent_amend_025,parent_const_art_031c; parent_amend_042; parent_amend_024; parent_const_art_031b; parent_const_art_033,Not Found (>10),0.0,0.0,0.0,0.0,0.0,0.0,0.0,0.0,0.0
RET_100,Exp 4: BM25 + Dense + RRF,What were the sweeping changes introduced by the 42nd Amendment Act 1976 often called mini-constitution?,AMENDMENT_QUERY,parent_amend_042,parent_amend_042; parent_const_art_039; parent_amend_024; parent_amend_044; parent_const_art_043a,1,1.0,1.0,1.0,1.0,1.0,1.0,1.0,1.0,1.0
RET_101,Exp 4: BM25 + Dense + RRF,"How did the 44th Amendment Act 1978 restore civil liberties, safeguard Article 21, and remove the right to property from Part III?",AMENDMENT_QUERY,parent_const_art_300a; parent_amend_044,parent_const_art_019; parent_amend_044; parent_const_art_020; parent_const_art_352; parent_const_art_300a,2,0.0,1.0,1.0,1.0,1.0,1.0,0.5,0.6278,0.6278
RET_102,Exp 4: BM25 + Dense + RRF,Explain the anti-defection law and Tenth Schedule added by the 52nd Amendment Act 1985,AMENDMENT_QUERY,parent_amend_052,parent_amend_052; parent_amend_091; parent_case_sc_kihoto_hollohan_1992; parent_amend_042; parent_amend_099,1,1.0,1.0,1.0,1.0,1.0,1.0,1.0,1.0,1.0
RET_103,Exp 4: BM25 + Dense + RRF,What was the reduction of voting age from 21 to 18 years under the 61st Amendment Act 1988?,AMENDMENT_QUERY,parent_const_art_326; parent_amend_061,parent_amend_061; parent_const_art_045; parent_const_art_326; parent_const_art_021a; parent_amend_104,1,1.0,1.0,1.0,1.0,1.0,1.0,1.0,0.9639,0.9639
RET_104,Exp 4: BM25 + Dense + RRF,Explain the constitutional status granted to Panchayati Raj institutions under the 73rd Amendment Act 1992,AMENDMENT_QUERY,parent_amend_073,parent_amend_073; parent_const_art_040; parent_amend_074; parent_case_sc_indira_gandhi_1975; parent_amend_102,1,1.0,1.0,1.0,1.0,1.0,1.0,1.0,1.0,1.0
RET_105,Exp 4: BM25 + Dense + RRF,What institutional framework was established for Urban Local Bodies under the 74th Amendment Act 1992?,AMENDMENT_QUERY,parent_amend_074,parent_amend_074; parent_amend_073; parent_const_art_039; parent_const_art_040; parent_amend_024,1,1.0,1.0,1.0,1.0,1.0,1.0,1.0,1.0,1.0
RET_106,Exp 4: BM25 + Dense + RRF,Explain how the 86th Amendment Act 2002 made education a fundamental right under Article 21A,AMENDMENT_QUERY,parent_const_art_21a; parent_const_art_021a; parent_amend_086,parent_const_art_021a; parent_amend_086; parent_const_art_045; parent_case_sc_unni_krishnan_1993; parent_amend_024,1,1.0,1.0,1.0,1.0,0.6667,0.6667,1.0,0.7003,0.7003
RET_107,Exp 4: BM25 + Dense + RRF,What ceiling on the size of the Council of Ministers to 15 percent was imposed by the 91st Amendment Act 2003?,AMENDMENT_QUERY,parent_const_art_075; parent_const_art_75; parent_amend_091,parent_amend_091; parent_const_art_075; parent_const_art_074; parent_case_sc_nct_delhi_2018; parent_amend_042,1,1.0,1.0,1.0,1.0,0.6667,0.6667,1.0,0.879,0.879
RET_108,Exp 4: BM25 + Dense + RRF,What did the 99th Constitutional Amendment create and why was the National Judicial Appointments Commission challenged?,AMENDMENT_QUERY,parent_const_art_124; parent_amend_099,parent_amend_099; parent_const_art_124; parent_case_sc_third_judges_1998; parent_amend_001; parent_case_sc_fourth_judges_njac_2015,1,1.0,1.0,1.0,1.0,1.0,1.0,1.0,1.0,1.0
RET_109,Exp 4: BM25 + Dense + RRF,Explain the Goods and Services Tax constitutional framework created under the 101st Amendment Act 2016,AMENDMENT_QUERY,parent_amend_101,parent_amend_101; parent_amend_102; parent_amend_099; parent_amend_091; parent_amend_044,1,1.0,1.0,1.0,1.0,1.0,1.0,1.0,1.0,1.0
RET_110,Exp 4: BM25 + Dense + RRF,What constitutional status was conferred on the National Commission for Backward Classes by the 102nd Amendment Act 2018?,AMENDMENT_QUERY,parent_amend_102,parent_amend_102; parent_amend_105; parent_amend_074; parent_case_sc_indra_sawhney_1992; parent_const_art_038,1,1.0,1.0,1.0,1.0,1.0,1.0,1.0,1.0,1.0
RET_111,Exp 4: BM25 + Dense + RRF,Explain the 10 percent reservation for Economically Weaker Sections introduced by the 103rd Amendment Act 2019,AMENDMENT_QUERY,parent_const_art_15; parent_amend_103; parent_const_art_16; parent_const_art_015; parent_const_art_016,parent_case_sc_janhit_abhiyan_2022; parent_amend_103; parent_amend_104; parent_const_art_016; parent_const_art_015,2,0.0,1.0,1.0,1.0,0.6,0.6,0.5,0.5477,0.5477
RET_112,Exp 4: BM25 + Dense + RRF,What extensions for Scheduled Castes and Scheduled Tribes representation were made by the 104th Amendment Act 2020?,AMENDMENT_QUERY,parent_amend_104,parent_amend_104; parent_const_art_046; parent_const_art_016; parent_const_art_015; parent_amend_103,1,1.0,1.0,1.0,1.0,1.0,1.0,1.0,1.0,1.0
RET_113,Exp 4: BM25 + Dense + RRF,How did the 105th Amendment Act 2021 restore the power of State Governments to identify socially and educationally backward classes?,AMENDMENT_QUERY,parent_amend_105,parent_amend_105; parent_amend_102; parent_amend_086; parent_amend_024; parent_amend_061,1,1.0,1.0,1.0,1.0,1.0,1.0,1.0,1.0,1.0
RET_114,Exp 4: BM25 + Dense + RRF,What did the Supreme Court rule in Shankari Prasad Singh Deo v Union of India regarding constitutional amendment validity?,CASE_LAW_QUERY,parent_const_art_368; parent_case_shankari; parent_case_sc_shankari_prasad_1951,parent_case_sc_shankari_prasad_1951; parent_case_sc_sajjan_singh_1965; parent_case_sc_chandra_kumar_1997; parent_case_sc_golak_nath_1967; parent_const_art_145,1,1.0,1.0,1.0,1.0,0.3333,0.3333,1.0,0.7262,0.7262
RET_115,Exp 4: BM25 + Dense + RRF,Explain the decision in Sajjan Singh v State of Rajasthan on fundamental rights amendability,CASE_LAW_QUERY,parent_const_art_368; parent_case_sajjan; parent_case_sc_sajjan_singh_1965,parent_case_sc_sajjan_singh_1965; parent_case_sc_sukhdev_singh_1975; parent_const_art_037; parent_case_sc_shankari_prasad_1951; parent_amend_024,1,1.0,1.0,1.0,1.0,0.3333,0.3333,1.0,0.7262,0.7262
RET_116,Exp 4: BM25 + Dense + RRF,What was held in IC Golak Nath v State of Punjab regarding Parliament inability to abridge Part III rights?,CASE_LAW_QUERY,parent_case_golak; parent_const_art_368; parent_const_art_013; parent_const_art_13; parent_case_sc_golak_nath_1967,parent_case_sc_golak_nath_1967; parent_amend_024; parent_case_sc_kesavananda_1973; parent_case_sc_sajjan_singh_1965; parent_case_sc_punjab_governor_2023,1,1.0,1.0,1.0,1.0,0.2,0.2,1.0,0.6062,0.6062
RET_117,Exp 4: BM25 + Dense + RRF,Explain how Indira Nehru Gandhi v Raj Narain applied the basic structure doctrine to strike down the 39th Amendment,CASE_LAW_QUERY,parent_case_indira; parent_case_sc_indira_gandhi_1975,parent_case_sc_indira_gandhi_1975; parent_case_sc_kesavananda_1973; parent_case_sc_waman_rao_1981; parent_amend_073; parent_const_art_031c,1,1.0,1.0,1.0,1.0,0.5,0.5,1.0,0.8262,0.8262
RET_118,Exp 4: BM25 + Dense + RRF,What was established in Waman Rao v Union of India regarding the cutoff date for Ninth Schedule immunity?,CASE_LAW_QUERY,parent_case_sc_waman_rao_1981; parent_case_waman,parent_case_sc_waman_rao_1981; parent_case_sc_sita_soren_2024; parent_case_sc_ir_coelho_2007; parent_const_art_031b; parent_case_sc_sr_bommai_1994,1,1.0,1.0,1.0,1.0,0.5,0.5,1.0,0.8262,0.8262
RET_119,Exp 4: BM25 + Dense + RRF,Explain the 9-judge bench decision in IR Coelho v State of Tamil Nadu on judicial review of Ninth Schedule laws,CASE_LAW_QUERY,parent_case_ir; parent_case_sc_ir_coelho_2007,parent_const_art_031b; parent_case_sc_ir_coelho_2007; parent_case_sc_kihoto_hollohan_1992; parent_case_sc_second_judges_1993; parent_case_sc_waman_rao_1981,2,0.0,1.0,1.0,1.0,0.5,0.5,0.5,0.5213,0.5213
RET_120,Exp 4: BM25 + Dense + RRF,What narrow interpretation of Article 21 and procedure established by law was adopted in AK Gopalan v State of Madras?,CASE_LAW_QUERY,parent_const_art_21; parent_case_sc_ak_gopalan_1950; parent_case_ak; parent_const_art_021,parent_case_sc_ak_gopalan_1950; parent_const_art_021; parent_case_sc_maneka_gandhi_1978; parent_case_sc_behram_khurshid_1955; parent_case_sc_pa_inamdar_2005,1,1.0,1.0,1.0,1.0,0.5,0.5,1.0,0.796,0.796
RET_121,Exp 4: BM25 + Dense + RRF,How did Kharak Singh v State of Uttar Pradesh examine police surveillance and personal liberty under Article 21?,CASE_LAW_QUERY,parent_case_sc_kharak_singh_1962; parent_const_art_21; parent_case_kharak; parent_const_art_021,parent_case_sc_kharak_singh_1963; parent_case_sc_maneka_gandhi_1978; parent_const_art_020; parent_const_art_021; parent_case_sc_puttaswamy_privacy_2017,4,0.0,0.0,1.0,1.0,0.25,0.25,0.25,0.0944,0.0944
RET_122,Exp 4: BM25 + Dense + RRF,What prisoner rights against solitary confinement were recognized in Sunil Batra v Delhi Administration?,CASE_LAW_QUERY,parent_case_sc_sunil_batra_1978; parent_case_sunil; parent_const_art_21; parent_const_art_021,parent_case_sc_sunil_batra_1978; parent_case_sc_r_rajagopal_1994; parent_const_art_022; parent_case_sc_francis_coralie_1981; parent_case_sc_dk_basu_1997,1,1.0,1.0,1.0,1.0,0.25,0.25,1.0,0.6577,0.6577
RET_123,Exp 4: BM25 + Dense + RRF,Explain the expansion of right to livelihood under Article 21 in Olga Tellis v Bombay Municipal Corporation,CASE_LAW_QUERY,parent_case_olga; parent_const_art_21; parent_case_sc_olga_tellis_1985; parent_const_art_021,parent_case_sc_olga_tellis_1985; parent_case_sc_pucl_food_2001; parent_const_art_021; parent_case_sc_francis_coralie_1981; parent_const_art_039,1,1.0,1.0,1.0,1.0,0.5,0.5,1.0,0.7673,0.7673
RET_124,Exp 4: BM25 + Dense + RRF,What did Francis Coralie Mullin hold regarding right to life with human dignity under Article 21?,CASE_LAW_QUERY,parent_case_francis; parent_const_art_21; parent_case_sc_francis_coralie_1981; parent_const_art_021,parent_case_sc_francis_coralie_1981; parent_case_sc_olga_tellis_1985; parent_case_sc_aruna_shanbaug_2011; parent_case_sc_pucl_food_2001; parent_const_art_021,1,1.0,1.0,1.0,1.0,0.5,0.5,1.0,0.7425,0.7425
RET_125,Exp 4: BM25 + Dense + RRF,How did Bandhua Mukti Morcha v Union of India utilize public interest litigation to free bonded labourers?,CASE_LAW_QUERY,parent_case_sc_bandhua_mukti_1984; parent_const_art_021; parent_const_art_23; parent_const_art_023; parent_const_art_21; parent_case_bandhua,parent_case_sc_bandhua_mukti_1984; parent_case_sc_som_prakash_1981; parent_case_sc_first_judges_1981; parent_case_sc_indra_sawhney_1992; parent_const_art_032,1,1.0,1.0,1.0,1.0,0.1667,0.1667,1.0,0.6062,0.5655
RET_126,Exp 4: BM25 + Dense + RRF,What guidelines on handcuffing and prisoner dignity were issued in Prem Shankar Shukla v Delhi Administration?,CASE_LAW_QUERY,parent_const_art_21; parent_case_prem; parent_const_art_021; parent_case_sc_prem_shankar_1980,parent_case_sc_sunil_batra_1978; parent_case_sc_r_rajagopal_1994; parent_case_sc_dk_basu_1997; parent_case_sc_francis_coralie_1981; parent_case_sc_adm_jabalpur_1976,Not Found (>10),0.0,0.0,0.0,0.0,0.0,0.0,0.0,0.0,0.0
RET_127,Exp 4: BM25 + Dense + RRF,What did the Supreme Court hold in State of Madras v Champakam Dorairajan regarding reservation and directive principles?,CASE_LAW_QUERY,parent_case_sc_champakam_dorairajan_1951; parent_const_art_15; parent_const_art_015; parent_case_champakam,parent_case_sc_champakam_1951; parent_amend_025; parent_case_sc_nagaraj_2006; parent_const_art_031c; parent_const_art_124,Not Found (>10),0.0,0.0,0.0,0.0,0.0,0.0,0.0,0.0,0.0
RET_128,Exp 4: BM25 + Dense + RRF,Explain the new doctrine of equality as an antithesis to arbitrariness articulated in EP Royappa v State of Tamil Nadu,CASE_LAW_QUERY,parent_case_ep; parent_case_sc_ep_royappa_1974; parent_const_art_14; parent_const_art_014,parent_case_sc_royappa_1974; parent_const_art_014; parent_const_art_016; parent_const_art_14; parent_case_sc_r_rajagopal_1994,2,0.0,1.0,1.0,1.0,0.5,0.5,0.5,0.2327,0.2327
RET_129,Exp 4: BM25 + Dense + RRF,"What were the major rulings in Indra Sawhney v Union of India regarding 27 percent OBC reservation, creamy layer, and 50 percent limit?",CASE_LAW_QUERY,parent_const_art_016; parent_case_indra; parent_const_art_16; parent_case_sc_indra_sawhney_1992,parent_case_sc_indra_sawhney_1992; parent_case_sc_janhit_abhiyan_2022; parent_case_sc_nagaraj_2006; parent_case_sc_bennett_coleman_1973; parent_const_art_016,1,1.0,1.0,1.0,1.0,0.5,0.5,1.0,0.7425,0.7425
RET_130,Exp 4: BM25 + Dense + RRF,How did M Nagaraj v Union of India evaluate constitutional amendments regarding reservation in promotions for SC and ST?,CASE_LAW_QUERY,parent_case_sc_m_nagaraj_2006; parent_const_art_016; parent_const_art_16; parent_case_m,parent_case_sc_nagaraj_2006; parent_case_sc_janhit_abhiyan_2022; parent_case_sc_indra_sawhney_1992; parent_case_sc_jarnail_singh_2018; parent_case_sc_chandra_kumar_1997,Not Found (>10),0.0,0.0,0.0,0.0,0.0,0.0,0.0,0.0,0.0
RET_131,Exp 4: BM25 + Dense + RRF,What modifications to the quantifiable data requirement in SC/ST promotions were made in Jarnail Singh v Lachhmi Narain Gupta?,CASE_LAW_QUERY,parent_const_art_016; parent_case_jarnail; parent_const_art_16; parent_case_sc_jarnail_singh_2018,parent_case_sc_jarnail_singh_2018; parent_case_sc_nagaraj_2006; parent_case_sc_indra_sawhney_1992; parent_case_sc_first_judges_1981,1,1.0,1.0,1.0,1.0,0.25,0.25,1.0,0.6577,0.6577
RET_132,Exp 4: BM25 + Dense + RRF,Explain the constitutional validity of the 103rd Amendment EWS reservation upheld in Janhit Abhiyan v Union of India,CASE_LAW_QUERY,parent_case_janhit; parent_case_sc_janhit_abhiyan_2022; parent_amend_103,parent_case_sc_janhit_abhiyan_2022; parent_amend_103; parent_amend_104; parent_case_sc_indra_sawhney_1992; parent_const_art_015,1,1.0,1.0,1.0,1.0,0.6667,0.6667,1.0,0.879,0.879
RET_133,Exp 4: BM25 + Dense + RRF,What test for reasonable restrictions on pre-censorship of press was established in Romesh Thappar v State of Madras?,CASE_LAW_QUERY,parent_case_sc_romesh_thappar_1950; parent_const_art_019; parent_const_art_19; parent_case_romesh,parent_case_sc_romesh_thappar_1950; parent_case_sc_r_rajagopal_1994; parent_case_sc_brij_bhushan_1950; parent_case_sc_bennett_coleman_1973; parent_case_sc_ka_abbas_1971,1,1.0,1.0,1.0,1.0,0.25,0.25,1.0,0.6577,0.6577
RET_134,Exp 4: BM25 + Dense + RRF,Explain the ruling in Brij Bhushan v State of Delhi regarding freedom of speech and pre-censorship of periodicals,CASE_LAW_QUERY,parent_case_brij; parent_case_sc_brij_bhushan_1950; parent_const_art_19; parent_const_art_019,parent_case_sc_brij_bhushan_1950; parent_case_sc_r_rajagopal_1994; parent_const_art_019,1,1.0,1.0,1.0,1.0,0.5,0.5,1.0,0.7673,0.7673
RET_135,Exp 4: BM25 + Dense + RRF,What did Bennett Coleman v Union of India decide on newsprint quota restrictions infringing press freedom?,CASE_LAW_QUERY,parent_case_sc_bennett_coleman_1972; parent_const_art_019; parent_const_art_19; parent_case_bennett,parent_case_sc_bennett_coleman_1973; parent_case_sc_indian_express_1985; parent_case_sc_r_rajagopal_1994; parent_const_art_019; parent_case_sc_sakal_papers_1962,4,0.0,0.0,1.0,1.0,0.25,0.25,0.25,0.0944,0.0944
RET_136,Exp 4: BM25 + Dense + RRF,Explain the invalidation of page price regulations on newspapers in Sakal Papers v Union of India,CASE_LAW_QUERY,parent_case_sc_sakal_papers_1962; parent_const_art_019; parent_case_sakal; parent_const_art_19,parent_case_sc_sakal_papers_1962; parent_case_sc_bennett_coleman_1973; parent_case_sc_indian_express_1985,1,1.0,1.0,1.0,1.0,0.25,0.25,1.0,0.6577,0.6577
RET_137,Exp 4: BM25 + Dense + RRF,What did the Supreme Court hold in Shreya Singhal v Union of India regarding vagueness and overbreadth in Section 66A IT Act?,CASE_LAW_QUERY,parent_const_art_019; parent_const_art_19; parent_case_sc_shreya_singhal_2015; parent_case_shreya,parent_case_sc_shreya_singhal_2015; parent_case_sc_chandra_kumar_1997; parent_const_art_019; parent_const_art_144; parent_case_sc_ka_abbas_1971,1,1.0,1.0,1.0,1.0,0.5,0.5,1.0,0.7673,0.7673
RET_138,Exp 4: BM25 + Dense + RRF,Explain the judgment in Anuradha Bhasin v Union of India regarding internet shutdowns and press freedom in Jammu & Kashmir,CASE_LAW_QUERY,parent_const_art_019; parent_case_anuradha; parent_const_art_19; parent_case_sc_anuradha_bhasin_2020,parent_case_sc_anuradha_bhasin_2020; parent_case_sc_shreya_singhal_2015; parent_const_art_370; parent_const_art_019; parent_case_sc_puttaswamy_privacy_2017,1,1.0,1.0,1.0,1.0,0.5,0.5,1.0,0.7521,0.7521
RET_139,Exp 4: BM25 + Dense + RRF,What is the essential religious practices test formulated in Commissioner Hindu Religious Endowments Madras v Sri Lakshmindra Thirtha Swamiar Shirur Mutt?,CASE_LAW_QUERY,parent_const_art_026; parent_case_shirur; parent_const_art_26; parent_const_art_025; parent_case_sc_shirur_mutt_1954; parent_const_art_25,parent_case_sc_shirur_mutt_1954; parent_const_art_025; parent_case_sc_sabarimala_2018; parent_case_sc_kesavananda_1973; parent_const_art_027,1,1.0,1.0,1.0,1.0,0.3333,0.3333,1.0,0.7337,0.6845
RET_140,Exp 4: BM25 + Dense + RRF,What did the Supreme Court decide in Dr M Ismail Faruqui v Union of India regarding state acquisition of places of worship and mosques?,CASE_LAW_QUERY,parent_case_ismail; parent_case_sc_ismail_faruqui_1994; parent_const_art_025; parent_const_art_25,parent_case_sc_subodh_gopal_1954; parent_const_art_049; parent_case_sc_ka_abbas_1971; parent_case_sc_mc_mehta_oleum_1987; parent_case_sc_second_judges_1993,Not Found (>10),0.0,0.0,0.0,0.0,0.0,0.0,0.0,0.0,0.0
RET_141,Exp 4: BM25 + Dense + RRF,Explain the constitutional invalidation of instant triple talaq in Shayara Bano v Union of India,CASE_LAW_QUERY,parent_case_shayara; parent_case_sc_shayara_bano_2017; parent_const_art_14; parent_const_art_014,parent_case_sc_shayara_bano_2017; parent_const_art_025; parent_case_sc_sarbananda_sonowal_2005; parent_const_art_031b; parent_case_sc_naveen_jindal_2004,1,1.0,1.0,1.0,1.0,0.25,0.25,1.0,0.6577,0.6577
RET_142,Exp 4: BM25 + Dense + RRF,What was ruled in Indian Young Lawyers Association v State of Kerala regarding women entry into Sabarimala Temple?,CASE_LAW_QUERY,parent_case_sabarimala; parent_case_sc_sabarimala_2018; parent_const_art_014; parent_const_art_025; parent_const_art_14; parent_const_art_25,parent_case_sc_sabarimala_2018; parent_case_sc_kesavananda_1973; parent_case_sc_vishaka_1997; parent_const_art_074,1,1.0,1.0,1.0,1.0,0.1667,0.1667,1.0,0.6062,0.5655
RET_143,Exp 4: BM25 + Dense + RRF,How did Bijoe Emmanuel v State of Kerala protect Jehovah Witnesses students refusing to sing the National Anthem?,CASE_LAW_QUERY,parent_case_sc_bijoe_emmanuel_1986; parent_const_art_019; parent_const_art_19; parent_case_bijoe; parent_const_art_025; parent_const_art_25,parent_case_sc_bijoe_emmanuel_1986; parent_case_sc_kesavananda_1973; parent_case_sc_sabarimala_2018; parent_const_art_051a; parent_case_sc_kerala_education_1958,1,1.0,1.0,1.0,1.0,0.1667,0.1667,1.0,0.6062,0.5655
RET_144,Exp 4: BM25 + Dense + RRF,Explain the First Judges Case SP Gupta v Union of India regarding executive primacy in judicial appointments,CASE_LAW_QUERY,parent_const_art_124; parent_case_sp; parent_case_sc_sp_gupta_1981,parent_case_sc_first_judges_1981; parent_case_sc_second_judges_1993; parent_case_sc_fourth_judges_njac_2015,Not Found (>10),0.0,0.0,0.0,0.0,0.0,0.0,0.0,0.0,0.0
RET_145,Exp 4: BM25 + Dense + RRF,How was the collegium system established in the Second Judges Case Supreme Court Advocates on Record Association 1993?,CASE_LAW_QUERY,parent_const_art_124; parent_case_sc_scara_second_judges_1993; parent_case_scara,parent_case_sc_second_judges_1993; parent_const_art_124; parent_case_sc_third_judges_1998; parent_case_sc_fourth_judges_njac_2015,2,0.0,1.0,1.0,1.0,0.3333,0.3333,0.5,0.1527,0.1527
RET_146,Exp 4: BM25 + Dense + RRF,Explain the advisory opinion in the Third Judges Case Special Reference 1 of 1998 on consultation procedures,CASE_LAW_QUERY,parent_const_art_124; parent_case_third; parent_const_art_143; parent_case_sc_third_judges_1998,parent_case_sc_third_judges_1998; parent_case_sc_first_judges_1981; parent_case_sc_second_judges_1993; parent_const_art_143; parent_case_sc_fourth_judges_njac_2015,1,1.0,1.0,1.0,1.0,0.5,0.5,1.0,0.7521,0.7521
RET_147,Exp 4: BM25 + Dense + RRF,Why did the Supreme Court strike down the National Judicial Appointments Commission in the Fourth Judges Case 2015?,CASE_LAW_QUERY,parent_const_art_124; parent_amend_099; parent_case_njac; parent_case_sc_njac_fourth_judges_2015,parent_amend_099; parent_case_sc_second_judges_1993; parent_case_sc_fourth_judges_njac_2015; parent_const_art_124; parent_case_sc_third_judges_1998,1,1.0,1.0,1.0,1.0,0.5,0.5,1.0,0.3136,0.3136
RET_148,Exp 4: BM25 + Dense + RRF,What was the ruling and famous dissent of Justice HR Khanna in ADM Jabalpur v Shivkant Shukla on habeas corpus during emergency?,CASE_LAW_QUERY,parent_const_art_359; parent_const_art_021; parent_case_adm; parent_case_sc_adm_jabalpur_1976; parent_const_art_21,parent_case_sc_adm_jabalpur_1976; parent_case_sc_puttaswamy_privacy_2017; parent_const_art_032; parent_const_art_359; parent_case_sc_dc_wadhwa_1987,1,1.0,1.0,1.0,1.0,0.4,0.4,1.0,0.6933,0.6933
RET_149,Exp 4: BM25 + Dense + RRF,Explain the mandatory arrest and detention guidelines formulated in DK Basu v State of West Bengal to prevent custodial torture,CASE_LAW_QUERY,parent_case_sc_dk_basu_1997; parent_case_dk; parent_const_art_21; parent_const_art_021,parent_case_sc_dk_basu_1997; parent_const_art_022; parent_case_sc_wb_v_uoi_1963; parent_case_sc_subodh_gopal_1954,1,1.0,1.0,1.0,1.0,0.25,0.25,1.0,0.6577,0.6577
RET_150,Exp 4: BM25 + Dense + RRF,What binding workplace sexual harassment guidelines were laid down in Vishaka v State of Rajasthan?,CASE_LAW_QUERY,parent_const_art_019; parent_const_art_021; parent_const_art_19; parent_const_art_014; parent_case_vishaka; parent_const_art_21; parent_case_sc_vishaka_1997; parent_const_art_14,parent_case_sc_vishaka_1997; parent_case_sc_dk_basu_1997; parent_case_sc_navtej_johar_2018; parent_case_sc_sr_bommai_1994; parent_case_sc_royappa_1974,1,1.0,1.0,1.0,1.0,0.125,0.125,1.0,0.6062,0.5039
RET_151,Exp 4: BM25 + Dense + RRF,How did Navtej Singh Johar v Union of India decriminalize consensual homosexual relations under Section 377 IPC?,CASE_LAW_QUERY,parent_const_art_15; parent_const_art_021; parent_case_sc_navtej_johar_2018; parent_const_art_014; parent_const_art_015; parent_const_art_21; parent_case_navtej; parent_const_art_14,parent_case_sc_navtej_johar_2018; parent_case_sc_joseph_shine_2018; parent_case_sc_shankari_prasad_1951,1,1.0,1.0,1.0,1.0,0.125,0.125,1.0,0.6062,0.5039
RET_152,Exp 4: BM25 + Dense + RRF,Explain the striking down of criminal adultery in Section 497 IPC as unconstitutional in Joseph Shine v Union of India,CASE_LAW_QUERY,parent_const_art_021; parent_case_joseph; parent_const_art_014; parent_case_sc_joseph_shine_2018; parent_const_art_21; parent_const_art_14,parent_case_sc_joseph_shine_2018; parent_case_sc_navtej_johar_2018; parent_case_sc_shreya_singhal_2015; parent_const_art_134; parent_case_sc_dc_wadhwa_1987,1,1.0,1.0,1.0,1.0,0.1667,0.1667,1.0,0.6062,0.5655
RET_153,Exp 4: BM25 + Dense + RRF,What was held in Common Cause A Registered Society v Union of India regarding passive euthanasia and living wills?,CASE_LAW_QUERY,parent_case_common; parent_const_art_21; parent_case_sc_common_cause_2018; parent_const_art_021,parent_case_sc_common_cause_2018; parent_case_sc_aruna_shanbaug_2011; parent_const_art_074; parent_case_sc_jallikattu_2014; parent_const_art_019,1,1.0,1.0,1.0,1.0,0.25,0.25,1.0,0.6577,0.6577
RET_154,Exp 4: BM25 + Dense + RRF,Explain the landmark ruling on passive euthanasia and advance medical directives in Aruna Ramchandra Shanbaug v Union of India,CASE_LAW_QUERY,parent_case_sc_aruna_shanbaug_2011; parent_const_art_21; parent_case_aruna; parent_const_art_021,parent_case_sc_aruna_shanbaug_2011; parent_case_sc_common_cause_2018; parent_case_sc_dk_basu_1997; parent_case_sc_tma_pai_2002,1,1.0,1.0,1.0,1.0,0.25,0.25,1.0,0.6577,0.6577
RET_155,Exp 4: BM25 + Dense + RRF,What did Animal Welfare Board of India v A Nagaraja hold regarding prevention of animal cruelty in Jallikattu under Article 21?,CASE_LAW_QUERY,parent_case_sc_jallikattu_2014; parent_const_art_021; parent_const_art_51a; parent_const_art_051a; parent_case_jallikattu; parent_const_art_21,parent_case_sc_jallikattu_2014; parent_const_art_048; parent_case_sc_vellore_citizens_1996; parent_case_sc_pucl_food_2001; parent_case_sc_zee_telefilms_2005,1,1.0,1.0,1.0,1.0,0.1667,0.1667,1.0,0.6062,0.5655
RET_156,Exp 4: BM25 + Dense + RRF,Explain the unconstitutionality of involuntary narco-analysis and brain mapping under Article 20(3) and 21 in Selvi v State of Karnataka,CASE_LAW_QUERY,parent_const_art_021; parent_const_art_20; parent_case_selvi; parent_const_art_21; parent_case_sc_selvi_2010; parent_const_art_020,parent_const_art_020; parent_case_sc_selvi_2010; parent_case_sc_tma_pai_2002; parent_const_art_035; parent_case_sc_syedna_taher_1962,1,1.0,1.0,1.0,1.0,0.3333,0.3333,1.0,0.5846,0.5453
RET_157,Exp 4: BM25 + Dense + RRF,What principles on governor pardoning power and judicial review were established in KM Nanavati v State of Bombay?,CASE_LAW_QUERY,parent_const_art_161; parent_case_sc_nanavati_1961; parent_case_nanavati; parent_const_art_142,parent_const_art_072; parent_const_art_161; parent_case_sc_fn_balsara_1951; parent_case_sc_kihoto_hollohan_1992; parent_case_sc_waman_rao_1981,2,0.0,1.0,1.0,1.0,0.25,0.25,0.5,0.1383,0.1383
RET_158,Exp 4: BM25 + Dense + RRF,How did Lily Thomas v Union of India strike down Section 8(4) RPA to disqualify convicted lawmakers immediately?,CASE_LAW_QUERY,parent_const_art_102; parent_const_art_191; parent_case_lily; parent_case_sc_lily_thomas_2013,parent_case_sc_lily_thomas_2013; parent_case_sc_minerva_mills_1980; parent_case_sc_shreya_singhal_2015; parent_case_sc_sarbananda_sonowal_2005; parent_const_art_102,1,1.0,1.0,1.0,1.0,0.5,0.5,1.0,0.7425,0.7425
RET_159,Exp 4: BM25 + Dense + RRF,What voter right to candidate criminal antecedent disclosure was established in Association for Democratic Reforms ADR 2002?,CASE_LAW_QUERY,parent_const_art_019; parent_const_art_19; parent_case_adr; parent_case_sc_adr_voter_rights_2002,parent_case_sc_adr_2002; parent_case_sc_electoral_bonds_2024; parent_case_sc_pucl_nota_2013,Not Found (>10),0.0,0.0,0.0,0.0,0.0,0.0,0.0,0.0,0.0
RET_160,Exp 4: BM25 + Dense + RRF,Explain the introduction of the None of the Above NOTA option in ballot papers in PUCL v Union of India 2013,CASE_LAW_QUERY,parent_case_pucl; parent_const_art_019; parent_const_art_19; parent_case_sc_pucl_nota_2013,parent_case_sc_pucl_nota_2013; parent_case_sc_adr_2002; parent_const_art_368; parent_const_art_031b; parent_case_sc_sakal_papers_1962,1,1.0,1.0,1.0,1.0,0.25,0.25,1.0,0.6577,0.6577
RET_161,Exp 4: BM25 + Dense + RRF,What did Kihoto Hollohan v Zachillhu hold regarding the Speaker powers under Tenth Schedule and judicial review?,CASE_LAW_QUERY,parent_case_sc_kihoto_hollohan_1992; parent_amend_052; parent_case_kihoto,parent_case_sc_kihoto_hollohan_1992; parent_const_art_031b; parent_case_sc_ir_coelho_2007; parent_const_art_137; parent_case_sc_fourth_judges_njac_2015,1,1.0,1.0,1.0,1.0,0.3333,0.3333,1.0,0.7262,0.7262
RET_162,Exp 4: BM25 + Dense + RRF,Explain the restoration of the elected government in Arunachal Pradesh and Governor power limits in Nabam Rebia 2016,CASE_LAW_QUERY,parent_case_sc_nabam_rebia_2016; parent_case_nabam; parent_const_art_174; parent_const_art_163,parent_case_sc_punjab_governor_2023; parent_case_sc_nct_delhi_2018; parent_const_art_161; parent_const_art_213; parent_case_sc_article_370_2023,Not Found (>10),0.0,0.0,0.0,0.0,0.0,0.0,0.0,0.0,0.0
RET_163,Exp 4: BM25 + Dense + RRF,What guidelines on Governor discretionary powers during floor tests were established in Subhash Desai v Principal Secretary Maharashtra 2023?,CASE_LAW_QUERY,parent_case_subhash; parent_const_art_163; parent_case_sc_subhash_desai_2023,parent_case_sc_punjab_governor_2023; parent_const_art_213; parent_const_art_371; parent_const_art_200; parent_case_bommai,Not Found (>10),0.0,0.0,0.0,0.0,0.0,0.0,0.0,0.0,0.0
RET_164,Exp 4: BM25 + Dense + RRF,How did Government of NCT of Delhi v Union of India 2018 interpret the constitutional status and powers of the elected Delhi Government?,CASE_LAW_QUERY,parent_case_nct; parent_case_sc_nct_delhi_2018; parent_const_art_239aa,parent_case_sc_nct_delhi_2018; parent_const_art_077; parent_const_art_012; parent_const_art_080; parent_const_art_073,1,1.0,1.0,1.0,1.0,0.3333,0.3333,1.0,0.7262,0.7262
RET_165,Exp 4: BM25 + Dense + RRF,What did State of Rajasthan v Union of India 1977 establish on judicial review of President Rule proclamations under Article 356?,CASE_LAW_QUERY,parent_case_state; parent_const_art_356; parent_case_sc_state_of_rajasthan_1977,parent_case_sc_sr_bommai_1994; parent_case_sc_sajjan_singh_1965; parent_const_art_356; parent_case_sc_chandra_kumar_1997; parent_const_art_145,3,0.0,1.0,1.0,1.0,0.3333,0.3333,0.3333,0.121,0.121
RET_166,Exp 4: BM25 + Dense + RRF,"How do Articles 14, 19, and 21 interact with Kesavananda Bharati to safeguard fundamental rights against amendment?",MULTI_DOCUMENT_QUERY,parent_const_art_019; parent_case_sc_kesavananda_1973; parent_const_art_021; parent_const_art_19; parent_case_kesavananda; parent_const_art_014; parent_const_art_21; parent_const_art_14,parent_const_art_013; parent_const_art_037; parent_const_art_031c; parent_case_sc_kesavananda_1973; parent_amend_044,4,0.0,0.0,1.0,1.0,0.125,0.375,0.25,0.2611,0.3236
RET_167,Exp 4: BM25 + Dense + RRF,Compare the scope of judicial review in Article 32 writ petitions before the Supreme Court and Article 226 before High Courts,CASE_COMPARISON,parent_const_art_32; parent_const_art_032; parent_const_art_226,parent_const_art_226; parent_case_sc_chandra_kumar_1997; parent_const_art_133; parent_const_art_137; parent_const_art_214,1,1.0,1.0,1.0,1.0,0.3333,0.3333,1.0,0.2421,0.2421
RET_168,Exp 4: BM25 + Dense + RRF,How did the 42nd Amendment attempt to prioritize Directive Principles over Fundamental Rights and how did Minerva Mills strike it down?,MULTI_DOCUMENT_QUERY,parent_case_minerva; parent_const_art_368; parent_amend_042; parent_case_sc_minerva_mills_1980,parent_const_art_031c; parent_case_sc_minerva_mills_1980; parent_amend_042; parent_const_art_039; parent_amend_025,2,0.0,1.0,1.0,1.0,0.5,0.5,0.5,0.4671,0.4671
RET_169,Exp 4: BM25 + Dense + RRF,Explain the evolution of right to education from Mohini Jain and Unni Krishnan to the 86th Amendment and Article 21A,MULTI_DOCUMENT_QUERY,parent_const_art_21a; parent_const_art_021a; parent_amend_086; parent_case_puttaswamy; parent_case_sc_puttaswamy_privacy_2017,parent_const_art_021a; parent_case_sc_unni_krishnan_1993; parent_amend_086; parent_case_sc_pramati_trust_2014,1,1.0,1.0,1.0,1.0,0.4,0.4,1.0,0.5052,0.5052
RET_170,Exp 4: BM25 + Dense + RRF,Compare the constitutional tests for creamy layer exclusion in Indra Sawhney with the quantifiable backwardness requirements in M Nagaraj,CASE_COMPARISON,parent_case_sc_indra_sawhney_1992; parent_case_indra; parent_case_sc_m_nagaraj_2006; parent_case_m; parent_const_art_16; parent_const_art_016,parent_case_sc_indra_sawhney_1992; parent_case_sc_jarnail_singh_2018; parent_case_sc_nagaraj_2006; parent_case_sc_janhit_abhiyan_2022,1,1.0,1.0,1.0,1.0,0.1667,0.1667,1.0,0.6062,0.5655
RET_171,Exp 4: BM25 + Dense + RRF,What constitutional principles govern federalism and legislative competence under Article 246 and the Seventh Schedule lists?,LEGAL_EXPLANATION,parent_case_sr; parent_const_art_246; parent_case_sc_sr_bommai_1994,parent_const_art_246; parent_const_art_037; parent_const_art_368; parent_amend_042; parent_amend_101,1,1.0,1.0,1.0,1.0,0.3333,0.3333,1.0,0.4693,0.4693
RET_172,Exp 4: BM25 + Dense + RRF,How did the Puttaswamy privacy judgment overrule MP Sharma 1954 and Kharak Singh 1962?,PRECEDENT_QUERY,parent_const_art_021; parent_case_sc_kharak_singh_1962; parent_const_art_21; parent_case_kharak; parent_case_puttaswamy; parent_case_sc_puttaswamy_privacy_2017,parent_case_sc_puttaswamy_privacy_2017; parent_case_sc_mp_sharma_1954; parent_case_sc_kharak_singh_1963,1,1.0,1.0,1.0,1.0,0.1667,0.1667,1.0,0.6062,0.5655
RET_173,Exp 4: BM25 + Dense + RRF,Explain the three-pronged proportionality test for State limitations on fundamental rights under Article 21 formulated in Puttaswamy,LEGAL_EXPLANATION,parent_const_art_21; parent_case_puttaswamy; parent_case_sc_puttaswamy_privacy_2017; parent_const_art_021,parent_const_art_012; parent_const_art_021; parent_const_art_032; parent_case_sc_hussainara_khatoon_1979; parent_case_sc_puttaswamy_privacy_2017,2,0.0,1.0,1.0,1.0,0.5,0.75,0.5,0.3927,0.4708
RET_174,Exp 4: BM25 + Dense + RRF,How did Maneka Gandhi overrule the strict literal interpretation of personal liberty established in AK Gopalan?,PRECEDENT_QUERY,parent_case_sc_maneka_gandhi_1978; parent_const_art_021; parent_case_ak; parent_case_maneka; parent_case_sc_ak_gopalan_1950; parent_const_art_21,parent_case_sc_maneka_gandhi_1978; parent_const_art_021; parent_case_sc_ak_gopalan_1950; parent_case_sc_kharak_singh_1963; parent_const_art_017,1,1.0,1.0,1.0,1.0,0.5,0.5,1.0,0.8348,0.7787
RET_175,Exp 4: BM25 + Dense + RRF,What constitutional checks exist against arbitrary proclamation of emergency under Article 352 after the 44th Amendment?,CONSTITUTIONAL_PROCEDURE,parent_const_art_352; parent_amend_044,parent_const_art_352; parent_amend_044; parent_const_art_359; parent_const_art_020; parent_const_art_358,1,1.0,1.0,1.0,1.0,1.0,1.0,1.0,1.0,1.0
RET_176,Exp 4: BM25 + Dense + RRF,Explain how the Supreme Court used Article 142 complete justice power in the Union Carbide Bhopal Gas tragedy settlement,LEGAL_EXPLANATION,parent_const_art_142,parent_const_art_142; parent_const_art_137; parent_const_art_144; parent_const_art_143; parent_const_art_129,1,1.0,1.0,1.0,1.0,1.0,1.0,1.0,1.0,1.0
RET_177,Exp 4: BM25 + Dense + RRF,What are the constitutional requirements for a Money Bill under Article 110 and judicial review of Speaker certification?,CONSTITUTIONAL_PROCEDURE,parent_case_puttaswamy; parent_case_sc_puttaswamy_privacy_2017; parent_const_art_110,parent_const_art_110; parent_const_art_356; parent_const_art_144; parent_const_art_201; parent_case_sc_puttaswamy_aadhaar_2018,1,1.0,1.0,1.0,1.0,0.3333,0.3333,1.0,0.4693,0.4693
RET_178,Exp 4: BM25 + Dense + RRF,Compare the judicial appointment mechanisms under the collegium system and the invalidated NJAC Act under Article 124,CASE_COMPARISON,parent_case_njac; parent_const_art_124; parent_case_scara; parent_case_sc_njac_fourth_judges_2015; parent_case_sc_scara_second_judges_1993,parent_const_art_124; parent_amend_099; parent_const_art_217; parent_case_sc_fourth_judges_njac_2015; parent_case_sc_third_judges_1998,1,1.0,1.0,1.0,1.0,0.2,0.2,1.0,0.2021,0.2021
RET_179,Exp 4: BM25 + Dense + RRF,"How does the doctrine of basic structure protect secularism, democracy, judicial review, and rule of law?",LEGAL_EXPLANATION,parent_case_minerva; parent_case_sc_kesavananda_1973; parent_case_sr; parent_case_sc_sr_bommai_1994; parent_case_kesavananda; parent_case_sc_minerva_mills_1980,parent_case_sc_indira_gandhi_1975; parent_const_art_356; parent_case_kesavananda; parent_const_art_037; parent_case_sc_waman_rao_1981,3,0.0,1.0,1.0,1.0,0.1667,0.1667,0.3333,0.101,0.0943
RET_180,Exp 4: BM25 + Dense + RRF,What role does the Preamble play in interpreting ambiguous constitutional provisions according to Kesavananda Bharati?,LEGAL_EXPLANATION,parent_case_kesavananda; parent_const_preamble; parent_case_sc_kesavananda_1973,parent_const_preamble; parent_case_sc_kesavananda_1973; parent_const_art_037; parent_const_art_031c; parent_const_art_368,1,1.0,1.0,1.0,1.0,0.6667,0.6667,1.0,0.879,0.879
RET_181,Exp 4: BM25 + Dense + RRF,"Explain the scope of freedom of trade, commerce and intercourse throughout India under Article 301",ARTICLE_LOOKUP,parent_const_art_301,parent_const_art_301; parent_const_art_019; parent_const_art_077; parent_case_sc_bennett_coleman_1973; parent_case_sc_anuradha_bhasin_2020,1,1.0,1.0,1.0,1.0,1.0,1.0,1.0,1.0,1.0
RET_182,Exp 4: BM25 + Dense + RRF,What restrictions on freedom of trade and commerce can be imposed by Parliament and State legislatures under Articles 302 to 304?,CONSTITUTIONAL_PROCEDURE,parent_const_art_304; parent_const_art_302,parent_const_art_301; parent_const_art_245; parent_const_art_246; parent_const_art_033; parent_const_art_265,Not Found (>10),0.0,0.0,0.0,0.0,0.0,0.0,0.0,0.0,0.0
RET_183,Exp 4: BM25 + Dense + RRF,How does the Finance Commission function and make recommendations on tax devolution under Article 280?,CONSTITUTIONAL_PROCEDURE,parent_const_art_280,parent_amend_101; parent_const_art_324; parent_const_art_265; parent_amend_102; parent_const_art_039a,Not Found (>10),0.0,0.0,0.0,0.0,0.0,0.0,0.0,0.0,0.0
RET_184,Exp 4: BM25 + Dense + RRF,Explain the duties of the Comptroller and Auditor-General of India regarding public accounts audits under Article 148 and 149,CONSTITUTIONAL_PROCEDURE,parent_const_art_148,parent_const_art_076; parent_const_art_051a; parent_const_art_019; parent_const_art_047; parent_const_art_077,Not Found (>10),0.0,0.0,0.0,0.0,0.0,0.0,0.0,0.0,0.0
RET_185,Exp 4: BM25 + Dense + RRF,What are the rules governing the Consolidated Fund of India and Contingency Fund under Articles 266 and 267?,CONSTITUTIONAL_PROCEDURE,parent_const_art_266; parent_const_art_267,parent_const_art_114; parent_const_art_077; parent_const_art_145; parent_const_art_125; parent_const_art_360,Not Found (>10),0.0,0.0,0.0,0.0,0.0,0.0,0.0,0.0,0.0
RET_186,Exp 4: BM25 + Dense + RRF,Explain the powers and privileges of Parliament and its members and committees under Article 105,CONSTITUTIONAL_PROCEDURE,parent_const_art_105,parent_const_art_105; parent_const_art_368; parent_const_art_079; parent_const_art_245; parent_const_art_246,1,1.0,1.0,1.0,1.0,1.0,1.0,1.0,1.0,1.0
RET_187,Exp 4: BM25 + Dense + RRF,"What are the powers, privileges and immunities of State Legislative Assemblies and their members under Article 194?",CONSTITUTIONAL_PROCEDURE,parent_const_art_194,parent_const_art_105; parent_const_art_033; parent_amend_091; parent_const_art_245; parent_case_kesavananda,Not Found (>10),0.0,0.0,0.0,0.0,0.0,0.0,0.0,0.0,0.0
RET_188,Exp 4: BM25 + Dense + RRF,Explain the constitutional procedure for impeachment and removal of the President of India under Article 61,CONSTITUTIONAL_PROCEDURE,parent_const_art_61; parent_const_art_061,parent_const_art_061; parent_const_art_063; parent_const_art_124; parent_const_art_052; parent_const_art_056,1,1.0,1.0,1.0,1.0,0.5,0.5,1.0,0.8262,0.8262
RET_189,Exp 4: BM25 + Dense + RRF,What is the procedure for removal of a Supreme Court judge on grounds of proved misbehaviour or incapacity under Article 124(4)?,CONSTITUTIONAL_PROCEDURE,parent_const_art_124,parent_const_art_124; parent_const_art_129; parent_const_art_217; parent_const_art_145; parent_const_art_137,1,1.0,1.0,1.0,1.0,1.0,1.0,1.0,1.0,1.0
RET_190,Exp 4: BM25 + Dense + RRF,How does Article 312 govern the creation of All-India Services by the Council of States Rajya Sabha?,CONSTITUTIONAL_PROCEDURE,parent_const_art_312,parent_const_art_080; parent_const_art_163; parent_const_art_245; parent_const_art_246; parent_const_art_153,Not Found (>10),0.0,0.0,0.0,0.0,0.0,0.0,0.0,0.0,0.0
RET_191,Exp 4: BM25 + Dense + RRF,Explain the functions of the Union Public Service Commission and State PSCs under Article 320,CONSTITUTIONAL_PROCEDURE,parent_const_art_320,parent_const_art_051a; parent_const_art_309; parent_const_art_324; parent_const_art_023; parent_const_art_355,Not Found (>10),0.0,0.0,0.0,0.0,0.0,0.0,0.0,0.0,0.0
RET_192,Exp 4: BM25 + Dense + RRF,What is the constitutional provision for the Special Officer for Linguistic Minorities under Article 350B?,ARTICLE_LOOKUP,parent_const_art_350b,parent_const_art_029; parent_const_art_015; parent_const_art_030; parent_const_art_016; parent_case_sc_third_judges_1998,Not Found (>10),0.0,0.0,0.0,0.0,0.0,0.0,0.0,0.0,0.0
RET_193,Exp 4: BM25 + Dense + RRF,Explain the official language of the Union and devanagari script provisions under Article 343,ARTICLE_LOOKUP,parent_const_art_343,parent_const_art_029; parent_const_art_355; parent_const_art_371d; parent_const_art_371; parent_const_art_001,Not Found (>10),0.0,0.0,0.0,0.0,0.0,0.0,0.0,0.0,0.0
RET_194,Exp 4: BM25 + Dense + RRF,What language is mandated for proceedings in the Supreme Court and High Courts under Article 348?,CONSTITUTIONAL_PROCEDURE,parent_const_art_348,parent_const_art_214; parent_const_art_032; parent_const_art_215; parent_const_art_132; parent_const_art_226,Not Found (>10),0.0,0.0,0.0,0.0,0.0,0.0,0.0,0.0,0.0
RET_195,Exp 4: BM25 + Dense + RRF,Explain the duty of the Union to promote the spread of the Hindi language under Article 351,ARTICLE_LOOKUP,parent_const_art_351,parent_const_art_029; parent_const_art_051a; parent_const_art_355; parent_const_art_047; parent_const_art_053,Not Found (>10),0.0,0.0,0.0,0.0,0.0,0.0,0.0,0.0,0.0
RET_196,Exp 4: BM25 + Dense + RRF,What are the residuary legislative powers of Parliament under Article 248?,CONSTITUTIONAL_PROCEDURE,parent_const_art_248,parent_const_art_248; parent_const_art_105; parent_const_art_245; parent_const_art_246,1,1.0,1.0,1.0,1.0,1.0,1.0,1.0,1.0,1.0
RET_197,Exp 4: BM25 + Dense + RRF,How can Parliament legislate on State List matters in national interest under Article 249 with Rajya Sabha resolution?,CONSTITUTIONAL_PROCEDURE,parent_const_art_249,parent_const_art_248; parent_const_art_246; parent_const_art_370; parent_const_art_080; parent_case_sc_kesavananda_1973,Not Found (>10),0.0,0.0,0.0,0.0,0.0,0.0,0.0,0.0,0.0
RET_198,Exp 4: BM25 + Dense + RRF,Explain the power of Parliament to legislate for two or more States by consent under Article 252,CONSTITUTIONAL_PROCEDURE,parent_const_art_252,parent_const_art_246; parent_const_art_245; parent_const_art_003; parent_const_art_248; parent_const_art_254,Not Found (>10),0.0,0.0,0.0,0.0,0.0,0.0,0.0,0.0,0.0
RET_199,Exp 4: BM25 + Dense + RRF,What power does Parliament have to make laws implementing international treaties and conventions under Article 253?,CONSTITUTIONAL_PROCEDURE,parent_const_art_253,parent_const_art_246; parent_const_art_248; parent_const_art_245; parent_const_art_035; parent_const_art_011,Not Found (>10),0.0,0.0,0.0,0.0,0.0,0.0,0.0,0.0,0.0
RET_200,Exp 4: BM25 + Dense + RRF,Explain the constitutional guarantee and jurisdiction regarding suits against the Government under Article 300,ARTICLE_LOOKUP,parent_const_art_300,parent_const_art_131; parent_const_art_132; parent_const_art_226; parent_amend_044; parent_const_art_012,Not Found (>10),0.0,0.0,0.0,0.0,0.0,0.0,0.0,0.0,0.0
RET_001,Exp 5: RRF + Entity Boost,What constitutional remedies are available under Article 32 for fundamental rights violations?,RIGHTS_QUERY,parent_const_art_32; parent_const_art_032,parent_const_art_32; parent_const_art_032; parent_const_art_013; parent_case_sc_sajjan_singh_1965,1,1.0,1.0,1.0,1.0,1.0,1.0,1.0,1.0,1.0
RET_002,Exp 5: RRF + Entity Boost,What does Article 21 guarantee regarding protection of life and personal liberty?,ARTICLE_LOOKUP,parent_const_art_21; parent_const_art_021,parent_const_art_021; parent_const_art_21; parent_const_art_021a; parent_const_art_020; parent_const_art_359,1,1.0,1.0,1.0,1.0,1.0,1.0,1.0,0.7967,0.7967
RET_003,Exp 5: RRF + Entity Boost,Explain equality before law and equal protection of the laws under Article 14,ARTICLE_LOOKUP,parent_const_art_014; parent_const_art_14,parent_const_art_014; parent_const_art_14; parent_case_sc_royappa_1974; parent_const_art_013; parent_const_art_039a,1,1.0,1.0,1.0,1.0,1.0,1.0,1.0,0.7967,0.7967
RET_004,Exp 5: RRF + Entity Boost,What six fundamental freedoms are guaranteed to citizens under Article 19?,RIGHTS_QUERY,parent_const_art_019; parent_const_art_19,parent_const_art_358; parent_const_art_019; parent_const_art_19,2,0.0,1.0,1.0,1.0,1.0,1.0,0.5,0.5869,0.5869
RET_005,Exp 5: RRF + Entity Boost,What are the core ideals and objectives set out in the Preamble of the Constitution?,ARTICLE_LOOKUP,parent_const_preamble,parent_const_preamble; parent_const_art_051a; parent_amend_042; parent_const_art_039,1,1.0,1.0,1.0,1.0,1.0,1.0,1.0,1.0,1.0
RET_006,Exp 5: RRF + Entity Boost,How is the term State defined under Article 12 for the purpose of Part III?,ARTICLE_LOOKUP,parent_const_art_012; parent_const_art_12,parent_const_art_012; parent_const_art_001; parent_const_art_12; parent_const_art_036; parent_const_art_003,1,1.0,1.0,1.0,1.0,1.0,1.0,1.0,0.6885,0.6885
RET_007,Exp 5: RRF + Entity Boost,What does Article 21A provide regarding the fundamental right to free and compulsory education?,RIGHTS_QUERY,parent_const_art_21A; parent_const_art_021a,parent_const_art_021a; parent_const_art_21A; parent_const_art_21; parent_const_art_021; parent_amend_086,1,1.0,1.0,1.0,1.0,1.0,1.0,1.0,0.7967,0.7967
RET_008,Exp 5: RRF + Entity Boost,Explain the power of Parliament to amend the Constitution and procedure under Article 368,AMENDMENT_QUERY,parent_const_art_368,parent_const_art_368; parent_amend_024; parent_case_sc_kesavananda_1973,1,1.0,1.0,1.0,1.0,1.0,1.0,1.0,1.0,1.0
RET_009,Exp 5: RRF + Entity Boost,What was the historical scope and special status granted under Article 370?,ARTICLE_LOOKUP,parent_const_art_370,parent_case_sc_article_370_2023; parent_const_art_370,2,0.0,1.0,1.0,1.0,1.0,1.0,0.5,0.6309,0.6309
RET_010,Exp 5: RRF + Entity Boost,Explain the landmark ruling in Kesavananda Bharati regarding the basic structure doctrine,CASE_LAW_QUERY,parent_case_kesavananda; parent_const_art_368; parent_case_sc_kesavananda_1973,parent_case_sc_kesavananda_1973; parent_case_kesavananda; parent_case_sc_waman_rao_1981; parent_const_art_013; parent_const_art_368,1,1.0,1.0,1.0,1.0,1.0,1.0,1.0,0.7939,0.7939
RET_011,Exp 5: RRF + Entity Boost,What did the Supreme Court hold in Justice KS Puttaswamy regarding right to privacy under Article 21?,CASE_LAW_QUERY,parent_const_art_21; parent_case_puttaswamy; parent_case_sc_puttaswamy_privacy_2017; parent_const_art_021,parent_case_sc_puttaswamy_privacy_2017; parent_case_puttaswamy; parent_const_art_21; parent_const_art_021; parent_case_sc_puttaswamy_aadhaar_2018,1,1.0,1.0,1.0,1.0,1.0,1.0,1.0,0.8382,0.8382
RET_012,Exp 5: RRF + Entity Boost,What were the facts and ratio decidendi of Maneka Gandhi v Union of India on personal liberty?,CASE_LAW_QUERY,parent_const_art_019; parent_case_sc_maneka_gandhi_1978; parent_const_art_021; parent_const_art_19; parent_case_maneka; parent_const_art_014; parent_const_art_21; parent_const_art_14,parent_case_sc_maneka_gandhi_1978; parent_case_sc_puttaswamy_privacy_2017; parent_case_sc_nagaraj_2006; parent_case_sc_chandra_kumar_1997; parent_case_sc_adr_2002,1,1.0,1.0,1.0,1.0,0.125,0.125,1.0,0.2021,0.168
RET_013,Exp 5: RRF + Entity Boost,How did Minerva Mills v Union of India reinforce Kesavananda Bharati and strike down unamendable clauses?,CASE_LAW_QUERY,parent_case_minerva; parent_const_art_368; parent_case_sc_kesavananda_1973; parent_case_kesavananda; parent_case_sc_minerva_mills_1980,parent_case_sc_minerva_mills_1980; parent_case_sc_kesavananda_1973; parent_case_sc_waman_rao_1981; parent_case_sc_sarbananda_sonowal_2005; parent_case_minerva,1,1.0,1.0,1.0,1.0,0.6,0.6,1.0,0.5641,0.5641
RET_014,Exp 5: RRF + Entity Boost,What guidelines were established in SR Bommai regarding President Rule and secularism?,CASE_LAW_QUERY,parent_case_bommai; parent_case_sc_sr_bommai_1994,parent_const_art_356; parent_case_sc_sr_bommai_1994; parent_const_art_025; parent_case_bommai,2,0.0,1.0,1.0,1.0,1.0,1.0,0.5,0.5296,0.5296
RET_015,Exp 5: RRF + Entity Boost,Can Parliament amend fundamental rights to destroy the basic structure of the Constitution?,AMENDMENT_QUERY,parent_case_kesavananda; parent_const_art_368; parent_case_sc_kesavananda_1973,parent_const_art_368; parent_amend_024; parent_case_sc_golak_nath_1967; parent_case_sc_minerva_mills_1980; parent_const_art_031c,1,1.0,1.0,1.0,1.0,0.3333,0.6667,1.0,0.2421,0.4712
RET_016,Exp 5: RRF + Entity Boost,Is privacy recognized as an intrinsic part of the right to life and liberty in India?,RIGHTS_QUERY,parent_case_puttaswamy; parent_const_art_21; parent_case_sc_puttaswamy_privacy_2017; parent_const_art_021,parent_case_sc_puttaswamy_privacy_2017; parent_case_sc_kharak_singh_1963; parent_case_sc_r_rajagopal_1994; parent_case_sc_pucl_food_2001; parent_case_sc_pucl_phone_tapping_1997,1,1.0,1.0,1.0,1.0,0.25,0.25,1.0,0.2192,0.2192
RET_017,Exp 5: RRF + Entity Boost,"Explain the interconnected golden triangle of fundamental rights under Articles 14, 19 and 21",LEGAL_EXPLANATION,parent_const_art_019; parent_case_sc_maneka_gandhi_1978; parent_const_art_021; parent_const_art_19; parent_case_maneka; parent_const_art_014; parent_const_art_21; parent_const_art_14,parent_const_art_021; parent_const_art_013; parent_case_sc_maneka_gandhi_1978; parent_case_maneka; parent_case_sc_kharak_singh_1963,1,1.0,1.0,1.0,1.0,0.375,0.375,1.0,0.3902,0.3243
RET_018,Exp 5: RRF + Entity Boost,How is secularism protected under the Constitution as affirmed in SR Bommai and Preamble?,LEGAL_EXPLANATION,parent_const_preamble; parent_case_bommai; parent_case_sc_sr_bommai_1994,parent_const_preamble; parent_case_sc_sr_bommai_1994; parent_const_art_356; parent_const_art_025; parent_case_bommai,1,1.0,1.0,1.0,1.0,1.0,1.0,1.0,0.9726,0.9726
RET_019,Exp 5: RRF + Entity Boost,"Writ jurisdiction of the Supreme Court to issue directions, orders or writs under Article 32",RIGHTS_QUERY,parent_const_art_32; parent_const_art_032,parent_const_art_032; parent_const_art_32; parent_const_art_226; parent_const_art_144; parent_const_art_142,1,1.0,1.0,1.0,1.0,1.0,1.0,1.0,0.7967,0.7967
RET_020,Exp 5: RRF + Entity Boost,What is the procedure established by law versus substantive due process post Maneka Gandhi?,CASE_COMPARISON,parent_const_art_21; parent_case_sc_maneka_gandhi_1978; parent_const_art_021; parent_case_maneka,parent_case_sc_maneka_gandhi_1978; parent_case_sc_ak_gopalan_1950; parent_const_art_021; parent_const_art_21,1,1.0,1.0,1.0,1.0,0.75,0.75,1.0,0.4232,0.4232
RET_021,Exp 5: RRF + Entity Boost,What does Article 13 provide regarding laws inconsistent with or in derogation of fundamental rights?,RIGHTS_QUERY,parent_const_art_013; parent_const_art_13,parent_const_art_013; parent_const_art_131; parent_const_art_035; parent_case_sc_golak_nath_1967,1,1.0,1.0,1.0,1.0,0.5,0.5,1.0,0.8262,0.8262
RET_022,Exp 5: RRF + Entity Boost,"What protections against discrimination on grounds of religion, race, caste, sex or place of birth are provided in Article 15?",RIGHTS_QUERY,parent_const_art_15; parent_const_art_015,parent_const_art_015; parent_const_art_016; parent_const_art_023,1,1.0,1.0,1.0,1.0,0.5,0.5,1.0,0.8262,0.8262
RET_023,Exp 5: RRF + Entity Boost,Explain equality of opportunity in matters of public employment and reservation under Article 16,RIGHTS_QUERY,parent_const_art_16; parent_const_art_016,parent_const_art_016; parent_amend_103; parent_const_art_371d,1,1.0,1.0,1.0,1.0,0.5,0.5,1.0,0.8262,0.8262
RET_024,Exp 5: RRF + Entity Boost,What does Article 17 state regarding the abolition of untouchability and its enforcement?,RIGHTS_QUERY,parent_const_art_17; parent_const_art_017,parent_const_art_017; parent_const_art_015; parent_const_art_035; parent_const_art_019; parent_const_art_359,1,1.0,1.0,1.0,1.0,0.5,0.5,1.0,0.8262,0.8262
RET_025,Exp 5: RRF + Entity Boost,Explain the abolition of titles and prohibitions on accepting foreign titles under Article 18,ARTICLE_LOOKUP,parent_const_art_018; parent_const_art_18,parent_const_art_018; parent_const_art_001; parent_const_art_002; parent_const_art_358; parent_case_sc_berubari_1960,1,1.0,1.0,1.0,1.0,0.5,0.5,1.0,0.8262,0.8262
RET_026,Exp 5: RRF + Entity Boost,What protections in respect of conviction for offences including ex-post facto laws and double jeopardy are in Article 20?,RIGHTS_QUERY,parent_const_art_20; parent_const_art_020,parent_const_art_020; parent_const_art_035; parent_const_art_022; parent_const_art_245; parent_const_art_246,1,1.0,1.0,1.0,1.0,0.5,0.5,1.0,0.8262,0.8262
RET_027,Exp 5: RRF + Entity Boost,What safeguards against arrest and preventive detention are guaranteed under Article 22?,RIGHTS_QUERY,parent_const_art_022; parent_const_art_22,parent_const_art_022; parent_case_sc_ak_gopalan_1950; parent_case_sc_dk_basu_1997; parent_const_art_358,1,1.0,1.0,1.0,1.0,0.5,0.5,1.0,0.8262,0.8262
RET_028,Exp 5: RRF + Entity Boost,Explain the prohibition of traffic in human beings and forced labour under Article 23,RIGHTS_QUERY,parent_const_art_23; parent_const_art_023,parent_const_art_023; parent_const_art_024; parent_const_art_015,1,1.0,1.0,1.0,1.0,0.5,0.5,1.0,0.8262,0.8262
RET_029,Exp 5: RRF + Entity Boost,What does Article 24 prescribe regarding prohibition of employment of children in factories and hazardous work?,RIGHTS_QUERY,parent_const_art_024; parent_const_art_24,parent_const_art_024; parent_const_art_015; parent_const_art_023,1,1.0,1.0,1.0,1.0,0.5,0.5,1.0,0.8262,0.8262
RET_030,Exp 5: RRF + Entity Boost,"Explain freedom of conscience and free profession, practice and propagation of religion under Article 25",RIGHTS_QUERY,parent_const_art_025; parent_const_art_25,parent_const_art_025; parent_const_art_019; parent_const_art_027; parent_const_art_015; parent_case_sc_romesh_thappar_1950,1,1.0,1.0,1.0,1.0,0.5,0.5,1.0,0.8262,0.8262
RET_031,Exp 5: RRF + Entity Boost,What rights are guaranteed to religious denominations to manage religious affairs under Article 26?,RIGHTS_QUERY,parent_const_art_026; parent_const_art_26,parent_const_art_026; parent_case_sc_shirur_mutt_1954; parent_const_art_025; parent_const_art_028; parent_const_art_027,1,1.0,1.0,1.0,1.0,0.5,0.5,1.0,0.8262,0.8262
RET_032,Exp 5: RRF + Entity Boost,Explain freedom as to payment of taxes for promotion of any particular religion under Article 27,RIGHTS_QUERY,parent_const_art_27; parent_const_art_027,parent_const_art_027; parent_const_art_025; parent_const_art_265; parent_const_art_015; parent_const_art_028,1,1.0,1.0,1.0,1.0,0.5,0.5,1.0,0.8262,0.8262
RET_033,Exp 5: RRF + Entity Boost,What provisions govern attendance at religious instruction or religious worship in educational institutions under Article 28?,ARTICLE_LOOKUP,parent_const_art_28; parent_const_art_028,parent_const_art_028; parent_const_art_030; parent_const_art_015; parent_const_art_026; parent_const_art_025,1,1.0,1.0,1.0,1.0,0.5,0.5,1.0,0.8262,0.8262
RET_034,Exp 5: RRF + Entity Boost,"How does Article 29 protect the interests of minorities having distinct language, script or culture?",RIGHTS_QUERY,parent_const_art_29; parent_const_art_029,parent_const_art_029; parent_const_art_030; parent_const_art_019; parent_const_art_015; parent_const_art_051a,1,1.0,1.0,1.0,1.0,0.5,0.5,1.0,0.8262,0.8262
RET_035,Exp 5: RRF + Entity Boost,What rights are conferred on religious and linguistic minorities to establish and administer educational institutions under Article 30?,RIGHTS_QUERY,parent_const_art_30; parent_const_art_030,parent_const_art_030; parent_const_art_028; parent_const_art_015; parent_case_sc_tma_pai_2002; parent_const_art_029,1,1.0,1.0,1.0,1.0,0.5,0.5,1.0,0.8262,0.8262
RET_036,Exp 5: RRF + Entity Boost,What power does Parliament have to modify fundamental rights in their application to armed forces under Article 33?,CONSTITUTIONAL_PROCEDURE,parent_const_art_33; parent_const_art_033,parent_const_art_033; parent_amend_024; parent_case_sc_minerva_mills_1980; parent_const_art_013; parent_case_kesavananda,1,1.0,1.0,1.0,1.0,0.5,0.5,1.0,0.8262,0.8262
RET_037,Exp 5: RRF + Entity Boost,Explain restrictions on fundamental rights while martial law is in force in any area under Article 34,CONSTITUTIONAL_PROCEDURE,parent_const_art_34; parent_const_art_034,parent_const_art_034; parent_const_art_003; parent_const_art_013; parent_case_sc_golak_nath_1967; parent_const_art_026,1,1.0,1.0,1.0,1.0,0.5,0.5,1.0,0.8262,0.8262
RET_038,Exp 5: RRF + Entity Boost,What legislation is required to give effect to the provisions of Part III under Article 35?,CONSTITUTIONAL_PROCEDURE,parent_const_art_035; parent_const_art_35,parent_const_art_035; parent_const_art_359; parent_const_art_355; parent_const_art_356; parent_const_art_352,1,1.0,1.0,1.0,1.0,0.5,0.5,1.0,0.8262,0.8262
RET_039,Exp 5: RRF + Entity Boost,How is the definition of State applied to Part IV Directive Principles under Article 36?,DEFINITION_QUERY,parent_const_art_36; parent_const_art_036,parent_const_art_036; parent_const_art_368; parent_const_art_003; parent_const_art_360; parent_const_art_031c,1,1.0,1.0,1.0,1.0,0.5,0.5,1.0,0.8262,0.8262
RET_040,Exp 5: RRF + Entity Boost,Explain the application and non-justiciability of the principles contained in Part IV under Article 37,LEGAL_EXPLANATION,parent_const_art_037; parent_const_art_37,parent_const_art_037; parent_const_art_371; parent_const_art_371d; parent_const_art_371a; parent_const_art_003,1,1.0,1.0,1.0,1.0,0.5,0.5,1.0,0.8262,0.8262
RET_041,Exp 5: RRF + Entity Boost,What does Article 38 mandate regarding the State securing a social order for the promotion of welfare of the people?,LEGAL_EXPLANATION,parent_const_art_38; parent_const_art_038,parent_const_art_038; parent_const_art_039; parent_const_art_046; parent_const_art_047; parent_const_art_042,1,1.0,1.0,1.0,1.0,0.5,0.5,1.0,0.8262,0.8262
RET_042,Exp 5: RRF + Entity Boost,What specific principles of policy such as distribution of material resources and equal pay are laid down in Article 39?,LEGAL_EXPLANATION,parent_const_art_039; parent_const_art_39,parent_const_art_039; parent_const_art_039a; parent_const_art_037; parent_const_art_031c; parent_const_art_043,1,1.0,1.0,1.0,1.0,0.5,0.5,1.0,0.8262,0.8262
RET_043,Exp 5: RRF + Entity Boost,Explain the mandate for equal justice and free legal aid under Article 39A,RIGHTS_QUERY,parent_const_art_39a; parent_const_art_039a,parent_const_art_039a; parent_const_art_039; parent_case_sc_hussainara_khatoon_1979; parent_const_art_21; parent_const_art_014,1,1.0,1.0,1.0,1.0,0.5,0.5,1.0,0.8262,0.8262
RET_044,Exp 5: RRF + Entity Boost,What does Article 40 direct the State to do regarding the organisation of village panchayats?,CONSTITUTIONAL_PROCEDURE,parent_const_art_040; parent_const_art_40,parent_const_art_040; parent_const_art_039; parent_amend_073; parent_case_sc_kesavananda_1973; parent_case_sc_francis_coralie_1981,1,1.0,1.0,1.0,1.0,0.5,0.5,1.0,0.8262,0.8262
RET_045,Exp 5: RRF + Entity Boost,"Explain the right to work, to education and to public assistance in cases of unemployment or old age under Article 41",LEGAL_EXPLANATION,parent_const_art_41; parent_const_art_041,parent_const_art_041; parent_const_art_004; parent_const_art_021a; parent_const_art_043; parent_const_art_039,1,1.0,1.0,1.0,1.0,0.5,0.5,1.0,0.8262,0.8262
RET_046,Exp 5: RRF + Entity Boost,What provision does Article 42 make for just and humane conditions of work and maternity relief?,LEGAL_EXPLANATION,parent_const_art_042; parent_const_art_42,parent_const_art_042; parent_const_art_041; parent_const_art_043; parent_const_art_039; parent_case_sc_francis_coralie_1981,1,1.0,1.0,1.0,1.0,0.5,0.5,1.0,0.8262,0.8262
RET_047,Exp 5: RRF + Entity Boost,Explain the concept of living wage and decent standard of life for workers under Article 43,LEGAL_EXPLANATION,parent_const_art_43; parent_const_art_043,parent_const_art_043; parent_const_art_043a; parent_const_art_004; parent_const_art_047; parent_const_art_023,1,1.0,1.0,1.0,1.0,0.5,0.5,1.0,0.8262,0.8262
RET_048,Exp 5: RRF + Entity Boost,What does Article 43A provide regarding participation of workers in management of industries?,LEGAL_EXPLANATION,parent_const_art_43a; parent_const_art_043a,parent_const_art_043a; parent_const_art_043; parent_const_art_004; parent_const_art_042,1,1.0,1.0,1.0,1.0,0.5,0.5,1.0,0.8262,0.8262
RET_049,Exp 5: RRF + Entity Boost,Explain the promotion of cooperative societies under Article 43B,LEGAL_EXPLANATION,parent_const_art_43b; parent_const_art_043b,parent_const_art_043; parent_const_art_038; parent_const_art_046; parent_const_art_051; parent_const_art_080,Not Found (>10),0.0,0.0,0.0,0.0,0.0,0.0,0.0,0.0,0.0
RET_050,Exp 5: RRF + Entity Boost,What directive does Article 44 provide regarding securing a Uniform Civil Code for citizens?,LEGAL_EXPLANATION,parent_const_art_044; parent_const_art_44,parent_const_art_044; parent_const_art_004; parent_const_art_031c; parent_const_art_039; parent_case_sc_shah_bano_1985,1,1.0,1.0,1.0,1.0,0.5,0.5,1.0,0.8262,0.8262
RET_051,Exp 5: RRF + Entity Boost,What does Article 45 direct regarding early childhood care and education to children below age six?,LEGAL_EXPLANATION,parent_const_art_45; parent_const_art_045,parent_const_art_045; parent_amend_086; parent_const_art_051a; parent_const_art_021a; parent_const_art_039,1,1.0,1.0,1.0,1.0,0.5,0.5,1.0,0.8262,0.8262
RET_052,Exp 5: RRF + Entity Boost,How does Article 46 mandate promotion of educational and economic interests of Scheduled Castes and Scheduled Tribes?,LEGAL_EXPLANATION,parent_const_art_046; parent_const_art_46,parent_const_art_046; parent_const_art_016; parent_const_art_015; parent_amend_104; parent_const_art_029,1,1.0,1.0,1.0,1.0,0.5,0.5,1.0,0.8262,0.8262
RET_053,Exp 5: RRF + Entity Boost,"Explain the duty of the State to raise the level of nutrition, standard of living and improve public health under Article 47",LEGAL_EXPLANATION,parent_const_art_47; parent_const_art_047,parent_const_art_047; parent_const_art_004; parent_const_art_043; parent_const_art_039; parent_const_art_041,1,1.0,1.0,1.0,1.0,0.5,0.5,1.0,0.8262,0.8262
RET_054,Exp 5: RRF + Entity Boost,What does Article 48 direct regarding organisation of agriculture and animal husbandry and slaughter prohibition?,LEGAL_EXPLANATION,parent_const_art_048; parent_const_art_48,parent_const_art_048; parent_const_art_048a; parent_const_art_004; parent_const_art_047; parent_const_art_024,1,1.0,1.0,1.0,1.0,0.5,0.5,1.0,0.8262,0.8262
RET_055,Exp 5: RRF + Entity Boost,Explain the mandate under Article 48A for protection and improvement of environment and safeguarding of forests and wildlife,LEGAL_EXPLANATION,parent_const_art_48a; parent_const_art_048a,parent_const_art_048a; parent_const_art_048; parent_const_art_004; parent_const_art_051a; parent_const_art_047,1,1.0,1.0,1.0,1.0,0.5,0.5,1.0,0.8262,0.8262
RET_056,Exp 5: RRF + Entity Boost,What obligation does Article 49 place on the State to protect monuments and places of national importance?,ARTICLE_LOOKUP,parent_const_art_049; parent_const_art_49,parent_const_art_049; parent_const_art_048a; parent_const_art_051a; parent_const_art_047; parent_const_art_038,1,1.0,1.0,1.0,1.0,0.5,0.5,1.0,0.8262,0.8262
RET_057,Exp 5: RRF + Entity Boost,Explain the constitutional principle of separation of judiciary from executive in the public services under Article 50,LEGAL_EXPLANATION,parent_const_art_050; parent_const_art_50,parent_const_art_050; parent_const_art_154; parent_const_art_077; parent_const_art_356; parent_const_art_016,1,1.0,1.0,1.0,1.0,0.5,0.5,1.0,0.8262,0.8262
RET_058,Exp 5: RRF + Entity Boost,What objectives does Article 51 set out for promotion of international peace and security and treaty obligations?,LEGAL_EXPLANATION,parent_const_art_51; parent_const_art_051,parent_const_art_051; parent_const_art_051a,1,1.0,1.0,1.0,1.0,0.5,0.5,1.0,0.8262,0.8262
RET_059,Exp 5: RRF + Entity Boost,List the fundamental duties of citizens enumerated under Article 51A of Part IVA,ARTICLE_LOOKUP,parent_const_art_51a; parent_const_art_051a,parent_const_art_051a,1,1.0,1.0,1.0,1.0,0.5,0.5,1.0,0.8262,0.8262
RET_060,Exp 5: RRF + Entity Boost,How did the 42nd Amendment introduce Fundamental Duties under Part IVA?,AMENDMENT_QUERY,parent_amend_042; parent_const_art_51a; parent_const_art_051a,parent_const_art_051a; parent_const_art_074; parent_case_sc_minerva_mills_1980; parent_case_minerva; parent_amend_042,1,1.0,1.0,1.0,1.0,0.6667,0.6667,1.0,0.8199,0.8199
RET_061,Exp 5: RRF + Entity Boost,What does Article 52 declare regarding the President of India?,ARTICLE_LOOKUP,parent_const_art_52; parent_const_art_052,parent_const_art_052; parent_const_art_077; parent_const_art_063; parent_const_art_076; parent_const_art_201,1,1.0,1.0,1.0,1.0,0.5,0.5,1.0,0.8262,0.8262
RET_062,Exp 5: RRF + Entity Boost,In whom is the executive power of the Union vested under Article 53?,CONSTITUTIONAL_PROCEDURE,parent_const_art_053; parent_const_art_53,parent_const_art_053; parent_const_art_154; parent_const_art_073,1,1.0,1.0,1.0,1.0,0.5,0.5,1.0,0.8262,0.8262
RET_063,Exp 5: RRF + Entity Boost,Explain the pardoning powers of the President under Article 72 including suspension or remission of sentence,CONSTITUTIONAL_PROCEDURE,parent_const_art_072; parent_const_art_72,parent_const_art_072; parent_const_art_359; parent_const_art_356; parent_const_art_071; parent_const_art_129,1,1.0,1.0,1.0,1.0,0.5,0.5,1.0,0.8262,0.8262
RET_064,Exp 5: RRF + Entity Boost,What role does the Council of Ministers play in aiding and advising the President under Article 74?,CONSTITUTIONAL_PROCEDURE,parent_const_art_074; parent_const_art_74,parent_const_art_074; parent_const_art_075; parent_const_art_163,1,1.0,1.0,1.0,1.0,0.5,0.5,1.0,0.8262,0.8262
RET_065,Exp 5: RRF + Entity Boost,Explain the appointment and tenure of the Prime Minister and Ministers under Article 75,CONSTITUTIONAL_PROCEDURE,parent_const_art_075; parent_const_art_75,parent_const_art_075; parent_const_art_078; parent_const_art_074,1,1.0,1.0,1.0,1.0,0.5,0.5,1.0,0.8262,0.8262
RET_066,Exp 5: RRF + Entity Boost,What are the duties and qualifications of the Attorney-General for India under Article 76?,ARTICLE_LOOKUP,parent_const_art_076; parent_const_art_76,parent_const_art_076; parent_const_art_165; parent_const_art_051a; parent_const_art_058,1,1.0,1.0,1.0,1.0,0.5,0.5,1.0,0.8262,0.8262
RET_067,Exp 5: RRF + Entity Boost,How is the Supreme Court of India established and judges appointed under Article 124?,CONSTITUTIONAL_PROCEDURE,parent_const_art_124,parent_const_art_124; parent_case_sc_second_judges_1993; parent_const_art_145; parent_case_sc_third_judges_1998; parent_const_art_076,1,1.0,1.0,1.0,1.0,1.0,1.0,1.0,1.0,1.0
RET_068,Exp 5: RRF + Entity Boost,Explain the status of the Supreme Court as a Court of Record and power to punish for contempt under Article 129,ARTICLE_LOOKUP,parent_const_art_129,parent_const_art_129; parent_const_art_215; parent_const_art_137; parent_const_art_124; parent_const_art_143,1,1.0,1.0,1.0,1.0,1.0,1.0,1.0,1.0,1.0
RET_069,Exp 5: RRF + Entity Boost,What is the original jurisdiction of the Supreme Court in federal disputes under Article 131?,CONSTITUTIONAL_PROCEDURE,parent_const_art_131,parent_const_art_131; parent_const_art_132; parent_const_art_134; parent_const_art_124; parent_const_art_133,1,1.0,1.0,1.0,1.0,1.0,1.0,1.0,1.0,1.0
RET_070,Exp 5: RRF + Entity Boost,Explain the appellate jurisdiction of the Supreme Court in constitutional cases under Article 132,CONSTITUTIONAL_PROCEDURE,parent_const_art_132,parent_const_art_132; parent_const_art_134; parent_const_art_133; parent_const_art_131,1,1.0,1.0,1.0,1.0,1.0,1.0,1.0,1.0,1.0
RET_071,Exp 5: RRF + Entity Boost,What is Special Leave to Appeal under Article 136 and when can the Supreme Court exercise it?,CONSTITUTIONAL_PROCEDURE,parent_const_art_136,parent_const_art_136; parent_const_art_134; parent_const_art_132; parent_const_art_137; parent_const_art_144,1,1.0,1.0,1.0,1.0,1.0,1.0,1.0,1.0,1.0
RET_072,Exp 5: RRF + Entity Boost,What is the power of the Supreme Court to review its own judgments or orders under Article 137?,CONSTITUTIONAL_PROCEDURE,parent_const_art_137,parent_const_art_137; parent_const_art_144; parent_const_art_129; parent_const_art_143; parent_const_art_141,1,1.0,1.0,1.0,1.0,1.0,1.0,1.0,1.0,1.0
RET_073,Exp 5: RRF + Entity Boost,Explain the binding nature of law declared by the Supreme Court on all courts in India under Article 141,LEGAL_EXPLANATION,parent_const_art_141,parent_const_art_141; parent_const_art_132; parent_const_art_144; parent_const_art_133; parent_const_art_143,1,1.0,1.0,1.0,1.0,1.0,1.0,1.0,1.0,1.0
RET_074,Exp 5: RRF + Entity Boost,What is the plenary power of the Supreme Court to do complete justice under Article 142?,RIGHTS_QUERY,parent_const_art_142,parent_const_art_142; parent_const_art_137; parent_const_art_129; parent_const_art_143; parent_const_art_144,1,1.0,1.0,1.0,1.0,1.0,1.0,1.0,1.0,1.0
RET_075,Exp 5: RRF + Entity Boost,Explain the advisory jurisdiction of the Supreme Court upon reference by the President under Article 143,CONSTITUTIONAL_PROCEDURE,parent_const_art_143,parent_const_art_143; parent_const_art_131; parent_const_art_134; parent_const_art_136; parent_const_art_132,1,1.0,1.0,1.0,1.0,1.0,1.0,1.0,1.0,1.0
RET_076,Exp 5: RRF + Entity Boost,What obligation does Article 144 impose on civil and judicial authorities to act in aid of the Supreme Court?,ARTICLE_LOOKUP,parent_const_art_144,parent_const_art_144; parent_const_art_143; parent_const_art_133; parent_const_art_129; parent_const_art_141,1,1.0,1.0,1.0,1.0,1.0,1.0,1.0,1.0,1.0
RET_077,Exp 5: RRF + Entity Boost,What does Article 214 provide regarding High Courts for each State?,ARTICLE_LOOKUP,parent_const_art_214,parent_const_art_214; parent_const_art_215; parent_const_art_227; parent_const_art_226,1,1.0,1.0,1.0,1.0,1.0,1.0,1.0,1.0,1.0
RET_078,Exp 5: RRF + Entity Boost,Explain the power of High Courts as Courts of Record with contempt powers under Article 215,ARTICLE_LOOKUP,parent_const_art_215,parent_const_art_215; parent_const_art_129; parent_const_art_227; parent_const_art_214; parent_const_art_226,1,1.0,1.0,1.0,1.0,1.0,1.0,1.0,1.0,1.0
RET_079,Exp 5: RRF + Entity Boost,What is the writ jurisdiction of High Courts under Article 226 for enforcement of fundamental rights and other purposes?,RIGHTS_QUERY,parent_const_art_226,parent_const_art_226; parent_const_art_359; parent_const_art_012; parent_case_sc_chandra_kumar_1997; parent_const_art_215,1,1.0,1.0,1.0,1.0,1.0,1.0,1.0,1.0,1.0
RET_080,Exp 5: RRF + Entity Boost,Explain the power of superintendence of High Courts over all subordinate courts and tribunals under Article 227,CONSTITUTIONAL_PROCEDURE,parent_const_art_227,parent_const_art_227; parent_case_sc_chandra_kumar_1997; parent_const_art_215,1,1.0,1.0,1.0,1.0,1.0,1.0,1.0,1.0,1.0
RET_081,Exp 5: RRF + Entity Boost,What are the legislative territorial powers of Parliament and State Legislatures under Article 245?,CONSTITUTIONAL_PROCEDURE,parent_const_art_245,parent_const_art_245; parent_const_art_246; parent_const_art_105,1,1.0,1.0,1.0,1.0,1.0,1.0,1.0,1.0,1.0
RET_082,Exp 5: RRF + Entity Boost,"Explain the distribution of legislative powers between Union, State and Concurrent Lists under Article 246",CONSTITUTIONAL_PROCEDURE,parent_const_art_246,parent_const_art_246; parent_const_art_248; parent_const_art_254; parent_const_art_245; parent_const_art_073,1,1.0,1.0,1.0,1.0,1.0,1.0,1.0,1.0,1.0
RET_083,Exp 5: RRF + Entity Boost,How does Article 254 resolve inconsistency and repugnancy between central laws and state laws?,LEGAL_EXPLANATION,parent_const_art_254,parent_const_art_254; parent_const_art_245; parent_const_art_246; parent_const_art_355,1,1.0,1.0,1.0,1.0,1.0,1.0,1.0,1.0,1.0
RET_084,Exp 5: RRF + Entity Boost,Explain the constitutional right to property and guarantee against deprivation save by authority of law under Article 300A,RIGHTS_QUERY,parent_const_art_300a,parent_const_art_300a; parent_const_art_030; parent_amend_044; parent_const_art_265; parent_const_art_019,1,1.0,1.0,1.0,1.0,1.0,1.0,1.0,1.0,1.0
RET_085,Exp 5: RRF + Entity Boost,What constitutional protections against arbitrary dismissal or reduction in rank are given to civil servants under Article 311?,RIGHTS_QUERY,parent_const_art_311,parent_const_art_309; parent_const_art_125; parent_case_sc_royappa_1974; parent_const_art_300a; parent_case_sc_shirur_mutt_1954,Not Found (>10),0.0,0.0,0.0,0.0,0.0,0.0,0.0,0.0,0.0
RET_086,Exp 5: RRF + Entity Boost,Explain the establishment and powers of administrative tribunals under Article 323A,CONSTITUTIONAL_PROCEDURE,parent_const_art_323a,parent_case_sc_chandra_kumar_1997; parent_const_art_227; parent_const_art_355; parent_amend_074; parent_const_art_142,Not Found (>10),0.0,0.0,0.0,0.0,0.0,0.0,0.0,0.0,0.0
RET_087,Exp 5: RRF + Entity Boost,"What are the superintendence, direction and control powers of the Election Commission of India under Article 324?",CONSTITUTIONAL_PROCEDURE,parent_const_art_324,parent_const_art_324; parent_case_sc_mohinder_gill_1978; parent_case_sc_pucl_nota_2013; parent_const_art_054; parent_const_art_055,1,1.0,1.0,1.0,1.0,1.0,1.0,1.0,1.0,1.0
RET_088,Exp 5: RRF + Entity Boost,Explain adult suffrage as the basis of elections to the House of the People and Legislative Assemblies under Article 326,RIGHTS_QUERY,parent_const_art_326,parent_const_art_326; parent_const_art_003; parent_const_art_081; parent_amend_061; parent_const_art_368,1,1.0,1.0,1.0,1.0,1.0,1.0,1.0,1.0,1.0
RET_089,Exp 5: RRF + Entity Boost,What conditions justify the proclamation of National Emergency by the President under Article 352?,CONSTITUTIONAL_PROCEDURE,parent_const_art_352,parent_const_art_352; parent_amend_044; parent_const_art_360; parent_const_art_359; parent_const_art_123,1,1.0,1.0,1.0,1.0,1.0,1.0,1.0,1.0,1.0
RET_090,Exp 5: RRF + Entity Boost,Explain the effect of proclamation of emergency on Union and State relations under Article 353,CONSTITUTIONAL_PROCEDURE,parent_const_art_353,parent_const_art_035; parent_const_art_003; parent_const_art_352; parent_const_art_358; parent_const_art_355,Not Found (>10),0.0,0.0,0.0,0.0,0.0,0.0,0.0,0.0,0.0
RET_091,Exp 5: RRF + Entity Boost,What is the duty of the Union to protect States against external aggression and internal disturbance under Article 355?,CONSTITUTIONAL_PROCEDURE,parent_const_art_355,parent_const_art_355; parent_const_art_003; parent_const_art_035; parent_case_sc_sarbananda_sonowal_2005; parent_const_art_352,1,1.0,1.0,1.0,1.0,1.0,1.0,1.0,1.0,1.0
RET_092,Exp 5: RRF + Entity Boost,Explain the imposition of President Rule in case of failure of constitutional machinery in States under Article 356,CONSTITUTIONAL_PROCEDURE,parent_const_art_356,parent_const_art_356; parent_const_art_003; parent_case_sc_article_370_2023; parent_const_art_201; parent_const_art_054,1,1.0,1.0,1.0,1.0,1.0,1.0,1.0,1.0,1.0
RET_093,Exp 5: RRF + Entity Boost,How does proclamation of emergency suspend the provisions of Article 19 under Article 358?,RIGHTS_QUERY,parent_const_art_019; parent_const_art_19; parent_const_art_358,parent_const_art_358; parent_const_art_035; parent_const_art_019; parent_const_art_352; parent_const_art_359,1,1.0,1.0,1.0,1.0,0.6667,0.6667,1.0,0.7039,0.7039
RET_094,Exp 5: RRF + Entity Boost,What is the power to suspend the enforcement of fundamental rights during emergencies under Article 359 and post-44th Amendment protections?,RIGHTS_QUERY,parent_const_art_359; parent_amend_044,parent_const_art_359; parent_amend_044; parent_const_art_352; parent_amend_024; parent_const_art_031c,1,1.0,1.0,1.0,1.0,1.0,1.0,1.0,1.0,1.0
RET_095,Exp 5: RRF + Entity Boost,Explain the provisions for proclamation of Financial Emergency under Article 360,CONSTITUTIONAL_PROCEDURE,parent_const_art_360,parent_const_art_360; parent_const_art_352; parent_const_art_358; parent_amend_044,1,1.0,1.0,1.0,1.0,1.0,1.0,1.0,1.0,1.0
RET_096,Exp 5: RRF + Entity Boost,What changes did the First Constitutional Amendment 1951 introduce regarding Article 19(2) and the Ninth Schedule?,AMENDMENT_QUERY,parent_amend_001,parent_const_art_019; parent_const_art_001; parent_amend_001; parent_case_sc_shankari_prasad_1951; parent_case_sc_waman_rao_1981,3,0.0,1.0,1.0,1.0,1.0,1.0,0.3333,0.5,0.5
RET_097,Exp 5: RRF + Entity Boost,"Explain the reorganization of States and abolition of Part A, B, C categories under the 7th Amendment 1956",AMENDMENT_QUERY,parent_amend_007,parent_amend_001; parent_const_art_003; parent_const_art_031b; parent_const_art_001; parent_amend_105,Not Found (>10),0.0,0.0,0.0,0.0,0.0,0.0,0.0,0.0,0.0
RET_098,Exp 5: RRF + Entity Boost,How did the 24th Amendment 1971 affirm Parliament power to amend fundamental rights under Article 368?,AMENDMENT_QUERY,parent_const_art_368; parent_amend_024,parent_const_art_368; parent_amend_024; parent_case_sc_sajjan_singh_1965,1,1.0,1.0,1.0,1.0,1.0,1.0,1.0,0.7967,0.7967
RET_099,Exp 5: RRF + Entity Boost,Explain the insertion of Article 31C and restrictions on judicial review by the 25th Amendment 1971,AMENDMENT_QUERY,parent_amend_025,parent_const_art_031c; parent_const_art_013; parent_case_sc_indira_gandhi_1975; parent_case_sc_sr_bommai_1994; parent_case_kesavananda,Not Found (>10),0.0,0.0,0.0,0.0,0.0,0.0,0.0,0.0,0.0
RET_100,Exp 5: RRF + Entity Boost,What were the sweeping changes introduced by the 42nd Amendment Act 1976 often called mini-constitution?,AMENDMENT_QUERY,parent_amend_042,parent_amend_042; parent_const_art_039; parent_amend_024; parent_amend_044; parent_const_art_043a,1,1.0,1.0,1.0,1.0,1.0,1.0,1.0,1.0,1.0
RET_101,Exp 5: RRF + Entity Boost,"How did the 44th Amendment Act 1978 restore civil liberties, safeguard Article 21, and remove the right to property from Part III?",AMENDMENT_QUERY,parent_const_art_300a; parent_amend_044,parent_const_art_021; parent_const_art_021a; parent_const_art_019; parent_amend_044; parent_const_art_020,4,0.0,0.0,1.0,1.0,0.5,1.0,0.25,0.3558,0.4476
RET_102,Exp 5: RRF + Entity Boost,Explain the anti-defection law and Tenth Schedule added by the 52nd Amendment Act 1985,AMENDMENT_QUERY,parent_amend_052,parent_amend_052; parent_amend_091; parent_case_sc_kihoto_hollohan_1992; parent_const_art_102; parent_amend_042,1,1.0,1.0,1.0,1.0,1.0,1.0,1.0,1.0,1.0
RET_103,Exp 5: RRF + Entity Boost,What was the reduction of voting age from 21 to 18 years under the 61st Amendment Act 1988?,AMENDMENT_QUERY,parent_const_art_326; parent_amend_061,parent_amend_061; parent_const_art_045; parent_const_art_326; parent_const_art_021a; parent_amend_104,1,1.0,1.0,1.0,1.0,1.0,1.0,1.0,0.9639,0.9639
RET_104,Exp 5: RRF + Entity Boost,Explain the constitutional status granted to Panchayati Raj institutions under the 73rd Amendment Act 1992,AMENDMENT_QUERY,parent_amend_073,parent_amend_073; parent_const_art_040; parent_amend_074; parent_case_sc_indira_gandhi_1975; parent_amend_102,1,1.0,1.0,1.0,1.0,1.0,1.0,1.0,1.0,1.0
RET_105,Exp 5: RRF + Entity Boost,What institutional framework was established for Urban Local Bodies under the 74th Amendment Act 1992?,AMENDMENT_QUERY,parent_amend_074,parent_amend_074; parent_amend_073; parent_const_art_039; parent_const_art_040; parent_amend_024,1,1.0,1.0,1.0,1.0,1.0,1.0,1.0,1.0,1.0
RET_106,Exp 5: RRF + Entity Boost,Explain how the 86th Amendment Act 2002 made education a fundamental right under Article 21A,AMENDMENT_QUERY,parent_const_art_21a; parent_const_art_021a; parent_amend_086,parent_const_art_021a; parent_const_art_21A; parent_amend_086; parent_const_art_045; parent_case_sc_unni_krishnan_1993,1,1.0,1.0,1.0,1.0,0.6667,0.6667,1.0,0.6052,0.6052
RET_107,Exp 5: RRF + Entity Boost,What ceiling on the size of the Council of Ministers to 15 percent was imposed by the 91st Amendment Act 2003?,AMENDMENT_QUERY,parent_const_art_075; parent_const_art_75; parent_amend_091,parent_amend_091; parent_const_art_075; parent_const_art_074; parent_case_sc_nct_delhi_2018; parent_amend_042,1,1.0,1.0,1.0,1.0,0.6667,0.6667,1.0,0.879,0.879
RET_108,Exp 5: RRF + Entity Boost,What did the 99th Constitutional Amendment create and why was the National Judicial Appointments Commission challenged?,AMENDMENT_QUERY,parent_const_art_124; parent_amend_099,parent_amend_099; parent_case_sc_third_judges_1998; parent_const_art_124; parent_case_sc_fourth_judges_njac_2015; parent_const_art_217,1,1.0,1.0,1.0,1.0,1.0,1.0,1.0,0.9639,0.9639
RET_109,Exp 5: RRF + Entity Boost,Explain the Goods and Services Tax constitutional framework created under the 101st Amendment Act 2016,AMENDMENT_QUERY,parent_amend_101,parent_amend_101; parent_amend_102; parent_amend_099; parent_amend_091; parent_amend_044,1,1.0,1.0,1.0,1.0,1.0,1.0,1.0,1.0,1.0
RET_110,Exp 5: RRF + Entity Boost,What constitutional status was conferred on the National Commission for Backward Classes by the 102nd Amendment Act 2018?,AMENDMENT_QUERY,parent_amend_102,parent_amend_102; parent_amend_105; parent_amend_074; parent_case_sc_indra_sawhney_1992; parent_const_art_038,1,1.0,1.0,1.0,1.0,1.0,1.0,1.0,1.0,1.0
RET_111,Exp 5: RRF + Entity Boost,Explain the 10 percent reservation for Economically Weaker Sections introduced by the 103rd Amendment Act 2019,AMENDMENT_QUERY,parent_const_art_15; parent_amend_103; parent_const_art_16; parent_const_art_015; parent_const_art_016,parent_case_sc_janhit_abhiyan_2022; parent_amend_103; parent_amend_104; parent_const_art_016; parent_const_art_015,2,0.0,1.0,1.0,1.0,0.6,0.6,0.5,0.5477,0.5477
RET_112,Exp 5: RRF + Entity Boost,What extensions for Scheduled Castes and Scheduled Tribes representation were made by the 104th Amendment Act 2020?,AMENDMENT_QUERY,parent_amend_104,parent_amend_104; parent_const_art_046; parent_const_art_016; parent_const_art_015; parent_amend_103,1,1.0,1.0,1.0,1.0,1.0,1.0,1.0,1.0,1.0
RET_113,Exp 5: RRF + Entity Boost,How did the 105th Amendment Act 2021 restore the power of State Governments to identify socially and educationally backward classes?,AMENDMENT_QUERY,parent_amend_105,parent_amend_105; parent_amend_102; parent_amend_086; parent_amend_024; parent_amend_061,1,1.0,1.0,1.0,1.0,1.0,1.0,1.0,1.0,1.0
RET_114,Exp 5: RRF + Entity Boost,What did the Supreme Court rule in Shankari Prasad Singh Deo v Union of India regarding constitutional amendment validity?,CASE_LAW_QUERY,parent_const_art_368; parent_case_shankari; parent_case_sc_shankari_prasad_1951,parent_case_sc_shankari_prasad_1951; parent_case_sc_sajjan_singh_1965; parent_case_sc_chandra_kumar_1997; parent_case_sc_samsher_singh_1974; parent_case_sc_sukhdev_singh_1975,1,1.0,1.0,1.0,1.0,0.3333,0.3333,1.0,0.7262,0.7262
RET_115,Exp 5: RRF + Entity Boost,Explain the decision in Sajjan Singh v State of Rajasthan on fundamental rights amendability,CASE_LAW_QUERY,parent_const_art_368; parent_case_sajjan; parent_case_sc_sajjan_singh_1965,parent_case_sc_sajjan_singh_1965; parent_case_sc_sukhdev_singh_1975; parent_case_sc_kharak_singh_1963; parent_case_sc_shankari_prasad_1951; parent_case_sc_kameshwar_singh_1952,1,1.0,1.0,1.0,1.0,0.3333,0.3333,1.0,0.7262,0.7262
RET_116,Exp 5: RRF + Entity Boost,What was held in IC Golak Nath v State of Punjab regarding Parliament inability to abridge Part III rights?,CASE_LAW_QUERY,parent_case_golak; parent_const_art_368; parent_const_art_013; parent_const_art_13; parent_case_sc_golak_nath_1967,parent_case_sc_golak_nath_1967; parent_case_sc_punjab_governor_2023; parent_case_sc_ram_jawaya_1955; parent_case_sc_samsher_singh_1974,1,1.0,1.0,1.0,1.0,0.2,0.2,1.0,0.6062,0.6062
RET_117,Exp 5: RRF + Entity Boost,Explain how Indira Nehru Gandhi v Raj Narain applied the basic structure doctrine to strike down the 39th Amendment,CASE_LAW_QUERY,parent_case_indira; parent_case_sc_indira_gandhi_1975,parent_case_sc_indira_gandhi_1975; parent_case_sc_kesavananda_1973; parent_case_sc_waman_rao_1981; parent_const_art_013; parent_amend_099,1,1.0,1.0,1.0,1.0,0.5,0.5,1.0,0.8262,0.8262
RET_118,Exp 5: RRF + Entity Boost,What was established in Waman Rao v Union of India regarding the cutoff date for Ninth Schedule immunity?,CASE_LAW_QUERY,parent_case_sc_waman_rao_1981; parent_case_waman,parent_case_sc_waman_rao_1981; parent_case_sc_shankari_prasad_1951; parent_case_sc_sita_soren_2024; parent_case_sc_sr_bommai_1994; parent_case_sc_chandra_kumar_1997,1,1.0,1.0,1.0,1.0,0.5,0.5,1.0,0.8262,0.8262
RET_119,Exp 5: RRF + Entity Boost,Explain the 9-judge bench decision in IR Coelho v State of Tamil Nadu on judicial review of Ninth Schedule laws,CASE_LAW_QUERY,parent_case_ir; parent_case_sc_ir_coelho_2007,parent_const_art_031b; parent_case_sc_ir_coelho_2007; parent_case_sc_kihoto_hollohan_1992; parent_case_sc_waman_rao_1981; parent_case_sc_chandra_kumar_1997,2,0.0,1.0,1.0,1.0,0.5,0.5,0.5,0.5213,0.5213
RET_120,Exp 5: RRF + Entity Boost,What narrow interpretation of Article 21 and procedure established by law was adopted in AK Gopalan v State of Madras?,CASE_LAW_QUERY,parent_const_art_21; parent_case_sc_ak_gopalan_1950; parent_case_ak; parent_const_art_021,parent_case_sc_ak_gopalan_1950; parent_const_art_021; parent_const_art_21; parent_case_sc_champakam_1951; parent_const_art_021a,1,1.0,1.0,1.0,1.0,0.75,0.75,1.0,0.9056,0.9056
RET_121,Exp 5: RRF + Entity Boost,How did Kharak Singh v State of Uttar Pradesh examine police surveillance and personal liberty under Article 21?,CASE_LAW_QUERY,parent_case_sc_kharak_singh_1962; parent_const_art_21; parent_case_kharak; parent_const_art_021,parent_case_sc_kharak_singh_1963; parent_const_art_021; parent_const_art_21; parent_case_sc_sajjan_singh_1965; parent_case_sc_navtej_johar_2018,2,0.0,1.0,1.0,1.0,0.5,0.5,0.5,0.2479,0.2479
RET_122,Exp 5: RRF + Entity Boost,What prisoner rights against solitary confinement were recognized in Sunil Batra v Delhi Administration?,CASE_LAW_QUERY,parent_case_sc_sunil_batra_1978; parent_case_sunil; parent_const_art_21; parent_const_art_021,parent_case_sc_sunil_batra_1978; parent_case_sc_r_rajagopal_1994; parent_const_art_022; parent_case_sc_francis_coralie_1981; parent_case_sc_dk_basu_1997,1,1.0,1.0,1.0,1.0,0.25,0.25,1.0,0.6577,0.6577
RET_123,Exp 5: RRF + Entity Boost,Explain the expansion of right to livelihood under Article 21 in Olga Tellis v Bombay Municipal Corporation,CASE_LAW_QUERY,parent_case_olga; parent_const_art_21; parent_case_sc_olga_tellis_1985; parent_const_art_021,parent_case_sc_olga_tellis_1985; parent_const_art_21; parent_const_art_021; parent_const_art_021a; parent_case_sc_pucl_food_2001,1,1.0,1.0,1.0,1.0,0.75,0.75,1.0,0.9056,0.9056
RET_124,Exp 5: RRF + Entity Boost,What did Francis Coralie Mullin hold regarding right to life with human dignity under Article 21?,CASE_LAW_QUERY,parent_case_francis; parent_const_art_21; parent_case_sc_francis_coralie_1981; parent_const_art_021,parent_case_sc_francis_coralie_1981; parent_const_art_021; parent_const_art_21,1,1.0,1.0,1.0,1.0,0.75,0.75,1.0,0.9056,0.9056
RET_125,Exp 5: RRF + Entity Boost,How did Bandhua Mukti Morcha v Union of India utilize public interest litigation to free bonded labourers?,CASE_LAW_QUERY,parent_case_sc_bandhua_mukti_1984; parent_const_art_021; parent_const_art_23; parent_const_art_023; parent_const_art_21; parent_case_bandhua,parent_case_sc_bandhua_mukti_1984; parent_case_sc_som_prakash_1981; parent_case_sc_first_judges_1981; parent_case_sc_indra_sawhney_1992; parent_case_sc_electoral_bonds_2024,1,1.0,1.0,1.0,1.0,0.1667,0.1667,1.0,0.6062,0.5655
RET_126,Exp 5: RRF + Entity Boost,What guidelines on handcuffing and prisoner dignity were issued in Prem Shankar Shukla v Delhi Administration?,CASE_LAW_QUERY,parent_const_art_21; parent_case_prem; parent_const_art_021; parent_case_sc_prem_shankar_1980,parent_case_sc_sunil_batra_1978; parent_case_sc_r_rajagopal_1994; parent_case_sc_dk_basu_1997; parent_case_sc_francis_coralie_1981; parent_case_sc_adm_jabalpur_1976,Not Found (>10),0.0,0.0,0.0,0.0,0.0,0.0,0.0,0.0,0.0
RET_127,Exp 5: RRF + Entity Boost,What did the Supreme Court hold in State of Madras v Champakam Dorairajan regarding reservation and directive principles?,CASE_LAW_QUERY,parent_case_sc_champakam_dorairajan_1951; parent_const_art_15; parent_const_art_015; parent_case_champakam,parent_case_sc_champakam_1951; parent_case_sc_ak_gopalan_1950; parent_amend_025; parent_case_sc_nagaraj_2006; parent_const_art_031c,Not Found (>10),0.0,0.0,0.0,0.0,0.0,0.0,0.0,0.0,0.0
RET_128,Exp 5: RRF + Entity Boost,Explain the new doctrine of equality as an antithesis to arbitrariness articulated in EP Royappa v State of Tamil Nadu,CASE_LAW_QUERY,parent_case_ep; parent_case_sc_ep_royappa_1974; parent_const_art_14; parent_const_art_014,parent_case_sc_royappa_1974; parent_const_art_014; parent_const_art_016; parent_const_art_14; parent_case_sc_r_rajagopal_1994,2,0.0,1.0,1.0,1.0,0.5,0.5,0.5,0.2327,0.2327
RET_129,Exp 5: RRF + Entity Boost,"What were the major rulings in Indra Sawhney v Union of India regarding 27 percent OBC reservation, creamy layer, and 50 percent limit?",CASE_LAW_QUERY,parent_const_art_016; parent_case_indra; parent_const_art_16; parent_case_sc_indra_sawhney_1992,parent_case_sc_indra_sawhney_1992; parent_case_sc_janhit_abhiyan_2022; parent_case_sc_nagaraj_2006; parent_case_sc_bennett_coleman_1973,1,1.0,1.0,1.0,1.0,0.25,0.25,1.0,0.6577,0.6577
RET_130,Exp 5: RRF + Entity Boost,How did M Nagaraj v Union of India evaluate constitutional amendments regarding reservation in promotions for SC and ST?,CASE_LAW_QUERY,parent_case_sc_m_nagaraj_2006; parent_const_art_016; parent_const_art_16; parent_case_m,parent_case_sc_nagaraj_2006; parent_case_sc_indra_sawhney_1992; parent_case_sc_janhit_abhiyan_2022; parent_case_sc_chandra_kumar_1997,Not Found (>10),0.0,0.0,0.0,0.0,0.0,0.0,0.0,0.0,0.0
RET_131,Exp 5: RRF + Entity Boost,What modifications to the quantifiable data requirement in SC/ST promotions were made in Jarnail Singh v Lachhmi Narain Gupta?,CASE_LAW_QUERY,parent_const_art_016; parent_case_jarnail; parent_const_art_16; parent_case_sc_jarnail_singh_2018,parent_case_sc_jarnail_singh_2018; parent_case_sc_kameshwar_singh_1952; parent_case_sc_shankari_prasad_1951; parent_case_sc_sajjan_singh_1965; parent_case_sc_sukhdev_singh_1975,1,1.0,1.0,1.0,1.0,0.25,0.25,1.0,0.6577,0.6577
RET_132,Exp 5: RRF + Entity Boost,Explain the constitutional validity of the 103rd Amendment EWS reservation upheld in Janhit Abhiyan v Union of India,CASE_LAW_QUERY,parent_case_janhit; parent_case_sc_janhit_abhiyan_2022; parent_amend_103,parent_case_sc_janhit_abhiyan_2022; parent_case_sc_indra_sawhney_1992; parent_case_sc_shankari_prasad_1951; parent_case_sc_waman_rao_1981; parent_case_sc_nagaraj_2006,1,1.0,1.0,1.0,1.0,0.3333,0.3333,1.0,0.7262,0.7262
RET_133,Exp 5: RRF + Entity Boost,What test for reasonable restrictions on pre-censorship of press was established in Romesh Thappar v State of Madras?,CASE_LAW_QUERY,parent_case_sc_romesh_thappar_1950; parent_const_art_019; parent_const_art_19; parent_case_romesh,parent_case_sc_romesh_thappar_1950; parent_case_sc_shirur_mutt_1954; parent_case_sc_ak_gopalan_1950; parent_case_sc_champakam_1951,1,1.0,1.0,1.0,1.0,0.25,0.25,1.0,0.6577,0.6577
RET_134,Exp 5: RRF + Entity Boost,Explain the ruling in Brij Bhushan v State of Delhi regarding freedom of speech and pre-censorship of periodicals,CASE_LAW_QUERY,parent_case_brij; parent_case_sc_brij_bhushan_1950; parent_const_art_19; parent_const_art_019,parent_case_sc_brij_bhushan_1950; parent_case_sc_r_rajagopal_1994; parent_const_art_019,1,1.0,1.0,1.0,1.0,0.5,0.5,1.0,0.7673,0.7673
RET_135,Exp 5: RRF + Entity Boost,What did Bennett Coleman v Union of India decide on newsprint quota restrictions infringing press freedom?,CASE_LAW_QUERY,parent_case_sc_bennett_coleman_1972; parent_const_art_019; parent_const_art_19; parent_case_bennett,parent_case_sc_bennett_coleman_1973; parent_case_sc_indian_express_1985; parent_case_sc_sakal_papers_1962,Not Found (>10),0.0,0.0,0.0,0.0,0.0,0.0,0.0,0.0,0.0
RET_136,Exp 5: RRF + Entity Boost,Explain the invalidation of page price regulations on newspapers in Sakal Papers v Union of India,CASE_LAW_QUERY,parent_case_sc_sakal_papers_1962; parent_const_art_019; parent_case_sakal; parent_const_art_19,parent_case_sc_sakal_papers_1962; parent_case_sc_bennett_coleman_1973; parent_case_sc_indian_express_1985,1,1.0,1.0,1.0,1.0,0.25,0.25,1.0,0.6577,0.6577
RET_137,Exp 5: RRF + Entity Boost,What did the Supreme Court hold in Shreya Singhal v Union of India regarding vagueness and overbreadth in Section 66A IT Act?,CASE_LAW_QUERY,parent_const_art_019; parent_const_art_19; parent_case_sc_shreya_singhal_2015; parent_case_shreya,parent_case_sc_shreya_singhal_2015; parent_case_sc_chandra_kumar_1997; parent_case_sc_ka_abbas_1971; parent_case_sc_second_judges_1993,1,1.0,1.0,1.0,1.0,0.25,0.25,1.0,0.6577,0.6577
RET_138,Exp 5: RRF + Entity Boost,Explain the judgment in Anuradha Bhasin v Union of India regarding internet shutdowns and press freedom in Jammu & Kashmir,CASE_LAW_QUERY,parent_const_art_019; parent_case_anuradha; parent_const_art_19; parent_case_sc_anuradha_bhasin_2020,parent_case_sc_anuradha_bhasin_2020; parent_case_sc_shreya_singhal_2015; parent_case_sc_puttaswamy_privacy_2017; parent_case_sc_bennett_coleman_1973; parent_case_sc_puttaswamy_aadhaar_2018,1,1.0,1.0,1.0,1.0,0.25,0.25,1.0,0.6577,0.6577
RET_139,Exp 5: RRF + Entity Boost,What is the essential religious practices test formulated in Commissioner Hindu Religious Endowments Madras v Sri Lakshmindra Thirtha Swamiar Shirur Mutt?,CASE_LAW_QUERY,parent_const_art_026; parent_case_shirur; parent_const_art_26; parent_const_art_025; parent_case_sc_shirur_mutt_1954; parent_const_art_25,parent_case_sc_shirur_mutt_1954; parent_const_art_025; parent_case_sc_sabarimala_2018; parent_case_sc_kesavananda_1973; parent_const_art_027,1,1.0,1.0,1.0,1.0,0.3333,0.3333,1.0,0.7337,0.6845
RET_140,Exp 5: RRF + Entity Boost,What did the Supreme Court decide in Dr M Ismail Faruqui v Union of India regarding state acquisition of places of worship and mosques?,CASE_LAW_QUERY,parent_case_ismail; parent_case_sc_ismail_faruqui_1994; parent_const_art_025; parent_const_art_25,parent_case_sc_ka_abbas_1971; parent_case_sc_mc_mehta_oleum_1987; parent_case_sc_second_judges_1993; parent_case_sc_wb_v_uoi_1963; parent_case_sc_som_prakash_1981,Not Found (>10),0.0,0.0,0.0,0.0,0.0,0.0,0.0,0.0,0.0
RET_141,Exp 5: RRF + Entity Boost,Explain the constitutional invalidation of instant triple talaq in Shayara Bano v Union of India,CASE_LAW_QUERY,parent_case_shayara; parent_case_sc_shayara_bano_2017; parent_const_art_14; parent_const_art_014,parent_case_sc_shayara_bano_2017; parent_case_sc_sarbananda_sonowal_2005; parent_case_sc_naveen_jindal_2004; parent_case_sc_chandra_kumar_1997; parent_case_sc_nagaraj_2006,1,1.0,1.0,1.0,1.0,0.25,0.25,1.0,0.6577,0.6577
RET_142,Exp 5: RRF + Entity Boost,What was ruled in Indian Young Lawyers Association v State of Kerala regarding women entry into Sabarimala Temple?,CASE_LAW_QUERY,parent_case_sabarimala; parent_case_sc_sabarimala_2018; parent_const_art_014; parent_const_art_025; parent_const_art_14; parent_const_art_25,parent_case_sc_sabarimala_2018; parent_case_sc_crypto_2020; parent_case_sc_second_judges_1993; parent_case_sc_pradeep_biswas_2002; parent_case_sc_indian_express_1985,1,1.0,1.0,1.0,1.0,0.1667,0.1667,1.0,0.6062,0.5655
RET_143,Exp 5: RRF + Entity Boost,How did Bijoe Emmanuel v State of Kerala protect Jehovah Witnesses students refusing to sing the National Anthem?,CASE_LAW_QUERY,parent_case_sc_bijoe_emmanuel_1986; parent_const_art_019; parent_const_art_19; parent_case_bijoe; parent_const_art_025; parent_const_art_25,parent_case_sc_bijoe_emmanuel_1986; parent_const_art_051a; parent_case_sc_kesavananda_1973; parent_case_sc_sabarimala_2018; parent_case_sc_kerala_education_1958,1,1.0,1.0,1.0,1.0,0.1667,0.1667,1.0,0.6062,0.5655
RET_144,Exp 5: RRF + Entity Boost,Explain the First Judges Case SP Gupta v Union of India regarding executive primacy in judicial appointments,CASE_LAW_QUERY,parent_const_art_124; parent_case_sp; parent_case_sc_sp_gupta_1981,parent_case_sc_first_judges_1981; parent_case_sc_second_judges_1993; parent_case_sc_fourth_judges_njac_2015,Not Found (>10),0.0,0.0,0.0,0.0,0.0,0.0,0.0,0.0,0.0
RET_145,Exp 5: RRF + Entity Boost,How was the collegium system established in the Second Judges Case Supreme Court Advocates on Record Association 1993?,CASE_LAW_QUERY,parent_const_art_124; parent_case_sc_scara_second_judges_1993; parent_case_scara,parent_case_sc_second_judges_1993; parent_const_art_124; parent_case_sc_fourth_judges_njac_2015; parent_amend_099; parent_case_sc_first_judges_1981,2,0.0,1.0,1.0,1.0,0.3333,0.3333,0.5,0.1527,0.1527
RET_146,Exp 5: RRF + Entity Boost,Explain the advisory opinion in the Third Judges Case Special Reference 1 of 1998 on consultation procedures,CASE_LAW_QUERY,parent_const_art_124; parent_case_third; parent_const_art_143; parent_case_sc_third_judges_1998,parent_case_sc_third_judges_1998; parent_case_sc_first_judges_1981; parent_case_sc_second_judges_1993; parent_const_art_143; parent_case_sc_fourth_judges_njac_2015,1,1.0,1.0,1.0,1.0,0.5,0.5,1.0,0.7521,0.7521
RET_147,Exp 5: RRF + Entity Boost,Why did the Supreme Court strike down the National Judicial Appointments Commission in the Fourth Judges Case 2015?,CASE_LAW_QUERY,parent_const_art_124; parent_amend_099; parent_case_njac; parent_case_sc_njac_fourth_judges_2015,parent_amend_099; parent_case_sc_second_judges_1993; parent_const_art_124; parent_case_sc_third_judges_1998; parent_const_art_217,1,1.0,1.0,1.0,1.0,0.5,0.5,1.0,0.3288,0.3288
RET_148,Exp 5: RRF + Entity Boost,What was the ruling and famous dissent of Justice HR Khanna in ADM Jabalpur v Shivkant Shukla on habeas corpus during emergency?,CASE_LAW_QUERY,parent_const_art_359; parent_const_art_021; parent_case_adm; parent_case_sc_adm_jabalpur_1976; parent_const_art_21,parent_case_sc_adm_jabalpur_1976; parent_const_art_032; parent_const_art_359; parent_const_art_358; parent_amend_042,1,1.0,1.0,1.0,1.0,0.4,0.4,1.0,0.7073,0.7073
RET_149,Exp 5: RRF + Entity Boost,Explain the mandatory arrest and detention guidelines formulated in DK Basu v State of West Bengal to prevent custodial torture,CASE_LAW_QUERY,parent_case_sc_dk_basu_1997; parent_case_dk; parent_const_art_21; parent_const_art_021,parent_case_sc_dk_basu_1997; parent_case_sc_wb_v_uoi_1963; parent_case_sc_subodh_gopal_1954,1,1.0,1.0,1.0,1.0,0.25,0.25,1.0,0.6577,0.6577
RET_150,Exp 5: RRF + Entity Boost,What binding workplace sexual harassment guidelines were laid down in Vishaka v State of Rajasthan?,CASE_LAW_QUERY,parent_const_art_019; parent_const_art_021; parent_const_art_19; parent_const_art_014; parent_case_vishaka; parent_const_art_21; parent_case_sc_vishaka_1997; parent_const_art_14,parent_case_sc_vishaka_1997; parent_case_sc_dk_basu_1997; parent_case_sc_navtej_johar_2018; parent_case_sc_sr_bommai_1994; parent_case_sc_royappa_1974,1,1.0,1.0,1.0,1.0,0.125,0.125,1.0,0.6062,0.5039
RET_151,Exp 5: RRF + Entity Boost,How did Navtej Singh Johar v Union of India decriminalize consensual homosexual relations under Section 377 IPC?,CASE_LAW_QUERY,parent_const_art_15; parent_const_art_021; parent_case_sc_navtej_johar_2018; parent_const_art_014; parent_const_art_015; parent_const_art_21; parent_case_navtej; parent_const_art_14,parent_case_sc_navtej_johar_2018; parent_case_sc_joseph_shine_2018; parent_case_sc_shankari_prasad_1951,1,1.0,1.0,1.0,1.0,0.125,0.125,1.0,0.6062,0.5039
RET_152,Exp 5: RRF + Entity Boost,Explain the striking down of criminal adultery in Section 497 IPC as unconstitutional in Joseph Shine v Union of India,CASE_LAW_QUERY,parent_const_art_021; parent_case_joseph; parent_const_art_014; parent_case_sc_joseph_shine_2018; parent_const_art_21; parent_const_art_14,parent_case_sc_joseph_shine_2018; parent_case_sc_navtej_johar_2018; parent_case_sc_shreya_singhal_2015; parent_case_sc_shayara_bano_2017; parent_case_sc_chandra_kumar_1997,1,1.0,1.0,1.0,1.0,0.1667,0.1667,1.0,0.6062,0.5655
RET_153,Exp 5: RRF + Entity Boost,What was held in Common Cause A Registered Society v Union of India regarding passive euthanasia and living wills?,CASE_LAW_QUERY,parent_case_common; parent_const_art_21; parent_case_sc_common_cause_2018; parent_const_art_021,parent_case_sc_aruna_shanbaug_2011; parent_case_sc_common_cause_2018; parent_case_sc_chandra_kumar_1997; parent_case_sc_ka_abbas_1971; parent_case_sc_mc_mehta_oleum_1987,2,0.0,1.0,1.0,1.0,0.25,0.25,0.5,0.4149,0.4149
RET_154,Exp 5: RRF + Entity Boost,Explain the landmark ruling on passive euthanasia and advance medical directives in Aruna Ramchandra Shanbaug v Union of India,CASE_LAW_QUERY,parent_case_sc_aruna_shanbaug_2011; parent_const_art_21; parent_case_aruna; parent_const_art_021,parent_case_sc_aruna_shanbaug_2011; parent_case_sc_common_cause_2018; parent_case_sc_mc_mehta_oleum_1987; parent_case_sc_nalsa_2014,1,1.0,1.0,1.0,1.0,0.25,0.25,1.0,0.6577,0.6577
RET_155,Exp 5: RRF + Entity Boost,What did Animal Welfare Board of India v A Nagaraja hold regarding prevention of animal cruelty in Jallikattu under Article 21?,CASE_LAW_QUERY,parent_case_sc_jallikattu_2014; parent_const_art_021; parent_const_art_51a; parent_const_art_051a; parent_case_jallikattu; parent_const_art_21,parent_case_sc_jallikattu_2014; parent_case_sc_vellore_citizens_1996; parent_const_art_048,1,1.0,1.0,1.0,1.0,0.1667,0.1667,1.0,0.6062,0.5655
RET_156,Exp 5: RRF + Entity Boost,Explain the unconstitutionality of involuntary narco-analysis and brain mapping under Article 20(3) and 21 in Selvi v State of Karnataka,CASE_LAW_QUERY,parent_const_art_021; parent_const_art_20; parent_case_selvi; parent_const_art_21; parent_case_sc_selvi_2010; parent_const_art_020,parent_const_art_020; parent_case_sc_selvi_2010; parent_case_sc_tma_pai_2002; parent_const_art_035; parent_case_sc_syedna_taher_1962,1,1.0,1.0,1.0,1.0,0.3333,0.3333,1.0,0.5846,0.5453
RET_157,Exp 5: RRF + Entity Boost,What principles on governor pardoning power and judicial review were established in KM Nanavati v State of Bombay?,CASE_LAW_QUERY,parent_const_art_161; parent_case_sc_nanavati_1961; parent_case_nanavati; parent_const_art_142,parent_case_sc_fn_balsara_1951; parent_case_sc_behram_khurshid_1955; parent_case_sc_syedna_taher_1962; parent_case_sc_kihoto_hollohan_1992; parent_case_sc_ir_coelho_2007,Not Found (>10),0.0,0.0,0.0,0.0,0.0,0.0,0.0,0.0,0.0
RET_158,Exp 5: RRF + Entity Boost,How did Lily Thomas v Union of India strike down Section 8(4) RPA to disqualify convicted lawmakers immediately?,CASE_LAW_QUERY,parent_const_art_102; parent_const_art_191; parent_case_lily; parent_case_sc_lily_thomas_2013,parent_case_sc_lily_thomas_2013; parent_case_sc_minerva_mills_1980; parent_case_sc_shreya_singhal_2015; parent_case_sc_sarbananda_sonowal_2005; parent_case_sc_joseph_shine_2018,1,1.0,1.0,1.0,1.0,0.25,0.25,1.0,0.6577,0.6577
RET_159,Exp 5: RRF + Entity Boost,What voter right to candidate criminal antecedent disclosure was established in Association for Democratic Reforms ADR 2002?,CASE_LAW_QUERY,parent_const_art_019; parent_const_art_19; parent_case_adr; parent_case_sc_adr_voter_rights_2002,parent_case_sc_adr_2002; parent_case_sc_electoral_bonds_2024; parent_case_sc_pucl_nota_2013,Not Found (>10),0.0,0.0,0.0,0.0,0.0,0.0,0.0,0.0,0.0
RET_160,Exp 5: RRF + Entity Boost,Explain the introduction of the None of the Above NOTA option in ballot papers in PUCL v Union of India 2013,CASE_LAW_QUERY,parent_case_pucl; parent_const_art_019; parent_const_art_19; parent_case_sc_pucl_nota_2013,parent_case_sc_pucl_phone_tapping_1997; parent_case_sc_pucl_nota_2013; parent_case_sc_adr_2002; parent_case_sc_sakal_papers_1962; parent_case_sc_navtej_johar_2018,2,0.0,1.0,1.0,1.0,0.25,0.25,0.5,0.4149,0.4149
RET_161,Exp 5: RRF + Entity Boost,What did Kihoto Hollohan v Zachillhu hold regarding the Speaker powers under Tenth Schedule and judicial review?,CASE_LAW_QUERY,parent_case_sc_kihoto_hollohan_1992; parent_amend_052; parent_case_kihoto,parent_case_sc_kihoto_hollohan_1992; parent_case_sc_ir_coelho_2007; parent_case_sc_chandra_kumar_1997; parent_amend_091; parent_amend_052,1,1.0,1.0,1.0,1.0,0.6667,0.6667,1.0,0.8199,0.8199
RET_162,Exp 5: RRF + Entity Boost,Explain the restoration of the elected government in Arunachal Pradesh and Governor power limits in Nabam Rebia 2016,CASE_LAW_QUERY,parent_case_sc_nabam_rebia_2016; parent_case_nabam; parent_const_art_174; parent_const_art_163,parent_case_sc_punjab_governor_2023; parent_case_sc_nct_delhi_2018; parent_const_art_161; parent_const_art_213; parent_case_sc_article_370_2023,Not Found (>10),0.0,0.0,0.0,0.0,0.0,0.0,0.0,0.0,0.0
RET_163,Exp 5: RRF + Entity Boost,What guidelines on Governor discretionary powers during floor tests were established in Subhash Desai v Principal Secretary Maharashtra 2023?,CASE_LAW_QUERY,parent_case_subhash; parent_const_art_163; parent_case_sc_subhash_desai_2023,parent_case_sc_punjab_governor_2023; parent_const_art_213; parent_const_art_371; parent_const_art_200; parent_case_bommai,Not Found (>10),0.0,0.0,0.0,0.0,0.0,0.0,0.0,0.0,0.0
RET_164,Exp 5: RRF + Entity Boost,How did Government of NCT of Delhi v Union of India 2018 interpret the constitutional status and powers of the elected Delhi Government?,CASE_LAW_QUERY,parent_case_nct; parent_case_sc_nct_delhi_2018; parent_const_art_239aa,parent_case_sc_nct_delhi_2018; parent_case_sc_brij_bhushan_1950; parent_case_sc_minerva_mills_1980; parent_case_sc_bennett_coleman_1973; parent_case_sc_francis_coralie_1981,1,1.0,1.0,1.0,1.0,0.3333,0.3333,1.0,0.7262,0.7262
RET_165,Exp 5: RRF + Entity Boost,What did State of Rajasthan v Union of India 1977 establish on judicial review of President Rule proclamations under Article 356?,CASE_LAW_QUERY,parent_case_state; parent_const_art_356; parent_case_sc_state_of_rajasthan_1977,parent_const_art_356; parent_case_sc_chandra_kumar_1997; parent_case_sc_sr_bommai_1994,1,1.0,1.0,1.0,1.0,0.3333,0.3333,1.0,0.2421,0.2421
RET_166,Exp 5: RRF + Entity Boost,"How do Articles 14, 19, and 21 interact with Kesavananda Bharati to safeguard fundamental rights against amendment?",MULTI_DOCUMENT_QUERY,parent_const_art_019; parent_case_sc_kesavananda_1973; parent_const_art_021; parent_const_art_19; parent_case_kesavananda; parent_const_art_014; parent_const_art_21; parent_const_art_14,parent_case_sc_kesavananda_1973; parent_case_kesavananda; parent_const_art_013; parent_case_sc_sunil_batra_1978; parent_case_sc_kharak_singh_1963,1,1.0,1.0,1.0,1.0,0.25,0.25,1.0,0.7337,0.6099
RET_167,Exp 5: RRF + Entity Boost,Compare the scope of judicial review in Article 32 writ petitions before the Supreme Court and Article 226 before High Courts,CASE_COMPARISON,parent_const_art_32; parent_const_art_032; parent_const_art_226,parent_const_art_226; parent_const_art_032; parent_case_sc_chandra_kumar_1997; parent_const_art_013; parent_const_art_356,1,1.0,1.0,1.0,1.0,0.6667,0.6667,1.0,0.7003,0.7003
RET_168,Exp 5: RRF + Entity Boost,How did the 42nd Amendment attempt to prioritize Directive Principles over Fundamental Rights and how did Minerva Mills strike it down?,MULTI_DOCUMENT_QUERY,parent_case_minerva; parent_const_art_368; parent_amend_042; parent_case_sc_minerva_mills_1980,parent_case_sc_minerva_mills_1980; parent_case_minerva; parent_const_art_031c; parent_amend_024; parent_const_art_051a,1,1.0,1.0,1.0,1.0,0.5,0.5,1.0,0.3575,0.3575
RET_169,Exp 5: RRF + Entity Boost,Explain the evolution of right to education from Mohini Jain and Unni Krishnan to the 86th Amendment and Article 21A,MULTI_DOCUMENT_QUERY,parent_const_art_21a; parent_const_art_021a; parent_amend_086; parent_case_puttaswamy; parent_case_sc_puttaswamy_privacy_2017,parent_const_art_021a; parent_case_sc_unni_krishnan_1993; parent_const_art_21A; parent_const_art_021; parent_const_art_21,1,1.0,1.0,1.0,1.0,0.2,0.2,1.0,0.2021,0.2021
RET_170,Exp 5: RRF + Entity Boost,Compare the constitutional tests for creamy layer exclusion in Indra Sawhney with the quantifiable backwardness requirements in M Nagaraj,CASE_COMPARISON,parent_case_sc_indra_sawhney_1992; parent_case_indra; parent_case_sc_m_nagaraj_2006; parent_case_m; parent_const_art_16; parent_const_art_016,parent_case_sc_indra_sawhney_1992; parent_case_sc_jarnail_singh_2018; parent_case_sc_nagaraj_2006,1,1.0,1.0,1.0,1.0,0.1667,0.1667,1.0,0.6062,0.5655
RET_171,Exp 5: RRF + Entity Boost,What constitutional principles govern federalism and legislative competence under Article 246 and the Seventh Schedule lists?,LEGAL_EXPLANATION,parent_case_sr; parent_const_art_246; parent_case_sc_sr_bommai_1994,parent_const_art_246; parent_case_sc_wb_v_uoi_1963; parent_case_sc_sr_bommai_1994; parent_case_sc_fn_balsara_1951; parent_const_art_037,1,1.0,1.0,1.0,1.0,0.6667,0.6667,1.0,0.7039,0.7039
RET_172,Exp 5: RRF + Entity Boost,How did the Puttaswamy privacy judgment overrule MP Sharma 1954 and Kharak Singh 1962?,PRECEDENT_QUERY,parent_const_art_021; parent_case_sc_kharak_singh_1962; parent_const_art_21; parent_case_kharak; parent_case_puttaswamy; parent_case_sc_puttaswamy_privacy_2017,parent_case_sc_puttaswamy_privacy_2017; parent_case_sc_kharak_singh_1963; parent_case_sc_puttaswamy_aadhaar_2018; parent_case_puttaswamy,1,1.0,1.0,1.0,1.0,0.3333,0.3333,1.0,0.6933,0.6467
RET_173,Exp 5: RRF + Entity Boost,Explain the three-pronged proportionality test for State limitations on fundamental rights under Article 21 formulated in Puttaswamy,LEGAL_EXPLANATION,parent_const_art_21; parent_case_puttaswamy; parent_case_sc_puttaswamy_privacy_2017; parent_const_art_021,parent_const_art_021; parent_case_sc_puttaswamy_aadhaar_2018; parent_case_sc_puttaswamy_privacy_2017; parent_case_puttaswamy; parent_const_art_21,1,1.0,1.0,1.0,1.0,1.0,1.0,1.0,0.7273,0.7273
RET_174,Exp 5: RRF + Entity Boost,How did Maneka Gandhi overrule the strict literal interpretation of personal liberty established in AK Gopalan?,PRECEDENT_QUERY,parent_case_sc_maneka_gandhi_1978; parent_const_art_021; parent_case_ak; parent_case_maneka; parent_case_sc_ak_gopalan_1950; parent_const_art_21,parent_case_sc_maneka_gandhi_1978; parent_const_art_021; parent_case_sc_ak_gopalan_1950; parent_case_sc_kharak_singh_1963; parent_const_art_359,1,1.0,1.0,1.0,1.0,0.5,0.6667,1.0,0.8348,0.8459
RET_175,Exp 5: RRF + Entity Boost,What constitutional checks exist against arbitrary proclamation of emergency under Article 352 after the 44th Amendment?,CONSTITUTIONAL_PROCEDURE,parent_const_art_352; parent_amend_044,parent_const_art_352; parent_amend_044; parent_const_art_359; parent_const_art_020; parent_const_art_358,1,1.0,1.0,1.0,1.0,1.0,1.0,1.0,1.0,1.0
RET_176,Exp 5: RRF + Entity Boost,Explain how the Supreme Court used Article 142 complete justice power in the Union Carbide Bhopal Gas tragedy settlement,LEGAL_EXPLANATION,parent_const_art_142,parent_const_art_142; parent_const_art_137; parent_const_art_144; parent_const_art_143; parent_const_art_129,1,1.0,1.0,1.0,1.0,1.0,1.0,1.0,1.0,1.0
RET_177,Exp 5: RRF + Entity Boost,What are the constitutional requirements for a Money Bill under Article 110 and judicial review of Speaker certification?,CONSTITUTIONAL_PROCEDURE,parent_case_puttaswamy; parent_case_sc_puttaswamy_privacy_2017; parent_const_art_110,parent_const_art_110; parent_const_art_356; parent_case_sc_kihoto_hollohan_1992; parent_case_sc_chandra_kumar_1997; parent_case_sc_indira_gandhi_1975,1,1.0,1.0,1.0,1.0,0.3333,0.3333,1.0,0.4693,0.4693
RET_178,Exp 5: RRF + Entity Boost,Compare the judicial appointment mechanisms under the collegium system and the invalidated NJAC Act under Article 124,CASE_COMPARISON,parent_case_njac; parent_const_art_124; parent_case_scara; parent_case_sc_njac_fourth_judges_2015; parent_case_sc_scara_second_judges_1993,parent_const_art_124; parent_const_art_012; parent_amend_099; parent_case_sc_fourth_judges_njac_2015; parent_case_sc_second_judges_1993,1,1.0,1.0,1.0,1.0,0.2,0.2,1.0,0.2021,0.2021
RET_179,Exp 5: RRF + Entity Boost,"How does the doctrine of basic structure protect secularism, democracy, judicial review, and rule of law?",LEGAL_EXPLANATION,parent_case_minerva; parent_case_sc_kesavananda_1973; parent_case_sr; parent_case_sc_sr_bommai_1994; parent_case_kesavananda; parent_case_sc_minerva_mills_1980,parent_case_sc_indira_gandhi_1975; parent_const_art_356; parent_case_kesavananda; parent_case_sc_waman_rao_1981; parent_case_sc_chandra_kumar_1997,3,0.0,1.0,1.0,1.0,0.1667,0.3333,0.3333,0.101,0.151
RET_180,Exp 5: RRF + Entity Boost,What role does the Preamble play in interpreting ambiguous constitutional provisions according to Kesavananda Bharati?,LEGAL_EXPLANATION,parent_case_kesavananda; parent_const_preamble; parent_case_sc_kesavananda_1973,parent_const_preamble; parent_case_sc_kesavananda_1973,1,1.0,1.0,1.0,1.0,0.6667,0.6667,1.0,0.879,0.879
RET_181,Exp 5: RRF + Entity Boost,"Explain the scope of freedom of trade, commerce and intercourse throughout India under Article 301",ARTICLE_LOOKUP,parent_const_art_301,parent_const_art_301; parent_const_art_019; parent_const_art_077; parent_case_sc_bennett_coleman_1973; parent_case_sc_anuradha_bhasin_2020,1,1.0,1.0,1.0,1.0,1.0,1.0,1.0,1.0,1.0
RET_182,Exp 5: RRF + Entity Boost,What restrictions on freedom of trade and commerce can be imposed by Parliament and State legislatures under Articles 302 to 304?,CONSTITUTIONAL_PROCEDURE,parent_const_art_304; parent_const_art_302,parent_const_art_301; parent_const_art_245; parent_const_art_246; parent_const_art_033; parent_const_art_265,Not Found (>10),0.0,0.0,0.0,0.0,0.0,0.0,0.0,0.0,0.0
RET_183,Exp 5: RRF + Entity Boost,How does the Finance Commission function and make recommendations on tax devolution under Article 280?,CONSTITUTIONAL_PROCEDURE,parent_const_art_280,parent_amend_101; parent_const_art_324; parent_const_art_265; parent_amend_102; parent_const_art_039a,Not Found (>10),0.0,0.0,0.0,0.0,0.0,0.0,0.0,0.0,0.0
RET_184,Exp 5: RRF + Entity Boost,Explain the duties of the Comptroller and Auditor-General of India regarding public accounts audits under Article 148 and 149,CONSTITUTIONAL_PROCEDURE,parent_const_art_148,parent_const_art_076; parent_const_art_051a; parent_const_art_019; parent_const_art_047; parent_const_art_077,Not Found (>10),0.0,0.0,0.0,0.0,0.0,0.0,0.0,0.0,0.0
RET_185,Exp 5: RRF + Entity Boost,What are the rules governing the Consolidated Fund of India and Contingency Fund under Articles 266 and 267?,CONSTITUTIONAL_PROCEDURE,parent_const_art_266; parent_const_art_267,parent_const_art_114; parent_const_art_077; parent_const_art_145; parent_const_art_125; parent_const_art_360,Not Found (>10),0.0,0.0,0.0,0.0,0.0,0.0,0.0,0.0,0.0
RET_186,Exp 5: RRF + Entity Boost,Explain the powers and privileges of Parliament and its members and committees under Article 105,CONSTITUTIONAL_PROCEDURE,parent_const_art_105,parent_const_art_105; parent_const_art_368; parent_const_art_079; parent_const_art_245; parent_const_art_246,1,1.0,1.0,1.0,1.0,1.0,1.0,1.0,1.0,1.0
RET_187,Exp 5: RRF + Entity Boost,"What are the powers, privileges and immunities of State Legislative Assemblies and their members under Article 194?",CONSTITUTIONAL_PROCEDURE,parent_const_art_194,parent_const_art_105; parent_const_art_033; parent_amend_091; parent_const_art_245; parent_case_kesavananda,Not Found (>10),0.0,0.0,0.0,0.0,0.0,0.0,0.0,0.0,0.0
RET_188,Exp 5: RRF + Entity Boost,Explain the constitutional procedure for impeachment and removal of the President of India under Article 61,CONSTITUTIONAL_PROCEDURE,parent_const_art_61; parent_const_art_061,parent_const_art_061; parent_const_art_063; parent_const_art_124; parent_const_art_052; parent_const_art_056,1,1.0,1.0,1.0,1.0,0.5,0.5,1.0,0.8262,0.8262
RET_189,Exp 5: RRF + Entity Boost,What is the procedure for removal of a Supreme Court judge on grounds of proved misbehaviour or incapacity under Article 124(4)?,CONSTITUTIONAL_PROCEDURE,parent_const_art_124,parent_const_art_124; parent_const_art_129; parent_const_art_217; parent_const_art_145; parent_const_art_137,1,1.0,1.0,1.0,1.0,1.0,1.0,1.0,1.0,1.0
RET_190,Exp 5: RRF + Entity Boost,How does Article 312 govern the creation of All-India Services by the Council of States Rajya Sabha?,CONSTITUTIONAL_PROCEDURE,parent_const_art_312,parent_const_art_003; parent_const_art_080; parent_const_art_163; parent_const_art_245; parent_const_art_246,Not Found (>10),0.0,0.0,0.0,0.0,0.0,0.0,0.0,0.0,0.0
RET_191,Exp 5: RRF + Entity Boost,Explain the functions of the Union Public Service Commission and State PSCs under Article 320,CONSTITUTIONAL_PROCEDURE,parent_const_art_320,parent_const_art_032; parent_const_art_051a; parent_const_art_309; parent_const_art_324; parent_const_art_023,Not Found (>10),0.0,0.0,0.0,0.0,0.0,0.0,0.0,0.0,0.0
RET_192,Exp 5: RRF + Entity Boost,What is the constitutional provision for the Special Officer for Linguistic Minorities under Article 350B?,ARTICLE_LOOKUP,parent_const_art_350b,parent_const_art_035; parent_const_art_029; parent_const_art_015; parent_const_art_030; parent_const_art_016,Not Found (>10),0.0,0.0,0.0,0.0,0.0,0.0,0.0,0.0,0.0
RET_193,Exp 5: RRF + Entity Boost,Explain the official language of the Union and devanagari script provisions under Article 343,ARTICLE_LOOKUP,parent_const_art_343,parent_const_art_029; parent_const_art_355; parent_const_art_371d; parent_const_art_371; parent_const_art_001,Not Found (>10),0.0,0.0,0.0,0.0,0.0,0.0,0.0,0.0,0.0
RET_194,Exp 5: RRF + Entity Boost,What language is mandated for proceedings in the Supreme Court and High Courts under Article 348?,CONSTITUTIONAL_PROCEDURE,parent_const_art_348,parent_const_art_214; parent_const_art_032; parent_const_art_215; parent_const_art_132; parent_const_art_226,Not Found (>10),0.0,0.0,0.0,0.0,0.0,0.0,0.0,0.0,0.0
RET_195,Exp 5: RRF + Entity Boost,Explain the duty of the Union to promote the spread of the Hindi language under Article 351,ARTICLE_LOOKUP,parent_const_art_351,parent_const_art_029; parent_const_art_051a; parent_const_art_355; parent_const_art_047; parent_const_art_053,Not Found (>10),0.0,0.0,0.0,0.0,0.0,0.0,0.0,0.0,0.0
RET_196,Exp 5: RRF + Entity Boost,What are the residuary legislative powers of Parliament under Article 248?,CONSTITUTIONAL_PROCEDURE,parent_const_art_248,parent_const_art_248; parent_const_art_105; parent_const_art_245; parent_const_art_246,1,1.0,1.0,1.0,1.0,1.0,1.0,1.0,1.0,1.0
RET_197,Exp 5: RRF + Entity Boost,How can Parliament legislate on State List matters in national interest under Article 249 with Rajya Sabha resolution?,CONSTITUTIONAL_PROCEDURE,parent_const_art_249,parent_const_art_248; parent_const_art_246; parent_const_art_370; parent_const_art_080; parent_case_sc_kesavananda_1973,Not Found (>10),0.0,0.0,0.0,0.0,0.0,0.0,0.0,0.0,0.0
RET_198,Exp 5: RRF + Entity Boost,Explain the power of Parliament to legislate for two or more States by consent under Article 252,CONSTITUTIONAL_PROCEDURE,parent_const_art_252,parent_const_art_002; parent_const_art_246; parent_const_art_245; parent_const_art_003; parent_const_art_248,Not Found (>10),0.0,0.0,0.0,0.0,0.0,0.0,0.0,0.0,0.0
RET_199,Exp 5: RRF + Entity Boost,What power does Parliament have to make laws implementing international treaties and conventions under Article 253?,CONSTITUTIONAL_PROCEDURE,parent_const_art_253,parent_const_art_246; parent_const_art_248; parent_const_art_245; parent_const_art_035; parent_const_art_011,Not Found (>10),0.0,0.0,0.0,0.0,0.0,0.0,0.0,0.0,0.0
RET_200,Exp 5: RRF + Entity Boost,Explain the constitutional guarantee and jurisdiction regarding suits against the Government under Article 300,ARTICLE_LOOKUP,parent_const_art_300,parent_const_art_300a; parent_const_art_030; parent_const_art_131; parent_const_art_132; parent_const_art_226,Not Found (>10),0.0,0.0,0.0,0.0,0.0,0.0,0.0,0.0,0.0
RET_001,Exp 6: Full Pipeline (+ Cross-Encoder),What constitutional remedies are available under Article 32 for fundamental rights violations?,RIGHTS_QUERY,parent_const_art_32; parent_const_art_032,parent_const_art_032; parent_const_art_32; parent_const_art_031c; parent_amend_044; parent_case_sc_golak_nath_1967,1,1.0,1.0,1.0,1.0,1.0,1.0,1.0,0.7967,0.7967
RET_002,Exp 6: Full Pipeline (+ Cross-Encoder),What does Article 21 guarantee regarding protection of life and personal liberty?,ARTICLE_LOOKUP,parent_const_art_21; parent_const_art_021,parent_const_art_021; parent_const_art_21; parent_const_art_020; parent_case_sc_francis_coralie_1981; parent_case_sc_puttaswamy_privacy_2017,1,1.0,1.0,1.0,1.0,1.0,1.0,1.0,0.7967,0.7967
RET_003,Exp 6: Full Pipeline (+ Cross-Encoder),Explain equality before law and equal protection of the laws under Article 14,ARTICLE_LOOKUP,parent_const_art_014; parent_const_art_14,parent_const_art_014; parent_const_art_14; parent_case_sc_royappa_1974; parent_const_art_016; parent_case_sc_indira_gandhi_1975,1,1.0,1.0,1.0,1.0,1.0,1.0,1.0,0.7967,0.7967
RET_004,Exp 6: Full Pipeline (+ Cross-Encoder),What six fundamental freedoms are guaranteed to citizens under Article 19?,RIGHTS_QUERY,parent_const_art_019; parent_const_art_19,parent_const_art_19; parent_const_art_019; parent_case_sc_anuradha_bhasin_2020,1,1.0,1.0,1.0,1.0,1.0,1.0,1.0,1.0,1.0
RET_005,Exp 6: Full Pipeline (+ Cross-Encoder),What are the core ideals and objectives set out in the Preamble of the Constitution?,ARTICLE_LOOKUP,parent_const_preamble,parent_const_preamble; parent_amend_042; parent_const_art_038; parent_case_sc_kesavananda_1973; parent_const_art_051a,1,1.0,1.0,1.0,1.0,1.0,1.0,1.0,1.0,1.0
RET_006,Exp 6: Full Pipeline (+ Cross-Encoder),How is the term State defined under Article 12 for the purpose of Part III?,ARTICLE_LOOKUP,parent_const_art_012; parent_const_art_12,parent_const_art_12; parent_const_art_012; parent_const_art_036; parent_const_art_359; parent_const_art_226,1,1.0,1.0,1.0,1.0,1.0,1.0,1.0,1.0,1.0
RET_007,Exp 6: Full Pipeline (+ Cross-Encoder),What does Article 21A provide regarding the fundamental right to free and compulsory education?,RIGHTS_QUERY,parent_const_art_21A; parent_const_art_021a,parent_const_art_021a; parent_const_art_21A; parent_amend_086; parent_case_sc_unni_krishnan_1993; parent_const_art_21,1,1.0,1.0,1.0,1.0,1.0,1.0,1.0,0.7967,0.7967
RET_008,Exp 6: Full Pipeline (+ Cross-Encoder),Explain the power of Parliament to amend the Constitution and procedure under Article 368,AMENDMENT_QUERY,parent_const_art_368,parent_const_art_368; parent_amend_024; parent_case_kesavananda; parent_case_sc_kesavananda_1973,1,1.0,1.0,1.0,1.0,1.0,1.0,1.0,1.0,1.0
RET_009,Exp 6: Full Pipeline (+ Cross-Encoder),What was the historical scope and special status granted under Article 370?,ARTICLE_LOOKUP,parent_const_art_370,parent_const_art_370; parent_case_sc_article_370_2023; parent_const_art_371d,1,1.0,1.0,1.0,1.0,1.0,1.0,1.0,1.0,1.0
RET_010,Exp 6: Full Pipeline (+ Cross-Encoder),Explain the landmark ruling in Kesavananda Bharati regarding the basic structure doctrine,CASE_LAW_QUERY,parent_case_kesavananda; parent_const_art_368; parent_case_sc_kesavananda_1973,parent_case_sc_kesavananda_1973; parent_const_art_013; parent_const_art_368; parent_const_preamble; parent_case_kesavananda,1,1.0,1.0,1.0,1.0,1.0,1.0,1.0,0.6441,0.6441
RET_011,Exp 6: Full Pipeline (+ Cross-Encoder),What did the Supreme Court hold in Justice KS Puttaswamy regarding right to privacy under Article 21?,CASE_LAW_QUERY,parent_const_art_21; parent_case_puttaswamy; parent_case_sc_puttaswamy_privacy_2017; parent_const_art_021,parent_case_sc_puttaswamy_privacy_2017; parent_const_art_021; parent_case_puttaswamy; parent_case_sc_r_rajagopal_1994; parent_case_sc_puttaswamy_aadhaar_2018,1,1.0,1.0,1.0,1.0,0.75,0.75,1.0,0.6864,0.6864
RET_012,Exp 6: Full Pipeline (+ Cross-Encoder),What were the facts and ratio decidendi of Maneka Gandhi v Union of India on personal liberty?,CASE_LAW_QUERY,parent_const_art_019; parent_case_sc_maneka_gandhi_1978; parent_const_art_021; parent_const_art_19; parent_case_maneka; parent_const_art_014; parent_const_art_21; parent_const_art_14,parent_case_sc_maneka_gandhi_1978; parent_case_sc_puttaswamy_privacy_2017; parent_case_maneka; parent_case_sc_madhav_rao_1971; parent_case_sc_nagaraj_2006,1,1.0,1.0,1.0,1.0,0.25,0.25,1.0,0.5052,0.4199
RET_013,Exp 6: Full Pipeline (+ Cross-Encoder),How did Minerva Mills v Union of India reinforce Kesavananda Bharati and strike down unamendable clauses?,CASE_LAW_QUERY,parent_case_minerva; parent_const_art_368; parent_case_sc_kesavananda_1973; parent_case_kesavananda; parent_case_sc_minerva_mills_1980,parent_case_sc_minerva_mills_1980; parent_case_minerva; parent_case_sc_kesavananda_1973; parent_case_kesavananda,1,1.0,1.0,1.0,1.0,0.8,0.8,1.0,0.7727,0.7727
RET_014,Exp 6: Full Pipeline (+ Cross-Encoder),What guidelines were established in SR Bommai regarding President Rule and secularism?,CASE_LAW_QUERY,parent_case_bommai; parent_case_sc_sr_bommai_1994,parent_const_art_356; parent_case_bommai; parent_case_sc_sr_bommai_1994; parent_amend_042,2,0.0,1.0,1.0,1.0,1.0,1.0,0.5,0.659,0.659
RET_015,Exp 6: Full Pipeline (+ Cross-Encoder),Can Parliament amend fundamental rights to destroy the basic structure of the Constitution?,AMENDMENT_QUERY,parent_case_kesavananda; parent_const_art_368; parent_case_sc_kesavananda_1973,parent_const_art_368; parent_case_minerva; parent_case_sc_kesavananda_1973; parent_case_kesavananda; parent_case_sc_golak_nath_1967,1,1.0,1.0,1.0,1.0,1.0,1.0,1.0,0.6759,0.6759
RET_016,Exp 6: Full Pipeline (+ Cross-Encoder),Is privacy recognized as an intrinsic part of the right to life and liberty in India?,RIGHTS_QUERY,parent_case_puttaswamy; parent_const_art_21; parent_case_sc_puttaswamy_privacy_2017; parent_const_art_021,parent_case_sc_puttaswamy_privacy_2017; parent_case_puttaswamy; parent_const_art_021; parent_const_art_21; parent_case_sc_maneka_gandhi_1978,1,1.0,1.0,1.0,1.0,1.0,1.0,1.0,0.7504,0.7504
RET_017,Exp 6: Full Pipeline (+ Cross-Encoder),"Explain the interconnected golden triangle of fundamental rights under Articles 14, 19 and 21",LEGAL_EXPLANATION,parent_const_art_019; parent_case_sc_maneka_gandhi_1978; parent_const_art_021; parent_const_art_19; parent_case_maneka; parent_const_art_014; parent_const_art_21; parent_const_art_14,parent_case_maneka; parent_case_sc_maneka_gandhi_1978; parent_const_art_021; parent_const_art_013; parent_case_sc_golak_nath_1967,1,1.0,1.0,1.0,1.0,0.375,0.375,1.0,0.4306,0.3579
RET_018,Exp 6: Full Pipeline (+ Cross-Encoder),How is secularism protected under the Constitution as affirmed in SR Bommai and Preamble?,LEGAL_EXPLANATION,parent_const_preamble; parent_case_bommai; parent_case_sc_sr_bommai_1994,parent_case_sc_sr_bommai_1994; parent_const_art_356; parent_const_preamble; parent_amend_042; parent_case_bommai,1,1.0,1.0,1.0,1.0,1.0,1.0,1.0,0.6988,0.6988
RET_019,Exp 6: Full Pipeline (+ Cross-Encoder),"Writ jurisdiction of the Supreme Court to issue directions, orders or writs under Article 32",RIGHTS_QUERY,parent_const_art_32; parent_const_art_032,parent_const_art_032; parent_const_art_226; parent_const_art_32; parent_const_art_142; parent_case_sc_chandra_kumar_1997,1,1.0,1.0,1.0,1.0,1.0,1.0,1.0,0.6885,0.6885
RET_020,Exp 6: Full Pipeline (+ Cross-Encoder),What is the procedure established by law versus substantive due process post Maneka Gandhi?,CASE_COMPARISON,parent_const_art_21; parent_case_sc_maneka_gandhi_1978; parent_const_art_021; parent_case_maneka,parent_const_art_21; parent_const_art_021; parent_case_sc_maneka_gandhi_1978; parent_case_sc_ak_gopalan_1950; parent_const_art_014,1,1.0,1.0,1.0,1.0,0.75,0.75,1.0,0.4671,0.4671
RET_021,Exp 6: Full Pipeline (+ Cross-Encoder),What does Article 13 provide regarding laws inconsistent with or in derogation of fundamental rights?,RIGHTS_QUERY,parent_const_art_013; parent_const_art_13,parent_const_art_013; parent_const_art_031c; parent_case_sc_golak_nath_1967; parent_amend_024; parent_case_sc_shankari_prasad_1951,1,1.0,1.0,1.0,1.0,0.5,0.5,1.0,0.8262,0.8262
RET_022,Exp 6: Full Pipeline (+ Cross-Encoder),"What protections against discrimination on grounds of religion, race, caste, sex or place of birth are provided in Article 15?",RIGHTS_QUERY,parent_const_art_15; parent_const_art_015,parent_const_art_015; parent_const_art_016; parent_const_art_023,1,1.0,1.0,1.0,1.0,0.5,0.5,1.0,0.8262,0.8262
RET_023,Exp 6: Full Pipeline (+ Cross-Encoder),Explain equality of opportunity in matters of public employment and reservation under Article 16,RIGHTS_QUERY,parent_const_art_16; parent_const_art_016,parent_const_art_016; parent_amend_103; parent_case_sc_indra_sawhney_1992,1,1.0,1.0,1.0,1.0,0.5,0.5,1.0,0.8262,0.8262
RET_024,Exp 6: Full Pipeline (+ Cross-Encoder),What does Article 17 state regarding the abolition of untouchability and its enforcement?,RIGHTS_QUERY,parent_const_art_17; parent_const_art_017,parent_const_art_017; parent_const_art_015; parent_const_art_023; parent_const_art_019; parent_const_art_142,1,1.0,1.0,1.0,1.0,0.5,0.5,1.0,0.8262,0.8262
RET_025,Exp 6: Full Pipeline (+ Cross-Encoder),Explain the abolition of titles and prohibitions on accepting foreign titles under Article 18,ARTICLE_LOOKUP,parent_const_art_018; parent_const_art_18,parent_const_art_018; parent_const_art_017; parent_const_art_015; parent_const_art_358; parent_const_art_004,1,1.0,1.0,1.0,1.0,0.5,0.5,1.0,0.8262,0.8262
RET_026,Exp 6: Full Pipeline (+ Cross-Encoder),What protections in respect of conviction for offences including ex-post facto laws and double jeopardy are in Article 20?,RIGHTS_QUERY,parent_const_art_20; parent_const_art_020,parent_const_art_020; parent_const_art_022; parent_const_art_019,1,1.0,1.0,1.0,1.0,0.5,0.5,1.0,0.8262,0.8262
RET_027,Exp 6: Full Pipeline (+ Cross-Encoder),What safeguards against arrest and preventive detention are guaranteed under Article 22?,RIGHTS_QUERY,parent_const_art_022; parent_const_art_22,parent_const_art_022; parent_case_sc_dk_basu_1997; parent_case_sc_ak_gopalan_1950; parent_const_art_020; parent_const_art_358,1,1.0,1.0,1.0,1.0,0.5,0.5,1.0,0.8262,0.8262
RET_028,Exp 6: Full Pipeline (+ Cross-Encoder),Explain the prohibition of traffic in human beings and forced labour under Article 23,RIGHTS_QUERY,parent_const_art_23; parent_const_art_023,parent_const_art_023; parent_const_art_024; parent_const_art_015,1,1.0,1.0,1.0,1.0,0.5,0.5,1.0,0.8262,0.8262
RET_029,Exp 6: Full Pipeline (+ Cross-Encoder),What does Article 24 prescribe regarding prohibition of employment of children in factories and hazardous work?,RIGHTS_QUERY,parent_const_art_024; parent_const_art_24,parent_const_art_024; parent_const_art_023; parent_const_art_015; parent_const_art_016; parent_const_art_042,1,1.0,1.0,1.0,1.0,0.5,0.5,1.0,0.8262,0.8262
RET_030,Exp 6: Full Pipeline (+ Cross-Encoder),"Explain freedom of conscience and free profession, practice and propagation of religion under Article 25",RIGHTS_QUERY,parent_const_art_025; parent_const_art_25,parent_const_art_025; parent_const_art_026; parent_const_art_028; parent_case_sc_shirur_mutt_1954; parent_case_sc_syedna_taher_1962,1,1.0,1.0,1.0,1.0,0.5,0.5,1.0,0.8262,0.8262
RET_031,Exp 6: Full Pipeline (+ Cross-Encoder),What rights are guaranteed to religious denominations to manage religious affairs under Article 26?,RIGHTS_QUERY,parent_const_art_026; parent_const_art_26,parent_const_art_026; parent_const_art_027; parent_const_art_025; parent_case_sc_syedna_taher_1962; parent_case_sc_sabarimala_2018,1,1.0,1.0,1.0,1.0,0.5,0.5,1.0,0.8262,0.8262
RET_032,Exp 6: Full Pipeline (+ Cross-Encoder),Explain freedom as to payment of taxes for promotion of any particular religion under Article 27,RIGHTS_QUERY,parent_const_art_27; parent_const_art_027,parent_const_art_027; parent_const_art_028; parent_const_art_026; parent_const_art_025,1,1.0,1.0,1.0,1.0,0.5,0.5,1.0,0.8262,0.8262
RET_033,Exp 6: Full Pipeline (+ Cross-Encoder),What provisions govern attendance at religious instruction or religious worship in educational institutions under Article 28?,ARTICLE_LOOKUP,parent_const_art_28; parent_const_art_028,parent_const_art_028; parent_const_art_029; parent_const_art_015; parent_const_art_030,1,1.0,1.0,1.0,1.0,0.5,0.5,1.0,0.8262,0.8262
RET_034,Exp 6: Full Pipeline (+ Cross-Encoder),"How does Article 29 protect the interests of minorities having distinct language, script or culture?",RIGHTS_QUERY,parent_const_art_29; parent_const_art_029,parent_const_art_029; parent_const_art_030; parent_const_art_015,1,1.0,1.0,1.0,1.0,0.5,0.5,1.0,0.8262,0.8262
RET_035,Exp 6: Full Pipeline (+ Cross-Encoder),What rights are conferred on religious and linguistic minorities to establish and administer educational institutions under Article 30?,RIGHTS_QUERY,parent_const_art_30; parent_const_art_030,parent_const_art_030; parent_const_art_029; parent_case_sc_tma_pai_2002; parent_const_art_015,1,1.0,1.0,1.0,1.0,0.5,0.5,1.0,0.8262,0.8262
RET_036,Exp 6: Full Pipeline (+ Cross-Encoder),What power does Parliament have to modify fundamental rights in their application to armed forces under Article 33?,CONSTITUTIONAL_PROCEDURE,parent_const_art_33; parent_const_art_033,parent_const_art_033; parent_case_kesavananda; parent_case_sc_golak_nath_1967; parent_amend_024; parent_case_minerva,1,1.0,1.0,1.0,1.0,0.5,0.5,1.0,0.8262,0.8262
RET_037,Exp 6: Full Pipeline (+ Cross-Encoder),Explain restrictions on fundamental rights while martial law is in force in any area under Article 34,CONSTITUTIONAL_PROCEDURE,parent_const_art_34; parent_const_art_034,parent_const_art_034; parent_const_art_033; parent_const_art_013; parent_const_art_035; parent_case_sc_golak_nath_1967,1,1.0,1.0,1.0,1.0,0.5,0.5,1.0,0.8262,0.8262
RET_038,Exp 6: Full Pipeline (+ Cross-Encoder),What legislation is required to give effect to the provisions of Part III under Article 35?,CONSTITUTIONAL_PROCEDURE,parent_const_art_035; parent_const_art_35,parent_const_art_035; parent_const_art_359; parent_const_art_031c; parent_const_art_004; parent_const_art_026,1,1.0,1.0,1.0,1.0,0.5,0.5,1.0,0.8262,0.8262
RET_039,Exp 6: Full Pipeline (+ Cross-Encoder),How is the definition of State applied to Part IV Directive Principles under Article 36?,DEFINITION_QUERY,parent_const_art_36; parent_const_art_036,parent_const_art_036; parent_const_art_037; parent_const_art_031c; parent_case_minerva; parent_case_sc_champakam_1951,1,1.0,1.0,1.0,1.0,0.5,0.5,1.0,0.8262,0.8262
RET_040,Exp 6: Full Pipeline (+ Cross-Encoder),Explain the application and non-justiciability of the principles contained in Part IV under Article 37,LEGAL_EXPLANATION,parent_const_art_037; parent_const_art_37,parent_const_art_037; parent_const_art_031c; parent_const_art_036; parent_case_minerva; parent_case_sc_champakam_1951,1,1.0,1.0,1.0,1.0,0.5,0.5,1.0,0.8262,0.8262
RET_041,Exp 6: Full Pipeline (+ Cross-Encoder),What does Article 38 mandate regarding the State securing a social order for the promotion of welfare of the people?,LEGAL_EXPLANATION,parent_const_art_38; parent_const_art_038,parent_const_art_038; parent_const_art_039; parent_const_art_039a; parent_const_art_036; parent_const_art_041,1,1.0,1.0,1.0,1.0,0.5,0.5,1.0,0.8262,0.8262
RET_042,Exp 6: Full Pipeline (+ Cross-Encoder),What specific principles of policy such as distribution of material resources and equal pay are laid down in Article 39?,LEGAL_EXPLANATION,parent_const_art_039; parent_const_art_39,parent_const_art_039; parent_const_art_039a; parent_const_art_037; parent_const_art_031c; parent_amend_025,1,1.0,1.0,1.0,1.0,0.5,0.5,1.0,0.8262,0.8262
RET_043,Exp 6: Full Pipeline (+ Cross-Encoder),Explain the mandate for equal justice and free legal aid under Article 39A,RIGHTS_QUERY,parent_const_art_39a; parent_const_art_039a,parent_const_art_039a; parent_amend_042; parent_const_art_039; parent_case_sc_hussainara_khatoon_1979; parent_const_art_21,1,1.0,1.0,1.0,1.0,0.5,0.5,1.0,0.8262,0.8262
RET_044,Exp 6: Full Pipeline (+ Cross-Encoder),What does Article 40 direct the State to do regarding the organisation of village panchayats?,CONSTITUTIONAL_PROCEDURE,parent_const_art_040; parent_const_art_40,parent_const_art_040; parent_amend_073; parent_const_art_039; parent_const_art_048; parent_const_art_038,1,1.0,1.0,1.0,1.0,0.5,0.5,1.0,0.8262,0.8262
RET_045,Exp 6: Full Pipeline (+ Cross-Encoder),"Explain the right to work, to education and to public assistance in cases of unemployment or old age under Article 41",LEGAL_EXPLANATION,parent_const_art_41; parent_const_art_041,parent_const_art_041; parent_case_sc_unni_krishnan_1993; parent_const_art_021a; parent_const_art_016; parent_const_art_21A,1,1.0,1.0,1.0,1.0,0.5,0.5,1.0,0.8262,0.8262
RET_046,Exp 6: Full Pipeline (+ Cross-Encoder),What provision does Article 42 make for just and humane conditions of work and maternity relief?,LEGAL_EXPLANATION,parent_const_art_042; parent_const_art_42,parent_const_art_042; parent_const_art_041; parent_const_art_043; parent_const_art_045; parent_const_art_043a,1,1.0,1.0,1.0,1.0,0.5,0.5,1.0,0.8262,0.8262
RET_047,Exp 6: Full Pipeline (+ Cross-Encoder),Explain the concept of living wage and decent standard of life for workers under Article 43,LEGAL_EXPLANATION,parent_const_art_43; parent_const_art_043,parent_const_art_043; parent_const_art_043a; parent_const_art_047; parent_const_art_023,1,1.0,1.0,1.0,1.0,0.5,0.5,1.0,0.8262,0.8262
RET_048,Exp 6: Full Pipeline (+ Cross-Encoder),What does Article 43A provide regarding participation of workers in management of industries?,LEGAL_EXPLANATION,parent_const_art_43a; parent_const_art_043a,parent_const_art_043a; parent_const_art_043; parent_amend_042; parent_const_art_042; parent_const_art_041,1,1.0,1.0,1.0,1.0,0.5,0.5,1.0,0.8262,0.8262
RET_049,Exp 6: Full Pipeline (+ Cross-Encoder),Explain the promotion of cooperative societies under Article 43B,LEGAL_EXPLANATION,parent_const_art_43b; parent_const_art_043b,parent_const_art_043a; parent_const_art_043; parent_const_art_046; parent_const_art_051; parent_const_art_038,Not Found (>10),0.0,0.0,0.0,0.0,0.0,0.0,0.0,0.0,0.0
RET_050,Exp 6: Full Pipeline (+ Cross-Encoder),What directive does Article 44 provide regarding securing a Uniform Civil Code for citizens?,LEGAL_EXPLANATION,parent_const_art_044; parent_const_art_44,parent_const_art_044; parent_case_sc_shah_bano_1985; parent_const_art_031c; parent_const_art_039; parent_const_art_039a,1,1.0,1.0,1.0,1.0,0.5,0.5,1.0,0.8262,0.8262
RET_051,Exp 6: Full Pipeline (+ Cross-Encoder),What does Article 45 direct regarding early childhood care and education to children below age six?,LEGAL_EXPLANATION,parent_const_art_45; parent_const_art_045,parent_const_art_045; parent_amend_086; parent_const_art_051a; parent_const_art_021a; parent_const_art_21A,1,1.0,1.0,1.0,1.0,0.5,0.5,1.0,0.8262,0.8262
RET_052,Exp 6: Full Pipeline (+ Cross-Encoder),How does Article 46 mandate promotion of educational and economic interests of Scheduled Castes and Scheduled Tribes?,LEGAL_EXPLANATION,parent_const_art_046; parent_const_art_46,parent_const_art_046; parent_const_art_016; parent_const_art_015; parent_amend_104; parent_const_art_019,1,1.0,1.0,1.0,1.0,0.5,0.5,1.0,0.8262,0.8262
RET_053,Exp 6: Full Pipeline (+ Cross-Encoder),"Explain the duty of the State to raise the level of nutrition, standard of living and improve public health under Article 47",LEGAL_EXPLANATION,parent_const_art_47; parent_const_art_047,parent_const_art_047; parent_const_art_043; parent_const_art_051a; parent_const_art_048a; parent_const_art_038,1,1.0,1.0,1.0,1.0,0.5,0.5,1.0,0.8262,0.8262
RET_054,Exp 6: Full Pipeline (+ Cross-Encoder),What does Article 48 direct regarding organisation of agriculture and animal husbandry and slaughter prohibition?,LEGAL_EXPLANATION,parent_const_art_048; parent_const_art_48,parent_const_art_048; parent_const_art_048a; parent_const_art_047; parent_const_art_023,1,1.0,1.0,1.0,1.0,0.5,0.5,1.0,0.8262,0.8262
RET_055,Exp 6: Full Pipeline (+ Cross-Encoder),Explain the mandate under Article 48A for protection and improvement of environment and safeguarding of forests and wildlife,LEGAL_EXPLANATION,parent_const_art_48a; parent_const_art_048a,parent_const_art_048a; parent_const_art_051a; parent_const_art_048; parent_const_art_049; parent_amend_042,1,1.0,1.0,1.0,1.0,0.5,0.5,1.0,0.8262,0.8262
RET_056,Exp 6: Full Pipeline (+ Cross-Encoder),What obligation does Article 49 place on the State to protect monuments and places of national importance?,ARTICLE_LOOKUP,parent_const_art_049; parent_const_art_49,parent_const_art_049; parent_const_art_047; parent_const_art_048a; parent_const_art_051a,1,1.0,1.0,1.0,1.0,0.5,0.5,1.0,0.8262,0.8262
RET_057,Exp 6: Full Pipeline (+ Cross-Encoder),Explain the constitutional principle of separation of judiciary from executive in the public services under Article 50,LEGAL_EXPLANATION,parent_const_art_050; parent_const_art_50,parent_const_art_050; parent_case_sc_fourth_judges_njac_2015; parent_const_art_075; parent_const_art_124; parent_const_art_053,1,1.0,1.0,1.0,1.0,0.5,0.5,1.0,0.8262,0.8262
RET_058,Exp 6: Full Pipeline (+ Cross-Encoder),What objectives does Article 51 set out for promotion of international peace and security and treaty obligations?,LEGAL_EXPLANATION,parent_const_art_51; parent_const_art_051,parent_const_art_051; parent_const_art_051a,1,1.0,1.0,1.0,1.0,0.5,0.5,1.0,0.8262,0.8262
RET_059,Exp 6: Full Pipeline (+ Cross-Encoder),List the fundamental duties of citizens enumerated under Article 51A of Part IVA,ARTICLE_LOOKUP,parent_const_art_51a; parent_const_art_051a,parent_const_art_051a; parent_amend_042,1,1.0,1.0,1.0,1.0,0.5,0.5,1.0,0.8262,0.8262
RET_060,Exp 6: Full Pipeline (+ Cross-Encoder),How did the 42nd Amendment introduce Fundamental Duties under Part IVA?,AMENDMENT_QUERY,parent_amend_042; parent_const_art_51a; parent_const_art_051a,parent_const_art_051a; parent_amend_042; parent_case_minerva; parent_case_sc_minerva_mills_1980; parent_const_art_074,1,1.0,1.0,1.0,1.0,0.6667,0.6667,1.0,0.879,0.879
RET_061,Exp 6: Full Pipeline (+ Cross-Encoder),What does Article 52 declare regarding the President of India?,ARTICLE_LOOKUP,parent_const_art_52; parent_const_art_052,parent_const_art_052; parent_const_art_054; parent_const_art_055; parent_const_art_056; parent_const_art_063,1,1.0,1.0,1.0,1.0,0.5,0.5,1.0,0.8262,0.8262
RET_062,Exp 6: Full Pipeline (+ Cross-Encoder),In whom is the executive power of the Union vested under Article 53?,CONSTITUTIONAL_PROCEDURE,parent_const_art_053; parent_const_art_53,parent_const_art_053; parent_const_art_073; parent_const_art_154; parent_case_sc_chandra_kumar_1997,1,1.0,1.0,1.0,1.0,0.5,0.5,1.0,0.8262,0.8262
RET_063,Exp 6: Full Pipeline (+ Cross-Encoder),Explain the pardoning powers of the President under Article 72 including suspension or remission of sentence,CONSTITUTIONAL_PROCEDURE,parent_const_art_072; parent_const_art_72,parent_const_art_072; parent_const_art_161; parent_const_art_359; parent_const_art_123; parent_const_art_358,1,1.0,1.0,1.0,1.0,0.5,0.5,1.0,0.8262,0.8262
RET_064,Exp 6: Full Pipeline (+ Cross-Encoder),What role does the Council of Ministers play in aiding and advising the President under Article 74?,CONSTITUTIONAL_PROCEDURE,parent_const_art_074; parent_const_art_74,parent_const_art_074; parent_case_sc_samsher_singh_1974; parent_const_art_163; parent_const_art_072; parent_const_art_075,1,1.0,1.0,1.0,1.0,0.5,0.5,1.0,0.8262,0.8262
RET_065,Exp 6: Full Pipeline (+ Cross-Encoder),Explain the appointment and tenure of the Prime Minister and Ministers under Article 75,CONSTITUTIONAL_PROCEDURE,parent_const_art_075; parent_const_art_75,parent_const_art_075; parent_const_art_074; parent_const_art_078,1,1.0,1.0,1.0,1.0,0.5,0.5,1.0,0.8262,0.8262
RET_066,Exp 6: Full Pipeline (+ Cross-Encoder),What are the duties and qualifications of the Attorney-General for India under Article 76?,ARTICLE_LOOKUP,parent_const_art_076; parent_const_art_76,parent_const_art_076; parent_const_art_077; parent_const_art_051a; parent_const_art_078,1,1.0,1.0,1.0,1.0,0.5,0.5,1.0,0.8262,0.8262
RET_067,Exp 6: Full Pipeline (+ Cross-Encoder),How is the Supreme Court of India established and judges appointed under Article 124?,CONSTITUTIONAL_PROCEDURE,parent_const_art_124,parent_const_art_124; parent_case_sc_second_judges_1993; parent_case_sc_first_judges_1981; parent_case_sc_third_judges_1998; parent_const_art_144,1,1.0,1.0,1.0,1.0,1.0,1.0,1.0,1.0,1.0
RET_068,Exp 6: Full Pipeline (+ Cross-Encoder),Explain the status of the Supreme Court as a Court of Record and power to punish for contempt under Article 129,ARTICLE_LOOKUP,parent_const_art_129,parent_const_art_129; parent_const_art_215; parent_const_art_137; parent_const_art_124; parent_const_art_134,1,1.0,1.0,1.0,1.0,1.0,1.0,1.0,1.0,1.0
RET_069,Exp 6: Full Pipeline (+ Cross-Encoder),What is the original jurisdiction of the Supreme Court in federal disputes under Article 131?,CONSTITUTIONAL_PROCEDURE,parent_const_art_131,parent_const_art_131; parent_const_art_132; parent_const_art_133; parent_const_art_134,1,1.0,1.0,1.0,1.0,1.0,1.0,1.0,1.0,1.0
RET_070,Exp 6: Full Pipeline (+ Cross-Encoder),Explain the appellate jurisdiction of the Supreme Court in constitutional cases under Article 132,CONSTITUTIONAL_PROCEDURE,parent_const_art_132,parent_const_art_132; parent_const_art_133; parent_const_art_131; parent_const_art_134,1,1.0,1.0,1.0,1.0,1.0,1.0,1.0,1.0,1.0
RET_071,Exp 6: Full Pipeline (+ Cross-Encoder),What is Special Leave to Appeal under Article 136 and when can the Supreme Court exercise it?,CONSTITUTIONAL_PROCEDURE,parent_const_art_136,parent_const_art_136; parent_const_art_134; parent_const_art_133; parent_const_art_132; parent_const_art_142,1,1.0,1.0,1.0,1.0,1.0,1.0,1.0,1.0,1.0
RET_072,Exp 6: Full Pipeline (+ Cross-Encoder),What is the power of the Supreme Court to review its own judgments or orders under Article 137?,CONSTITUTIONAL_PROCEDURE,parent_const_art_137,parent_const_art_137; parent_const_art_143; parent_const_art_144; parent_const_art_142; parent_const_art_136,1,1.0,1.0,1.0,1.0,1.0,1.0,1.0,1.0,1.0
RET_073,Exp 6: Full Pipeline (+ Cross-Encoder),Explain the binding nature of law declared by the Supreme Court on all courts in India under Article 141,LEGAL_EXPLANATION,parent_const_art_141,parent_const_art_141; parent_const_art_142; parent_const_art_144; parent_const_art_143; parent_const_art_131,1,1.0,1.0,1.0,1.0,1.0,1.0,1.0,1.0,1.0
RET_074,Exp 6: Full Pipeline (+ Cross-Encoder),What is the plenary power of the Supreme Court to do complete justice under Article 142?,RIGHTS_QUERY,parent_const_art_142,parent_const_art_142; parent_const_art_143; parent_const_art_137; parent_case_sc_chandra_kumar_1997; parent_const_art_129,1,1.0,1.0,1.0,1.0,1.0,1.0,1.0,1.0,1.0
RET_075,Exp 6: Full Pipeline (+ Cross-Encoder),Explain the advisory jurisdiction of the Supreme Court upon reference by the President under Article 143,CONSTITUTIONAL_PROCEDURE,parent_const_art_143,parent_const_art_143; parent_case_sc_third_judges_1998; parent_const_art_145; parent_const_art_124; parent_const_art_131,1,1.0,1.0,1.0,1.0,1.0,1.0,1.0,1.0,1.0
RET_076,Exp 6: Full Pipeline (+ Cross-Encoder),What obligation does Article 144 impose on civil and judicial authorities to act in aid of the Supreme Court?,ARTICLE_LOOKUP,parent_const_art_144,parent_const_art_144; parent_const_art_133; parent_const_art_137; parent_const_art_142; parent_const_art_141,1,1.0,1.0,1.0,1.0,1.0,1.0,1.0,1.0,1.0
RET_077,Exp 6: Full Pipeline (+ Cross-Encoder),What does Article 214 provide regarding High Courts for each State?,ARTICLE_LOOKUP,parent_const_art_214,parent_const_art_214; parent_const_art_215; parent_const_art_227; parent_const_art_226,1,1.0,1.0,1.0,1.0,1.0,1.0,1.0,1.0,1.0
RET_078,Exp 6: Full Pipeline (+ Cross-Encoder),Explain the power of High Courts as Courts of Record with contempt powers under Article 215,ARTICLE_LOOKUP,parent_const_art_215,parent_const_art_215; parent_const_art_129; parent_const_art_226; parent_const_art_227,1,1.0,1.0,1.0,1.0,1.0,1.0,1.0,1.0,1.0
RET_079,Exp 6: Full Pipeline (+ Cross-Encoder),What is the writ jurisdiction of High Courts under Article 226 for enforcement of fundamental rights and other purposes?,RIGHTS_QUERY,parent_const_art_226,parent_const_art_226; parent_const_art_032; parent_case_sc_chandra_kumar_1997; parent_const_art_359; parent_const_art_227,1,1.0,1.0,1.0,1.0,1.0,1.0,1.0,1.0,1.0
RET_080,Exp 6: Full Pipeline (+ Cross-Encoder),Explain the power of superintendence of High Courts over all subordinate courts and tribunals under Article 227,CONSTITUTIONAL_PROCEDURE,parent_const_art_227,parent_const_art_227; parent_case_sc_chandra_kumar_1997; parent_const_art_226; parent_const_art_215,1,1.0,1.0,1.0,1.0,1.0,1.0,1.0,1.0,1.0
RET_081,Exp 6: Full Pipeline (+ Cross-Encoder),What are the legislative territorial powers of Parliament and State Legislatures under Article 245?,CONSTITUTIONAL_PROCEDURE,parent_const_art_245,parent_const_art_245; parent_const_art_248; parent_const_art_246; parent_const_art_105,1,1.0,1.0,1.0,1.0,1.0,1.0,1.0,1.0,1.0
RET_082,Exp 6: Full Pipeline (+ Cross-Encoder),"Explain the distribution of legislative powers between Union, State and Concurrent Lists under Article 246",CONSTITUTIONAL_PROCEDURE,parent_const_art_246,parent_const_art_246; parent_amend_101; parent_const_art_254; parent_const_art_248; parent_const_art_245,1,1.0,1.0,1.0,1.0,1.0,1.0,1.0,1.0,1.0
RET_083,Exp 6: Full Pipeline (+ Cross-Encoder),How does Article 254 resolve inconsistency and repugnancy between central laws and state laws?,LEGAL_EXPLANATION,parent_const_art_254,parent_const_art_254; parent_const_art_246; parent_const_art_245,1,1.0,1.0,1.0,1.0,1.0,1.0,1.0,1.0,1.0
RET_084,Exp 6: Full Pipeline (+ Cross-Encoder),Explain the constitutional right to property and guarantee against deprivation save by authority of law under Article 300A,RIGHTS_QUERY,parent_const_art_300a,parent_const_art_300a; parent_amend_044; parent_const_art_265; parent_const_art_019; parent_const_art_031c,1,1.0,1.0,1.0,1.0,1.0,1.0,1.0,1.0,1.0
RET_085,Exp 6: Full Pipeline (+ Cross-Encoder),What constitutional protections against arbitrary dismissal or reduction in rank are given to civil servants under Article 311?,RIGHTS_QUERY,parent_const_art_311,parent_const_art_309; parent_const_art_125; parent_const_art_022; parent_const_art_300a; parent_const_art_355,Not Found (>10),0.0,0.0,0.0,0.0,0.0,0.0,0.0,0.0,0.0
RET_086,Exp 6: Full Pipeline (+ Cross-Encoder),Explain the establishment and powers of administrative tribunals under Article 323A,CONSTITUTIONAL_PROCEDURE,parent_const_art_323a,parent_case_sc_chandra_kumar_1997; parent_const_art_227; parent_case_sc_mohinder_gill_1978; parent_const_art_226; parent_const_art_124,Not Found (>10),0.0,0.0,0.0,0.0,0.0,0.0,0.0,0.0,0.0
RET_087,Exp 6: Full Pipeline (+ Cross-Encoder),"What are the superintendence, direction and control powers of the Election Commission of India under Article 324?",CONSTITUTIONAL_PROCEDURE,parent_const_art_324,parent_const_art_324; parent_case_sc_mohinder_gill_1978; parent_const_art_227; parent_case_sc_adr_2002; parent_const_art_154,1,1.0,1.0,1.0,1.0,1.0,1.0,1.0,1.0,1.0
RET_088,Exp 6: Full Pipeline (+ Cross-Encoder),Explain adult suffrage as the basis of elections to the House of the People and Legislative Assemblies under Article 326,RIGHTS_QUERY,parent_const_art_326,parent_const_art_326; parent_amend_061; parent_const_art_081; parent_const_art_100; parent_const_art_324,1,1.0,1.0,1.0,1.0,1.0,1.0,1.0,1.0,1.0
RET_089,Exp 6: Full Pipeline (+ Cross-Encoder),What conditions justify the proclamation of National Emergency by the President under Article 352?,CONSTITUTIONAL_PROCEDURE,parent_const_art_352,parent_const_art_352; parent_const_art_360; parent_amend_044; parent_const_art_358; parent_const_art_359,1,1.0,1.0,1.0,1.0,1.0,1.0,1.0,1.0,1.0
RET_090,Exp 6: Full Pipeline (+ Cross-Encoder),Explain the effect of proclamation of emergency on Union and State relations under Article 353,CONSTITUTIONAL_PROCEDURE,parent_const_art_353,parent_const_art_352; parent_const_art_358; parent_const_art_355; parent_const_art_360; parent_const_art_359,Not Found (>10),0.0,0.0,0.0,0.0,0.0,0.0,0.0,0.0,0.0
RET_091,Exp 6: Full Pipeline (+ Cross-Encoder),What is the duty of the Union to protect States against external aggression and internal disturbance under Article 355?,CONSTITUTIONAL_PROCEDURE,parent_const_art_355,parent_const_art_355; parent_case_sc_sarbananda_sonowal_2005; parent_const_art_051a; parent_const_art_352; parent_const_art_358,1,1.0,1.0,1.0,1.0,1.0,1.0,1.0,1.0,1.0
RET_092,Exp 6: Full Pipeline (+ Cross-Encoder),Explain the imposition of President Rule in case of failure of constitutional machinery in States under Article 356,CONSTITUTIONAL_PROCEDURE,parent_const_art_356,parent_const_art_356; parent_case_bommai; parent_case_sc_sr_bommai_1994; parent_const_art_061; parent_const_art_123,1,1.0,1.0,1.0,1.0,1.0,1.0,1.0,1.0,1.0
RET_093,Exp 6: Full Pipeline (+ Cross-Encoder),How does proclamation of emergency suspend the provisions of Article 19 under Article 358?,RIGHTS_QUERY,parent_const_art_019; parent_const_art_19; parent_const_art_358,parent_const_art_358; parent_const_art_359; parent_amend_044; parent_const_art_352; parent_const_art_021,1,1.0,1.0,1.0,1.0,0.3333,0.3333,1.0,0.4693,0.4693
RET_094,Exp 6: Full Pipeline (+ Cross-Encoder),What is the power to suspend the enforcement of fundamental rights during emergencies under Article 359 and post-44th Amendment protections?,RIGHTS_QUERY,parent_const_art_359; parent_amend_044,parent_const_art_359; parent_const_art_021; parent_const_art_358; parent_amend_044; parent_const_art_352,1,1.0,1.0,1.0,1.0,1.0,1.0,1.0,0.8772,0.8772
RET_095,Exp 6: Full Pipeline (+ Cross-Encoder),Explain the provisions for proclamation of Financial Emergency under Article 360,CONSTITUTIONAL_PROCEDURE,parent_const_art_360,parent_const_art_360; parent_const_art_352; parent_const_art_358; parent_const_art_356; parent_const_art_355,1,1.0,1.0,1.0,1.0,1.0,1.0,1.0,1.0,1.0
RET_096,Exp 6: Full Pipeline (+ Cross-Encoder),What changes did the First Constitutional Amendment 1951 introduce regarding Article 19(2) and the Ninth Schedule?,AMENDMENT_QUERY,parent_amend_001,parent_amend_001; parent_case_sc_shankari_prasad_1951; parent_case_sc_ir_coelho_2007; parent_const_art_031b; parent_const_art_004,1,1.0,1.0,1.0,1.0,1.0,1.0,1.0,1.0,1.0
RET_097,Exp 6: Full Pipeline (+ Cross-Encoder),"Explain the reorganization of States and abolition of Part A, B, C categories under the 7th Amendment 1956",AMENDMENT_QUERY,parent_amend_007,parent_const_art_003; parent_amend_001; parent_const_art_031b; parent_amend_105; parent_const_art_002,Not Found (>10),0.0,0.0,0.0,0.0,0.0,0.0,0.0,0.0,0.0
RET_098,Exp 6: Full Pipeline (+ Cross-Encoder),How did the 24th Amendment 1971 affirm Parliament power to amend fundamental rights under Article 368?,AMENDMENT_QUERY,parent_const_art_368; parent_amend_024,parent_amend_024; parent_case_kesavananda; parent_case_sc_golak_nath_1967; parent_const_art_368; parent_case_minerva,1,1.0,1.0,1.0,1.0,1.0,1.0,1.0,0.9448,0.9448
RET_099,Exp 6: Full Pipeline (+ Cross-Encoder),Explain the insertion of Article 31C and restrictions on judicial review by the 25th Amendment 1971,AMENDMENT_QUERY,parent_amend_025,parent_const_art_031c; parent_amend_025; parent_const_art_031b; parent_amend_024; parent_amend_001,2,0.0,1.0,1.0,1.0,1.0,1.0,0.5,0.6309,0.6309
RET_100,Exp 6: Full Pipeline (+ Cross-Encoder),What were the sweeping changes introduced by the 42nd Amendment Act 1976 often called mini-constitution?,AMENDMENT_QUERY,parent_amend_042,parent_amend_042; parent_const_preamble; parent_const_art_039; parent_const_art_048a; parent_const_art_039a,1,1.0,1.0,1.0,1.0,1.0,1.0,1.0,1.0,1.0
RET_101,Exp 6: Full Pipeline (+ Cross-Encoder),"How did the 44th Amendment Act 1978 restore civil liberties, safeguard Article 21, and remove the right to property from Part III?",AMENDMENT_QUERY,parent_const_art_300a; parent_amend_044,parent_amend_044; parent_const_art_019; parent_const_art_020; parent_const_art_300a; parent_const_art_359,1,1.0,1.0,1.0,1.0,1.0,1.0,1.0,0.9448,0.9448
RET_102,Exp 6: Full Pipeline (+ Cross-Encoder),Explain the anti-defection law and Tenth Schedule added by the 52nd Amendment Act 1985,AMENDMENT_QUERY,parent_amend_052,parent_amend_052; parent_amend_091; parent_case_sc_kihoto_hollohan_1992; parent_amend_001; parent_const_art_102,1,1.0,1.0,1.0,1.0,1.0,1.0,1.0,1.0,1.0
RET_103,Exp 6: Full Pipeline (+ Cross-Encoder),What was the reduction of voting age from 21 to 18 years under the 61st Amendment Act 1988?,AMENDMENT_QUERY,parent_const_art_326; parent_amend_061,parent_amend_061; parent_const_art_326; parent_amend_086; parent_const_art_021a; parent_const_art_045,1,1.0,1.0,1.0,1.0,1.0,1.0,1.0,1.0,1.0
RET_104,Exp 6: Full Pipeline (+ Cross-Encoder),Explain the constitutional status granted to Panchayati Raj institutions under the 73rd Amendment Act 1992,AMENDMENT_QUERY,parent_amend_073,parent_amend_073; parent_amend_074; parent_const_art_040; parent_amend_102; parent_const_art_021a,1,1.0,1.0,1.0,1.0,1.0,1.0,1.0,1.0,1.0
RET_105,Exp 6: Full Pipeline (+ Cross-Encoder),What institutional framework was established for Urban Local Bodies under the 74th Amendment Act 1992?,AMENDMENT_QUERY,parent_amend_074,parent_amend_074; parent_amend_073; parent_const_art_040; parent_const_art_021a; parent_amend_101,1,1.0,1.0,1.0,1.0,1.0,1.0,1.0,1.0,1.0
RET_106,Exp 6: Full Pipeline (+ Cross-Encoder),Explain how the 86th Amendment Act 2002 made education a fundamental right under Article 21A,AMENDMENT_QUERY,parent_const_art_21a; parent_const_art_021a; parent_amend_086,parent_amend_086; parent_const_art_021a; parent_const_art_21A; parent_case_sc_unni_krishnan_1993; parent_case_sc_pramati_trust_2014,1,1.0,1.0,1.0,1.0,0.6667,0.6667,1.0,0.879,0.879
RET_107,Exp 6: Full Pipeline (+ Cross-Encoder),What ceiling on the size of the Council of Ministers to 15 percent was imposed by the 91st Amendment Act 2003?,AMENDMENT_QUERY,parent_const_art_075; parent_const_art_75; parent_amend_091,parent_amend_091; parent_const_art_075; parent_const_art_164; parent_const_art_074; parent_const_art_163,1,1.0,1.0,1.0,1.0,0.6667,0.6667,1.0,0.879,0.879
RET_108,Exp 6: Full Pipeline (+ Cross-Encoder),What did the 99th Constitutional Amendment create and why was the National Judicial Appointments Commission challenged?,AMENDMENT_QUERY,parent_const_art_124; parent_amend_099,parent_amend_099; parent_case_sc_fourth_judges_njac_2015; parent_const_art_124; parent_amend_102; parent_amend_091,1,1.0,1.0,1.0,1.0,1.0,1.0,1.0,0.9639,0.9639
RET_109,Exp 6: Full Pipeline (+ Cross-Encoder),Explain the Goods and Services Tax constitutional framework created under the 101st Amendment Act 2016,AMENDMENT_QUERY,parent_amend_101,parent_amend_101; parent_const_art_075; parent_amend_099; parent_amend_102; parent_amend_091,1,1.0,1.0,1.0,1.0,1.0,1.0,1.0,1.0,1.0
RET_110,Exp 6: Full Pipeline (+ Cross-Encoder),What constitutional status was conferred on the National Commission for Backward Classes by the 102nd Amendment Act 2018?,AMENDMENT_QUERY,parent_amend_102,parent_amend_102; parent_amend_105; parent_amend_073; parent_amend_074; parent_amend_099,1,1.0,1.0,1.0,1.0,1.0,1.0,1.0,1.0,1.0
RET_111,Exp 6: Full Pipeline (+ Cross-Encoder),Explain the 10 percent reservation for Economically Weaker Sections introduced by the 103rd Amendment Act 2019,AMENDMENT_QUERY,parent_const_art_15; parent_amend_103; parent_const_art_16; parent_const_art_015; parent_const_art_016,parent_amend_103; parent_case_sc_janhit_abhiyan_2022; parent_const_art_016; parent_const_art_015; parent_case_sc_pramati_trust_2014,1,1.0,1.0,1.0,1.0,0.6,0.6,1.0,0.7943,0.7943
RET_112,Exp 6: Full Pipeline (+ Cross-Encoder),What extensions for Scheduled Castes and Scheduled Tribes representation were made by the 104th Amendment Act 2020?,AMENDMENT_QUERY,parent_amend_104,parent_amend_104; parent_const_art_046; parent_const_art_016; parent_const_art_015; parent_amend_103,1,1.0,1.0,1.0,1.0,1.0,1.0,1.0,1.0,1.0
RET_113,Exp 6: Full Pipeline (+ Cross-Encoder),How did the 105th Amendment Act 2021 restore the power of State Governments to identify socially and educationally backward classes?,AMENDMENT_QUERY,parent_amend_105,parent_amend_105; parent_amend_102; parent_const_art_015; parent_const_art_021a; parent_amend_086,1,1.0,1.0,1.0,1.0,1.0,1.0,1.0,1.0,1.0
RET_114,Exp 6: Full Pipeline (+ Cross-Encoder),What did the Supreme Court rule in Shankari Prasad Singh Deo v Union of India regarding constitutional amendment validity?,CASE_LAW_QUERY,parent_const_art_368; parent_case_shankari; parent_case_sc_shankari_prasad_1951,parent_case_sc_shankari_prasad_1951; parent_case_sc_sajjan_singh_1965; parent_case_sc_chandra_kumar_1997; parent_case_sc_wb_v_uoi_1963; parent_case_sc_shreya_singhal_2015,1,1.0,1.0,1.0,1.0,0.3333,0.3333,1.0,0.7262,0.7262
RET_115,Exp 6: Full Pipeline (+ Cross-Encoder),Explain the decision in Sajjan Singh v State of Rajasthan on fundamental rights amendability,CASE_LAW_QUERY,parent_const_art_368; parent_case_sajjan; parent_case_sc_sajjan_singh_1965,parent_case_sc_sajjan_singh_1965; parent_case_sc_sukhdev_singh_1975; parent_case_sc_kharak_singh_1963; parent_case_sc_champakam_1951; parent_case_sc_vishaka_1997,1,1.0,1.0,1.0,1.0,0.3333,0.3333,1.0,0.7262,0.7262
RET_116,Exp 6: Full Pipeline (+ Cross-Encoder),What was held in IC Golak Nath v State of Punjab regarding Parliament inability to abridge Part III rights?,CASE_LAW_QUERY,parent_case_golak; parent_const_art_368; parent_const_art_013; parent_const_art_13; parent_case_sc_golak_nath_1967,parent_case_sc_golak_nath_1967; parent_amend_024; parent_case_sc_basheshar_nath_1959; parent_case_sc_kesavananda_1973; parent_case_sc_sajjan_singh_1965,1,1.0,1.0,1.0,1.0,0.2,0.2,1.0,0.6062,0.6062
RET_117,Exp 6: Full Pipeline (+ Cross-Encoder),Explain how Indira Nehru Gandhi v Raj Narain applied the basic structure doctrine to strike down the 39th Amendment,CASE_LAW_QUERY,parent_case_indira; parent_case_sc_indira_gandhi_1975,parent_case_sc_indira_gandhi_1975; parent_case_sc_kesavananda_1973; parent_const_art_013; parent_const_art_031c; parent_case_sc_waman_rao_1981,1,1.0,1.0,1.0,1.0,0.5,0.5,1.0,0.8262,0.8262
RET_118,Exp 6: Full Pipeline (+ Cross-Encoder),What was established in Waman Rao v Union of India regarding the cutoff date for Ninth Schedule immunity?,CASE_LAW_QUERY,parent_case_sc_waman_rao_1981; parent_case_waman,parent_case_sc_waman_rao_1981; parent_case_sc_shankari_prasad_1951; parent_case_sc_wb_v_uoi_1963; parent_case_sc_sita_soren_2024; parent_case_sc_madhav_rao_1971,1,1.0,1.0,1.0,1.0,0.5,0.5,1.0,0.8262,0.8262
RET_119,Exp 6: Full Pipeline (+ Cross-Encoder),Explain the 9-judge bench decision in IR Coelho v State of Tamil Nadu on judicial review of Ninth Schedule laws,CASE_LAW_QUERY,parent_case_ir; parent_case_sc_ir_coelho_2007,parent_const_art_031b; parent_case_sc_ir_coelho_2007; parent_case_sc_waman_rao_1981; parent_case_sc_shankari_prasad_1951; parent_case_sc_sajjan_singh_1965,2,0.0,1.0,1.0,1.0,0.5,0.5,0.5,0.5213,0.5213
RET_120,Exp 6: Full Pipeline (+ Cross-Encoder),What narrow interpretation of Article 21 and procedure established by law was adopted in AK Gopalan v State of Madras?,CASE_LAW_QUERY,parent_const_art_21; parent_case_sc_ak_gopalan_1950; parent_case_ak; parent_const_art_021,parent_case_sc_ak_gopalan_1950; parent_case_maneka; parent_const_art_21; parent_case_sc_maneka_gandhi_1978; parent_const_art_021,1,1.0,1.0,1.0,1.0,0.75,0.75,1.0,0.8521,0.8521
RET_121,Exp 6: Full Pipeline (+ Cross-Encoder),How did Kharak Singh v State of Uttar Pradesh examine police surveillance and personal liberty under Article 21?,CASE_LAW_QUERY,parent_case_sc_kharak_singh_1962; parent_const_art_21; parent_case_kharak; parent_const_art_021,parent_case_sc_kharak_singh_1963; parent_case_sc_puttaswamy_privacy_2017; parent_case_puttaswamy; parent_const_art_020; parent_case_sc_vishaka_1997,Not Found (>10),0.0,0.0,0.0,0.0,0.0,0.0,0.0,0.0,0.0
RET_122,Exp 6: Full Pipeline (+ Cross-Encoder),What prisoner rights against solitary confinement were recognized in Sunil Batra v Delhi Administration?,CASE_LAW_QUERY,parent_case_sc_sunil_batra_1978; parent_case_sunil; parent_const_art_21; parent_const_art_021,parent_case_sc_sunil_batra_1978; parent_case_sc_francis_coralie_1981; parent_case_sc_brij_bhushan_1950; parent_case_sc_nct_delhi_2018; parent_case_sc_mp_sharma_1954,1,1.0,1.0,1.0,1.0,0.25,0.25,1.0,0.6577,0.6577
RET_123,Exp 6: Full Pipeline (+ Cross-Encoder),Explain the expansion of right to livelihood under Article 21 in Olga Tellis v Bombay Municipal Corporation,CASE_LAW_QUERY,parent_case_olga; parent_const_art_21; parent_case_sc_olga_tellis_1985; parent_const_art_021,parent_case_sc_olga_tellis_1985; parent_const_art_021; parent_case_sc_pucl_food_2001; parent_case_sc_subhash_kumar_1991; parent_case_sc_unni_krishnan_1993,1,1.0,1.0,1.0,1.0,0.5,0.5,1.0,0.796,0.796
RET_124,Exp 6: Full Pipeline (+ Cross-Encoder),What did Francis Coralie Mullin hold regarding right to life with human dignity under Article 21?,CASE_LAW_QUERY,parent_case_francis; parent_const_art_21; parent_case_sc_francis_coralie_1981; parent_const_art_021,parent_case_sc_francis_coralie_1981; parent_const_art_021; parent_case_sc_common_cause_2018; parent_case_sc_jallikattu_2014; parent_case_sc_olga_tellis_1985,1,1.0,1.0,1.0,1.0,0.5,0.5,1.0,0.796,0.796
RET_125,Exp 6: Full Pipeline (+ Cross-Encoder),How did Bandhua Mukti Morcha v Union of India utilize public interest litigation to free bonded labourers?,CASE_LAW_QUERY,parent_case_sc_bandhua_mukti_1984; parent_const_art_021; parent_const_art_23; parent_const_art_023; parent_const_art_21; parent_case_bandhua,parent_case_sc_bandhua_mukti_1984; parent_case_sc_first_judges_1981; parent_case_sc_puttaswamy_aadhaar_2018; parent_case_sc_som_prakash_1981; parent_case_sc_sita_soren_2024,1,1.0,1.0,1.0,1.0,0.1667,0.1667,1.0,0.6062,0.5655
RET_126,Exp 6: Full Pipeline (+ Cross-Encoder),What guidelines on handcuffing and prisoner dignity were issued in Prem Shankar Shukla v Delhi Administration?,CASE_LAW_QUERY,parent_const_art_21; parent_case_prem; parent_const_art_021; parent_case_sc_prem_shankar_1980,parent_case_sc_sunil_batra_1978; parent_case_sc_francis_coralie_1981; parent_case_sc_adm_jabalpur_1976,Not Found (>10),0.0,0.0,0.0,0.0,0.0,0.0,0.0,0.0,0.0
RET_127,Exp 6: Full Pipeline (+ Cross-Encoder),What did the Supreme Court hold in State of Madras v Champakam Dorairajan regarding reservation and directive principles?,CASE_LAW_QUERY,parent_case_sc_champakam_dorairajan_1951; parent_const_art_15; parent_const_art_015; parent_case_champakam,parent_case_sc_champakam_1951; parent_const_art_031c; parent_const_art_015; parent_case_sc_pa_inamdar_2005; parent_case_sc_ak_gopalan_1950,3,0.0,1.0,1.0,1.0,0.25,0.25,0.3333,0.1096,0.1096
RET_128,Exp 6: Full Pipeline (+ Cross-Encoder),Explain the new doctrine of equality as an antithesis to arbitrariness articulated in EP Royappa v State of Tamil Nadu,CASE_LAW_QUERY,parent_case_ep; parent_case_sc_ep_royappa_1974; parent_const_art_14; parent_const_art_014,parent_case_sc_royappa_1974; parent_const_art_014; parent_case_sc_shayara_bano_2017; parent_case_sc_r_rajagopal_1994; parent_case_sc_ir_coelho_2007,2,0.0,1.0,1.0,1.0,0.25,0.5,0.5,0.1383,0.2114
RET_129,Exp 6: Full Pipeline (+ Cross-Encoder),"What were the major rulings in Indra Sawhney v Union of India regarding 27 percent OBC reservation, creamy layer, and 50 percent limit?",CASE_LAW_QUERY,parent_const_art_016; parent_case_indra; parent_const_art_16; parent_case_sc_indra_sawhney_1992,parent_case_sc_indra_sawhney_1992; parent_case_sc_janhit_abhiyan_2022; parent_case_sc_nagaraj_2006; parent_case_sc_jarnail_singh_2018,1,1.0,1.0,1.0,1.0,0.25,0.25,1.0,0.6577,0.6577
RET_130,Exp 6: Full Pipeline (+ Cross-Encoder),How did M Nagaraj v Union of India evaluate constitutional amendments regarding reservation in promotions for SC and ST?,CASE_LAW_QUERY,parent_case_sc_m_nagaraj_2006; parent_const_art_016; parent_const_art_16; parent_case_m,parent_case_sc_nagaraj_2006; parent_case_sc_janhit_abhiyan_2022; parent_case_sc_indra_sawhney_1992,Not Found (>10),0.0,0.0,0.0,0.0,0.0,0.0,0.0,0.0,0.0
RET_131,Exp 6: Full Pipeline (+ Cross-Encoder),What modifications to the quantifiable data requirement in SC/ST promotions were made in Jarnail Singh v Lachhmi Narain Gupta?,CASE_LAW_QUERY,parent_const_art_016; parent_case_jarnail; parent_const_art_16; parent_case_sc_jarnail_singh_2018,parent_case_sc_jarnail_singh_2018; parent_case_sc_nagaraj_2006; parent_amend_103; parent_const_art_016; parent_case_sc_first_judges_1981,1,1.0,1.0,1.0,1.0,0.5,0.5,1.0,0.7521,0.7521
RET_132,Exp 6: Full Pipeline (+ Cross-Encoder),Explain the constitutional validity of the 103rd Amendment EWS reservation upheld in Janhit Abhiyan v Union of India,CASE_LAW_QUERY,parent_case_janhit; parent_case_sc_janhit_abhiyan_2022; parent_amend_103,parent_case_sc_janhit_abhiyan_2022; parent_amend_103; parent_case_sc_nagaraj_2006; parent_case_sc_shankari_prasad_1951; parent_case_sc_indra_sawhney_1992,1,1.0,1.0,1.0,1.0,0.6667,0.6667,1.0,0.879,0.879
RET_133,Exp 6: Full Pipeline (+ Cross-Encoder),What test for reasonable restrictions on pre-censorship of press was established in Romesh Thappar v State of Madras?,CASE_LAW_QUERY,parent_case_sc_romesh_thappar_1950; parent_const_art_019; parent_const_art_19; parent_case_romesh,parent_case_sc_romesh_thappar_1950; parent_case_sc_brij_bhushan_1950; parent_case_sc_bennett_coleman_1973; parent_case_sc_ak_gopalan_1950; parent_case_sc_r_rajagopal_1994,1,1.0,1.0,1.0,1.0,0.25,0.25,1.0,0.6577,0.6577
RET_134,Exp 6: Full Pipeline (+ Cross-Encoder),Explain the ruling in Brij Bhushan v State of Delhi regarding freedom of speech and pre-censorship of periodicals,CASE_LAW_QUERY,parent_case_brij; parent_case_sc_brij_bhushan_1950; parent_const_art_19; parent_const_art_019,parent_case_sc_brij_bhushan_1950; parent_case_sc_ka_abbas_1971; parent_case_sc_r_rajagopal_1994; parent_case_sc_romesh_thappar_1950; parent_case_sc_sakal_papers_1962,1,1.0,1.0,1.0,1.0,0.25,0.25,1.0,0.6577,0.6577
RET_135,Exp 6: Full Pipeline (+ Cross-Encoder),What did Bennett Coleman v Union of India decide on newsprint quota restrictions infringing press freedom?,CASE_LAW_QUERY,parent_case_sc_bennett_coleman_1972; parent_const_art_019; parent_const_art_19; parent_case_bennett,parent_case_sc_bennett_coleman_1973; parent_case_sc_indian_express_1985; parent_case_sc_sakal_papers_1962; parent_const_art_019; parent_case_sc_pucl_phone_tapping_1997,4,0.0,0.0,1.0,1.0,0.25,0.25,0.25,0.0944,0.0944
RET_136,Exp 6: Full Pipeline (+ Cross-Encoder),Explain the invalidation of page price regulations on newspapers in Sakal Papers v Union of India,CASE_LAW_QUERY,parent_case_sc_sakal_papers_1962; parent_const_art_019; parent_case_sakal; parent_const_art_19,parent_case_sc_sakal_papers_1962; parent_case_sc_indian_express_1985; parent_case_sc_bennett_coleman_1973,1,1.0,1.0,1.0,1.0,0.25,0.25,1.0,0.6577,0.6577
RET_137,Exp 6: Full Pipeline (+ Cross-Encoder),What did the Supreme Court hold in Shreya Singhal v Union of India regarding vagueness and overbreadth in Section 66A IT Act?,CASE_LAW_QUERY,parent_const_art_019; parent_const_art_19; parent_case_sc_shreya_singhal_2015; parent_case_shreya,parent_case_sc_shreya_singhal_2015; parent_case_sc_puttaswamy_privacy_2017; parent_case_sc_navtej_johar_2018; parent_case_sc_shankari_prasad_1951; parent_case_sc_second_judges_1993,1,1.0,1.0,1.0,1.0,0.25,0.25,1.0,0.6577,0.6577
RET_138,Exp 6: Full Pipeline (+ Cross-Encoder),Explain the judgment in Anuradha Bhasin v Union of India regarding internet shutdowns and press freedom in Jammu & Kashmir,CASE_LAW_QUERY,parent_const_art_019; parent_case_anuradha; parent_const_art_19; parent_case_sc_anuradha_bhasin_2020,parent_case_sc_anuradha_bhasin_2020; parent_case_sc_shreya_singhal_2015; parent_case_sc_puttaswamy_privacy_2017; parent_const_art_019; parent_case_sc_puttaswamy_aadhaar_2018,1,1.0,1.0,1.0,1.0,0.5,0.5,1.0,0.7521,0.7521
RET_139,Exp 6: Full Pipeline (+ Cross-Encoder),What is the essential religious practices test formulated in Commissioner Hindu Religious Endowments Madras v Sri Lakshmindra Thirtha Swamiar Shirur Mutt?,CASE_LAW_QUERY,parent_const_art_026; parent_case_shirur; parent_const_art_26; parent_const_art_025; parent_case_sc_shirur_mutt_1954; parent_const_art_25,parent_case_sc_shirur_mutt_1954; parent_const_art_025; parent_case_sc_sabarimala_2018; parent_case_sc_shayara_bano_2017; parent_case_sc_champakam_1951,1,1.0,1.0,1.0,1.0,0.3333,0.3333,1.0,0.7337,0.6845
RET_140,Exp 6: Full Pipeline (+ Cross-Encoder),What did the Supreme Court decide in Dr M Ismail Faruqui v Union of India regarding state acquisition of places of worship and mosques?,CASE_LAW_QUERY,parent_case_ismail; parent_case_sc_ismail_faruqui_1994; parent_const_art_025; parent_const_art_25,parent_case_sc_wb_v_uoi_1963; parent_case_sc_syedna_taher_1962; parent_case_sc_puttaswamy_privacy_2017; parent_case_sc_second_judges_1993; parent_case_sc_taj_trapezium_1996,Not Found (>10),0.0,0.0,0.0,0.0,0.0,0.0,0.0,0.0,0.0
RET_141,Exp 6: Full Pipeline (+ Cross-Encoder),Explain the constitutional invalidation of instant triple talaq in Shayara Bano v Union of India,CASE_LAW_QUERY,parent_case_shayara; parent_case_sc_shayara_bano_2017; parent_const_art_14; parent_const_art_014,parent_case_sc_shayara_bano_2017; parent_case_sc_sarbananda_sonowal_2005; parent_case_sc_taj_trapezium_1996; parent_case_sc_shankari_prasad_1951; parent_case_sc_puttaswamy_aadhaar_2018,1,1.0,1.0,1.0,1.0,0.25,0.25,1.0,0.6577,0.6577
RET_142,Exp 6: Full Pipeline (+ Cross-Encoder),What was ruled in Indian Young Lawyers Association v State of Kerala regarding women entry into Sabarimala Temple?,CASE_LAW_QUERY,parent_case_sabarimala; parent_case_sc_sabarimala_2018; parent_const_art_014; parent_const_art_025; parent_const_art_14; parent_const_art_25,parent_case_sc_sabarimala_2018; parent_case_sc_kesavananda_1973; parent_case_kesavananda,1,1.0,1.0,1.0,1.0,0.1667,0.1667,1.0,0.6062,0.5655
RET_143,Exp 6: Full Pipeline (+ Cross-Encoder),How did Bijoe Emmanuel v State of Kerala protect Jehovah Witnesses students refusing to sing the National Anthem?,CASE_LAW_QUERY,parent_case_sc_bijoe_emmanuel_1986; parent_const_art_019; parent_const_art_19; parent_case_bijoe; parent_const_art_025; parent_const_art_25,parent_case_sc_bijoe_emmanuel_1986; parent_case_sc_kesavananda_1973; parent_case_sc_sabarimala_2018; parent_case_sc_kerala_education_1958,1,1.0,1.0,1.0,1.0,0.1667,0.1667,1.0,0.6062,0.5655
RET_144,Exp 6: Full Pipeline (+ Cross-Encoder),Explain the First Judges Case SP Gupta v Union of India regarding executive primacy in judicial appointments,CASE_LAW_QUERY,parent_const_art_124; parent_case_sp; parent_case_sc_sp_gupta_1981,parent_case_sc_first_judges_1981; parent_case_sc_second_judges_1993; parent_case_sc_nct_delhi_2018,Not Found (>10),0.0,0.0,0.0,0.0,0.0,0.0,0.0,0.0,0.0
RET_145,Exp 6: Full Pipeline (+ Cross-Encoder),How was the collegium system established in the Second Judges Case Supreme Court Advocates on Record Association 1993?,CASE_LAW_QUERY,parent_const_art_124; parent_case_sc_scara_second_judges_1993; parent_case_scara,parent_case_sc_second_judges_1993; parent_const_art_124; parent_case_sc_fourth_judges_njac_2015; parent_case_sc_third_judges_1998,2,0.0,1.0,1.0,1.0,0.3333,0.3333,0.5,0.1527,0.1527
RET_146,Exp 6: Full Pipeline (+ Cross-Encoder),Explain the advisory opinion in the Third Judges Case Special Reference 1 of 1998 on consultation procedures,CASE_LAW_QUERY,parent_const_art_124; parent_case_third; parent_const_art_143; parent_case_sc_third_judges_1998,parent_case_sc_third_judges_1998; parent_const_art_124; parent_case_sc_second_judges_1993; parent_const_art_143; parent_case_sc_first_judges_1981,1,1.0,1.0,1.0,1.0,0.75,0.75,1.0,0.8904,0.8904
RET_147,Exp 6: Full Pipeline (+ Cross-Encoder),Why did the Supreme Court strike down the National Judicial Appointments Commission in the Fourth Judges Case 2015?,CASE_LAW_QUERY,parent_const_art_124; parent_amend_099; parent_case_njac; parent_case_sc_njac_fourth_judges_2015,parent_amend_099; parent_const_art_124; parent_case_sc_fourth_judges_njac_2015; parent_case_sc_second_judges_1993; parent_case_sc_first_judges_1981,1,1.0,1.0,1.0,1.0,0.5,0.5,1.0,0.3575,0.3575
RET_148,Exp 6: Full Pipeline (+ Cross-Encoder),What was the ruling and famous dissent of Justice HR Khanna in ADM Jabalpur v Shivkant Shukla on habeas corpus during emergency?,CASE_LAW_QUERY,parent_const_art_359; parent_const_art_021; parent_case_adm; parent_case_sc_adm_jabalpur_1976; parent_const_art_21,parent_case_sc_adm_jabalpur_1976; parent_case_sc_puttaswamy_privacy_2017; parent_const_art_032; parent_case_sc_shreya_singhal_2015; parent_case_sc_shirur_mutt_1954,1,1.0,1.0,1.0,1.0,0.2,0.2,1.0,0.6062,0.6062
RET_149,Exp 6: Full Pipeline (+ Cross-Encoder),Explain the mandatory arrest and detention guidelines formulated in DK Basu v State of West Bengal to prevent custodial torture,CASE_LAW_QUERY,parent_case_sc_dk_basu_1997; parent_case_dk; parent_const_art_21; parent_const_art_021,parent_case_sc_dk_basu_1997; parent_const_art_022; parent_case_sc_subodh_gopal_1954; parent_case_sc_wb_v_uoi_1963,1,1.0,1.0,1.0,1.0,0.25,0.25,1.0,0.6577,0.6577
RET_150,Exp 6: Full Pipeline (+ Cross-Encoder),What binding workplace sexual harassment guidelines were laid down in Vishaka v State of Rajasthan?,CASE_LAW_QUERY,parent_const_art_019; parent_const_art_021; parent_const_art_19; parent_const_art_014; parent_case_vishaka; parent_const_art_21; parent_case_sc_vishaka_1997; parent_const_art_14,parent_case_sc_vishaka_1997; parent_case_sc_dk_basu_1997; parent_case_sc_sr_bommai_1994; parent_case_sc_sajjan_singh_1965; parent_const_art_022,1,1.0,1.0,1.0,1.0,0.125,0.125,1.0,0.6062,0.5039
RET_151,Exp 6: Full Pipeline (+ Cross-Encoder),How did Navtej Singh Johar v Union of India decriminalize consensual homosexual relations under Section 377 IPC?,CASE_LAW_QUERY,parent_const_art_15; parent_const_art_021; parent_case_sc_navtej_johar_2018; parent_const_art_014; parent_const_art_015; parent_const_art_21; parent_case_navtej; parent_const_art_14,parent_case_sc_navtej_johar_2018; parent_case_sc_joseph_shine_2018; parent_case_sc_shreya_singhal_2015,1,1.0,1.0,1.0,1.0,0.125,0.125,1.0,0.6062,0.5039
RET_152,Exp 6: Full Pipeline (+ Cross-Encoder),Explain the striking down of criminal adultery in Section 497 IPC as unconstitutional in Joseph Shine v Union of India,CASE_LAW_QUERY,parent_const_art_021; parent_case_joseph; parent_const_art_014; parent_case_sc_joseph_shine_2018; parent_const_art_21; parent_const_art_14,parent_case_sc_joseph_shine_2018; parent_case_sc_shreya_singhal_2015; parent_case_sc_navtej_johar_2018; parent_case_sc_shayara_bano_2017; parent_case_sc_bennett_coleman_1973,1,1.0,1.0,1.0,1.0,0.1667,0.1667,1.0,0.6062,0.5655
RET_153,Exp 6: Full Pipeline (+ Cross-Encoder),What was held in Common Cause A Registered Society v Union of India regarding passive euthanasia and living wills?,CASE_LAW_QUERY,parent_case_common; parent_const_art_21; parent_case_sc_common_cause_2018; parent_const_art_021,parent_case_sc_common_cause_2018; parent_case_sc_aruna_shanbaug_2011; parent_case_sc_sr_bommai_1994; parent_case_sc_vellore_citizens_1996; parent_case_sc_chandra_kumar_1997,1,1.0,1.0,1.0,1.0,0.25,0.25,1.0,0.6577,0.6577
RET_154,Exp 6: Full Pipeline (+ Cross-Encoder),Explain the landmark ruling on passive euthanasia and advance medical directives in Aruna Ramchandra Shanbaug v Union of India,CASE_LAW_QUERY,parent_case_sc_aruna_shanbaug_2011; parent_const_art_21; parent_case_aruna; parent_const_art_021,parent_case_sc_aruna_shanbaug_2011; parent_case_sc_common_cause_2018; parent_case_sc_mc_mehta_oleum_1987; parent_case_sc_maneka_gandhi_1978,1,1.0,1.0,1.0,1.0,0.25,0.25,1.0,0.6577,0.6577
RET_155,Exp 6: Full Pipeline (+ Cross-Encoder),What did Animal Welfare Board of India v A Nagaraja hold regarding prevention of animal cruelty in Jallikattu under Article 21?,CASE_LAW_QUERY,parent_case_sc_jallikattu_2014; parent_const_art_021; parent_const_art_51a; parent_const_art_051a; parent_case_jallikattu; parent_const_art_21,parent_case_sc_jallikattu_2014; parent_case_sc_francis_coralie_1981; parent_case_sc_vellore_citizens_1996; parent_case_sc_pucl_food_2001; parent_const_art_048,1,1.0,1.0,1.0,1.0,0.1667,0.1667,1.0,0.6062,0.5655
RET_156,Exp 6: Full Pipeline (+ Cross-Encoder),Explain the unconstitutionality of involuntary narco-analysis and brain mapping under Article 20(3) and 21 in Selvi v State of Karnataka,CASE_LAW_QUERY,parent_const_art_021; parent_const_art_20; parent_case_selvi; parent_const_art_21; parent_case_sc_selvi_2010; parent_const_art_020,parent_case_sc_selvi_2010; parent_const_art_020; parent_case_sc_tma_pai_2002; parent_case_sc_mp_sharma_1954; parent_case_sc_dk_basu_1997,1,1.0,1.0,1.0,1.0,0.3333,0.3333,1.0,0.7337,0.6845
RET_157,Exp 6: Full Pipeline (+ Cross-Encoder),What principles on governor pardoning power and judicial review were established in KM Nanavati v State of Bombay?,CASE_LAW_QUERY,parent_const_art_161; parent_case_sc_nanavati_1961; parent_case_nanavati; parent_const_art_142,parent_case_sc_fn_balsara_1951; parent_case_sc_behram_khurshid_1955; parent_case_sc_syedna_taher_1962; parent_const_art_161,4,0.0,0.0,1.0,1.0,0.25,0.25,0.25,0.0944,0.0944
RET_158,Exp 6: Full Pipeline (+ Cross-Encoder),How did Lily Thomas v Union of India strike down Section 8(4) RPA to disqualify convicted lawmakers immediately?,CASE_LAW_QUERY,parent_const_art_102; parent_const_art_191; parent_case_lily; parent_case_sc_lily_thomas_2013,parent_case_sc_lily_thomas_2013; parent_case_sc_minerva_mills_1980; parent_case_sc_joseph_shine_2018; parent_case_sc_shreya_singhal_2015; parent_case_sc_madhav_rao_1971,1,1.0,1.0,1.0,1.0,0.25,0.25,1.0,0.6577,0.6577
RET_159,Exp 6: Full Pipeline (+ Cross-Encoder),What voter right to candidate criminal antecedent disclosure was established in Association for Democratic Reforms ADR 2002?,CASE_LAW_QUERY,parent_const_art_019; parent_const_art_19; parent_case_adr; parent_case_sc_adr_voter_rights_2002,parent_case_sc_adr_2002; parent_case_sc_electoral_bonds_2024; parent_case_sc_pucl_nota_2013,Not Found (>10),0.0,0.0,0.0,0.0,0.0,0.0,0.0,0.0,0.0
RET_160,Exp 6: Full Pipeline (+ Cross-Encoder),Explain the introduction of the None of the Above NOTA option in ballot papers in PUCL v Union of India 2013,CASE_LAW_QUERY,parent_case_pucl; parent_const_art_019; parent_const_art_19; parent_case_sc_pucl_nota_2013,parent_case_sc_pucl_nota_2013; parent_case_sc_pucl_phone_tapping_1997; parent_case_sc_electoral_bonds_2024; parent_case_sc_adr_2002,1,1.0,1.0,1.0,1.0,0.25,0.25,1.0,0.6577,0.6577
RET_161,Exp 6: Full Pipeline (+ Cross-Encoder),What did Kihoto Hollohan v Zachillhu hold regarding the Speaker powers under Tenth Schedule and judicial review?,CASE_LAW_QUERY,parent_case_sc_kihoto_hollohan_1992; parent_amend_052; parent_case_kihoto,parent_case_sc_kihoto_hollohan_1992; parent_case_sc_ir_coelho_2007; parent_const_art_031b; parent_amend_052; parent_amend_091,1,1.0,1.0,1.0,1.0,0.6667,0.6667,1.0,0.8305,0.8305
RET_162,Exp 6: Full Pipeline (+ Cross-Encoder),Explain the restoration of the elected government in Arunachal Pradesh and Governor power limits in Nabam Rebia 2016,CASE_LAW_QUERY,parent_case_sc_nabam_rebia_2016; parent_case_nabam; parent_const_art_174; parent_const_art_163,parent_case_sc_nct_delhi_2018; parent_case_sc_article_370_2023; parent_case_sc_punjab_governor_2023; parent_case_sc_fourth_judges_njac_2015; parent_const_art_154,Not Found (>10),0.0,0.0,0.0,0.0,0.0,0.0,0.0,0.0,0.0
RET_163,Exp 6: Full Pipeline (+ Cross-Encoder),What guidelines on Governor discretionary powers during floor tests were established in Subhash Desai v Principal Secretary Maharashtra 2023?,CASE_LAW_QUERY,parent_case_subhash; parent_const_art_163; parent_case_sc_subhash_desai_2023,parent_case_sc_punjab_governor_2023; parent_const_art_200; parent_case_bommai; parent_case_sc_rameshwar_prasad_2006; parent_const_art_213,6,0.0,0.0,0.0,1.0,0.0,0.3333,0.1667,0.0,0.0862
RET_164,Exp 6: Full Pipeline (+ Cross-Encoder),How did Government of NCT of Delhi v Union of India 2018 interpret the constitutional status and powers of the elected Delhi Government?,CASE_LAW_QUERY,parent_case_nct; parent_case_sc_nct_delhi_2018; parent_const_art_239aa,parent_case_sc_nct_delhi_2018; parent_case_sc_brij_bhushan_1950; parent_const_art_073; parent_const_art_077; parent_const_art_055,1,1.0,1.0,1.0,1.0,0.3333,0.3333,1.0,0.7262,0.7262
RET_165,Exp 6: Full Pipeline (+ Cross-Encoder),What did State of Rajasthan v Union of India 1977 establish on judicial review of President Rule proclamations under Article 356?,CASE_LAW_QUERY,parent_case_state; parent_const_art_356; parent_case_sc_state_of_rajasthan_1977,parent_const_art_356; parent_case_sc_sr_bommai_1994; parent_case_bommai; parent_case_sc_chandra_kumar_1997; parent_case_sc_sajjan_singh_1965,1,1.0,1.0,1.0,1.0,0.3333,0.3333,1.0,0.2421,0.2421
RET_166,Exp 6: Full Pipeline (+ Cross-Encoder),"How do Articles 14, 19, and 21 interact with Kesavananda Bharati to safeguard fundamental rights against amendment?",MULTI_DOCUMENT_QUERY,parent_const_art_019; parent_case_sc_kesavananda_1973; parent_const_art_021; parent_const_art_19; parent_case_kesavananda; parent_const_art_014; parent_const_art_21; parent_const_art_14,parent_const_art_013; parent_case_sc_ir_coelho_2007; parent_const_art_037; parent_case_kesavananda; parent_case_sc_kesavananda_1973,4,0.0,0.0,1.0,1.0,0.25,0.5,0.25,0.3216,0.3763
RET_167,Exp 6: Full Pipeline (+ Cross-Encoder),Compare the scope of judicial review in Article 32 writ petitions before the Supreme Court and Article 226 before High Courts,CASE_COMPARISON,parent_const_art_32; parent_const_art_032; parent_const_art_226,parent_const_art_226; parent_case_sc_chandra_kumar_1997; parent_const_art_032; parent_const_art_137; parent_const_art_133,1,1.0,1.0,1.0,1.0,0.6667,0.6667,1.0,0.6052,0.6052
RET_168,Exp 6: Full Pipeline (+ Cross-Encoder),How did the 42nd Amendment attempt to prioritize Directive Principles over Fundamental Rights and how did Minerva Mills strike it down?,MULTI_DOCUMENT_QUERY,parent_case_minerva; parent_const_art_368; parent_amend_042; parent_case_sc_minerva_mills_1980,parent_const_art_031c; parent_case_sc_minerva_mills_1980; parent_amend_042; parent_case_minerva; parent_case_sc_champakam_1951,2,0.0,1.0,1.0,1.0,0.75,0.75,0.5,0.5616,0.5616
RET_169,Exp 6: Full Pipeline (+ Cross-Encoder),Explain the evolution of right to education from Mohini Jain and Unni Krishnan to the 86th Amendment and Article 21A,MULTI_DOCUMENT_QUERY,parent_const_art_21a; parent_const_art_021a; parent_amend_086; parent_case_puttaswamy; parent_case_sc_puttaswamy_privacy_2017,parent_const_art_021a; parent_case_sc_unni_krishnan_1993; parent_amend_086; parent_const_art_21A,1,1.0,1.0,1.0,1.0,0.4,0.4,1.0,0.5052,0.5052
RET_170,Exp 6: Full Pipeline (+ Cross-Encoder),Compare the constitutional tests for creamy layer exclusion in Indra Sawhney with the quantifiable backwardness requirements in M Nagaraj,CASE_COMPARISON,parent_case_sc_indra_sawhney_1992; parent_case_indra; parent_case_sc_m_nagaraj_2006; parent_case_m; parent_const_art_16; parent_const_art_016,parent_case_sc_indra_sawhney_1992; parent_case_sc_jarnail_singh_2018; parent_case_sc_nagaraj_2006; parent_const_art_016,1,1.0,1.0,1.0,1.0,0.3333,0.3333,1.0,0.6933,0.6467
RET_171,Exp 6: Full Pipeline (+ Cross-Encoder),What constitutional principles govern federalism and legislative competence under Article 246 and the Seventh Schedule lists?,LEGAL_EXPLANATION,parent_case_sr; parent_const_art_246; parent_case_sc_sr_bommai_1994,parent_const_art_246; parent_amend_101; parent_case_sc_wb_v_uoi_1963; parent_const_art_368; parent_case_sc_sr_bommai_1994,1,1.0,1.0,1.0,1.0,0.6667,0.6667,1.0,0.6508,0.6508
RET_172,Exp 6: Full Pipeline (+ Cross-Encoder),How did the Puttaswamy privacy judgment overrule MP Sharma 1954 and Kharak Singh 1962?,PRECEDENT_QUERY,parent_const_art_021; parent_case_sc_kharak_singh_1962; parent_const_art_21; parent_case_kharak; parent_case_puttaswamy; parent_case_sc_puttaswamy_privacy_2017,parent_case_sc_puttaswamy_privacy_2017; parent_case_sc_mp_sharma_1954; parent_case_puttaswamy; parent_case_sc_kharak_singh_1963,1,1.0,1.0,1.0,1.0,0.3333,0.3333,1.0,0.7073,0.6598
RET_173,Exp 6: Full Pipeline (+ Cross-Encoder),Explain the three-pronged proportionality test for State limitations on fundamental rights under Article 21 formulated in Puttaswamy,LEGAL_EXPLANATION,parent_const_art_21; parent_case_puttaswamy; parent_case_sc_puttaswamy_privacy_2017; parent_const_art_021,parent_case_sc_puttaswamy_privacy_2017; parent_const_art_021; parent_case_sc_puttaswamy_aadhaar_2018; parent_const_art_012; parent_case_puttaswamy,1,1.0,1.0,1.0,1.0,0.75,0.75,1.0,0.8808,0.8808
RET_174,Exp 6: Full Pipeline (+ Cross-Encoder),How did Maneka Gandhi overrule the strict literal interpretation of personal liberty established in AK Gopalan?,PRECEDENT_QUERY,parent_case_sc_maneka_gandhi_1978; parent_const_art_021; parent_case_ak; parent_case_maneka; parent_case_sc_ak_gopalan_1950; parent_const_art_21,parent_case_sc_maneka_gandhi_1978; parent_case_maneka; parent_const_art_021; parent_case_sc_ak_gopalan_1950; parent_const_art_21,1,1.0,1.0,1.0,1.0,0.8333,0.8333,1.0,1.0,0.9329
RET_175,Exp 6: Full Pipeline (+ Cross-Encoder),What constitutional checks exist against arbitrary proclamation of emergency under Article 352 after the 44th Amendment?,CONSTITUTIONAL_PROCEDURE,parent_const_art_352; parent_amend_044,parent_const_art_352; parent_const_art_020; parent_amend_044; parent_const_art_021; parent_const_art_359,1,1.0,1.0,1.0,1.0,1.0,1.0,1.0,0.9197,0.9197
RET_176,Exp 6: Full Pipeline (+ Cross-Encoder),Explain how the Supreme Court used Article 142 complete justice power in the Union Carbide Bhopal Gas tragedy settlement,LEGAL_EXPLANATION,parent_const_art_142,parent_const_art_142; parent_case_sc_mc_mehta_oleum_1987; parent_case_sc_taj_trapezium_1996; parent_const_art_143; parent_const_art_134,1,1.0,1.0,1.0,1.0,1.0,1.0,1.0,1.0,1.0
RET_177,Exp 6: Full Pipeline (+ Cross-Encoder),What are the constitutional requirements for a Money Bill under Article 110 and judicial review of Speaker certification?,CONSTITUTIONAL_PROCEDURE,parent_case_puttaswamy; parent_case_sc_puttaswamy_privacy_2017; parent_const_art_110,parent_const_art_110; parent_case_sc_puttaswamy_aadhaar_2018; parent_case_sc_sr_bommai_1994; parent_case_sc_kihoto_hollohan_1992; parent_const_art_356,1,1.0,1.0,1.0,1.0,0.3333,0.3333,1.0,0.4693,0.4693
RET_178,Exp 6: Full Pipeline (+ Cross-Encoder),Compare the judicial appointment mechanisms under the collegium system and the invalidated NJAC Act under Article 124,CASE_COMPARISON,parent_case_njac; parent_const_art_124; parent_case_scara; parent_case_sc_njac_fourth_judges_2015; parent_case_sc_scara_second_judges_1993,parent_amend_099; parent_const_art_124; parent_case_sc_fourth_judges_njac_2015; parent_const_art_217; parent_case_sc_second_judges_1993,2,0.0,1.0,1.0,1.0,0.2,0.2,0.5,0.1275,0.1275
RET_179,Exp 6: Full Pipeline (+ Cross-Encoder),"How does the doctrine of basic structure protect secularism, democracy, judicial review, and rule of law?",LEGAL_EXPLANATION,parent_case_minerva; parent_case_sc_kesavananda_1973; parent_case_sr; parent_case_sc_sr_bommai_1994; parent_case_kesavananda; parent_case_sc_minerva_mills_1980,parent_case_sc_indira_gandhi_1975; parent_case_kesavananda; parent_case_bommai; parent_const_art_356; parent_case_sc_sr_bommai_1994,2,0.0,1.0,1.0,1.0,0.3333,0.5,0.5,0.2057,0.3804
RET_180,Exp 6: Full Pipeline (+ Cross-Encoder),What role does the Preamble play in interpreting ambiguous constitutional provisions according to Kesavananda Bharati?,LEGAL_EXPLANATION,parent_case_kesavananda; parent_const_preamble; parent_case_sc_kesavananda_1973,parent_const_preamble; parent_case_sc_kesavananda_1973; parent_const_art_368; parent_const_art_037; parent_case_sc_berubari_1960,1,1.0,1.0,1.0,1.0,0.6667,0.6667,1.0,0.879,0.879
RET_181,Exp 6: Full Pipeline (+ Cross-Encoder),"Explain the scope of freedom of trade, commerce and intercourse throughout India under Article 301",ARTICLE_LOOKUP,parent_const_art_301,parent_const_art_301; parent_const_art_019; parent_case_sc_anuradha_bhasin_2020; parent_case_sc_pucl_phone_tapping_1997; parent_const_art_19,1,1.0,1.0,1.0,1.0,1.0,1.0,1.0,1.0,1.0
RET_182,Exp 6: Full Pipeline (+ Cross-Encoder),What restrictions on freedom of trade and commerce can be imposed by Parliament and State legislatures under Articles 302 to 304?,CONSTITUTIONAL_PROCEDURE,parent_const_art_304; parent_const_art_302,parent_const_art_301; parent_const_art_019; parent_const_art_245; parent_case_sc_bennett_coleman_1973; parent_case_sc_anuradha_bhasin_2020,Not Found (>10),0.0,0.0,0.0,0.0,0.0,0.0,0.0,0.0,0.0
RET_183,Exp 6: Full Pipeline (+ Cross-Encoder),How does the Finance Commission function and make recommendations on tax devolution under Article 280?,CONSTITUTIONAL_PROCEDURE,parent_const_art_280,parent_amend_101; parent_const_art_265; parent_const_art_114; parent_const_art_112; parent_amend_102,Not Found (>10),0.0,0.0,0.0,0.0,0.0,0.0,0.0,0.0,0.0
RET_184,Exp 6: Full Pipeline (+ Cross-Encoder),Explain the duties of the Comptroller and Auditor-General of India regarding public accounts audits under Article 148 and 149,CONSTITUTIONAL_PROCEDURE,parent_const_art_148,parent_const_art_076; parent_const_art_051a; parent_const_art_077; parent_const_art_355; parent_const_art_047,Not Found (>10),0.0,0.0,0.0,0.0,0.0,0.0,0.0,0.0,0.0
RET_185,Exp 6: Full Pipeline (+ Cross-Encoder),What are the rules governing the Consolidated Fund of India and Contingency Fund under Articles 266 and 267?,CONSTITUTIONAL_PROCEDURE,parent_const_art_266; parent_const_art_267,parent_const_art_114; parent_const_art_110; parent_const_art_077; parent_const_art_145; parent_const_art_125,Not Found (>10),0.0,0.0,0.0,0.0,0.0,0.0,0.0,0.0,0.0
RET_186,Exp 6: Full Pipeline (+ Cross-Encoder),Explain the powers and privileges of Parliament and its members and committees under Article 105,CONSTITUTIONAL_PROCEDURE,parent_const_art_105,parent_const_art_105; parent_const_art_033; parent_const_art_248; parent_const_art_246; parent_const_art_368,1,1.0,1.0,1.0,1.0,1.0,1.0,1.0,1.0,1.0
RET_187,Exp 6: Full Pipeline (+ Cross-Encoder),"What are the powers, privileges and immunities of State Legislative Assemblies and their members under Article 194?",CONSTITUTIONAL_PROCEDURE,parent_const_art_194,parent_const_art_105; parent_const_art_246; parent_const_art_245; parent_const_art_248; parent_const_art_154,Not Found (>10),0.0,0.0,0.0,0.0,0.0,0.0,0.0,0.0,0.0
RET_188,Exp 6: Full Pipeline (+ Cross-Encoder),Explain the constitutional procedure for impeachment and removal of the President of India under Article 61,CONSTITUTIONAL_PROCEDURE,parent_const_art_61; parent_const_art_061,parent_const_art_061; parent_const_art_063; parent_const_art_056; parent_const_art_054; parent_const_art_055,1,1.0,1.0,1.0,1.0,0.5,0.5,1.0,0.8262,0.8262
RET_189,Exp 6: Full Pipeline (+ Cross-Encoder),What is the procedure for removal of a Supreme Court judge on grounds of proved misbehaviour or incapacity under Article 124(4)?,CONSTITUTIONAL_PROCEDURE,parent_const_art_124,parent_const_art_124; parent_case_sc_second_judges_1993; parent_const_art_145; parent_const_art_136; parent_const_art_129,1,1.0,1.0,1.0,1.0,1.0,1.0,1.0,1.0,1.0
RET_190,Exp 6: Full Pipeline (+ Cross-Encoder),How does Article 312 govern the creation of All-India Services by the Council of States Rajya Sabha?,CONSTITUTIONAL_PROCEDURE,parent_const_art_312,parent_const_art_080; parent_const_art_309; parent_const_art_079; parent_const_art_326; parent_const_art_063,Not Found (>10),0.0,0.0,0.0,0.0,0.0,0.0,0.0,0.0,0.0
RET_191,Exp 6: Full Pipeline (+ Cross-Encoder),Explain the functions of the Union Public Service Commission and State PSCs under Article 320,CONSTITUTIONAL_PROCEDURE,parent_const_art_320,parent_const_art_355; parent_const_art_309; parent_const_art_073; parent_case_sc_nagaraj_2006; parent_const_art_324,Not Found (>10),0.0,0.0,0.0,0.0,0.0,0.0,0.0,0.0,0.0
RET_192,Exp 6: Full Pipeline (+ Cross-Encoder),What is the constitutional provision for the Special Officer for Linguistic Minorities under Article 350B?,ARTICLE_LOOKUP,parent_const_art_350b,parent_const_art_029; parent_const_art_030; parent_const_art_015; parent_const_art_371,Not Found (>10),0.0,0.0,0.0,0.0,0.0,0.0,0.0,0.0,0.0
RET_193,Exp 6: Full Pipeline (+ Cross-Encoder),Explain the official language of the Union and devanagari script provisions under Article 343,ARTICLE_LOOKUP,parent_const_art_343,parent_const_art_355; parent_const_art_001; parent_const_art_053; parent_const_art_073; parent_amend_105,Not Found (>10),0.0,0.0,0.0,0.0,0.0,0.0,0.0,0.0,0.0
RET_194,Exp 6: Full Pipeline (+ Cross-Encoder),What language is mandated for proceedings in the Supreme Court and High Courts under Article 348?,CONSTITUTIONAL_PROCEDURE,parent_const_art_348,parent_const_art_133; parent_const_art_132; parent_case_sc_chandra_kumar_1997; parent_const_art_215; parent_const_art_227,Not Found (>10),0.0,0.0,0.0,0.0,0.0,0.0,0.0,0.0,0.0
RET_195,Exp 6: Full Pipeline (+ Cross-Encoder),Explain the duty of the Union to promote the spread of the Hindi language under Article 351,ARTICLE_LOOKUP,parent_const_art_351,parent_const_art_355; parent_const_art_051a; parent_const_art_078; parent_const_art_073; parent_const_art_053,Not Found (>10),0.0,0.0,0.0,0.0,0.0,0.0,0.0,0.0,0.0
RET_196,Exp 6: Full Pipeline (+ Cross-Encoder),What are the residuary legislative powers of Parliament under Article 248?,CONSTITUTIONAL_PROCEDURE,parent_const_art_248,parent_const_art_248; parent_const_art_245; parent_const_art_246; parent_const_art_105,1,1.0,1.0,1.0,1.0,1.0,1.0,1.0,1.0,1.0
RET_197,Exp 6: Full Pipeline (+ Cross-Encoder),How can Parliament legislate on State List matters in national interest under Article 249 with Rajya Sabha resolution?,CONSTITUTIONAL_PROCEDURE,parent_const_art_249,parent_const_art_246; parent_const_art_248; parent_const_art_254; parent_const_art_245; parent_const_art_079,Not Found (>10),0.0,0.0,0.0,0.0,0.0,0.0,0.0,0.0,0.0
RET_198,Exp 6: Full Pipeline (+ Cross-Encoder),Explain the power of Parliament to legislate for two or more States by consent under Article 252,CONSTITUTIONAL_PROCEDURE,parent_const_art_252,parent_const_art_254; parent_const_art_246; parent_const_art_248; parent_const_art_245; parent_const_art_368,Not Found (>10),0.0,0.0,0.0,0.0,0.0,0.0,0.0,0.0,0.0
RET_199,Exp 6: Full Pipeline (+ Cross-Encoder),What power does Parliament have to make laws implementing international treaties and conventions under Article 253?,CONSTITUTIONAL_PROCEDURE,parent_const_art_253,parent_const_art_246; parent_const_art_248; parent_const_art_035; parent_const_art_254; parent_const_art_245,Not Found (>10),0.0,0.0,0.0,0.0,0.0,0.0,0.0,0.0,0.0
RET_200,Exp 6: Full Pipeline (+ Cross-Encoder),Explain the constitutional guarantee and jurisdiction regarding suits against the Government under Article 300,ARTICLE_LOOKUP,parent_const_art_300,parent_const_art_300a; parent_const_art_131; parent_case_sc_mp_sharma_1954; parent_const_art_226; parent_const_art_355,Not Found (>10),0.0,0.0,0.0,0.0,0.0,0.0,0.0,0.0,0.0
